texte_clean,categorie,priorite
frais double venir carte chomage original suivre etape rapporter carte annulation charge frauduleux soumettre documentation charg frauduleux demander nouveau carte emise presque semaine contacter service client attendre min heure deconnecter vouloir acceder allocation chomage,erreur_administrative,moyenne
contacter reprise entreprise exiger paiement incorrect soumettre ecriture contester montant entreprise ete poursuivre reprise surcharge client faux publicite facturation incorrect alertee reprise alerte placee recours collectif entreprise proce courant fiance decede besoin reparer creancier credit resoudre probleme aimer supprimer rapport credit raison frais surfacture incorrect harcelement information preuve joindre,erreur_administrative,elevee
depose litige poursuite visa charge compte charge billet avion prevu recu avis vol annuler remboursement bon offrir vol annuler remboursement complet carte debit autorisee loi loi credit facturation loi chass visa demande information supplementaire litige fournir copie mail indiquer vol annuler copie tentativ contact remboursement chronologie communication air clairement indique resume noter annulation vol repondu litige annuler preuve vol donne declaration billet eligibl remboursement poursuite convenir charge valable preuve ecrite annuler vol conclusion fournir information mail montrer annulation vol poursuite visa repondu mai valide plainte marchand resultat examen supplementair confirmer transaction valide erreur facturation produire contacter chasse visa litige departement erreur agent facturation declare commercant evalue litige erreur facturation effectuer litige service contractuel declare rien frais demande pouvoir soumettre donnee,erreur_administrative,moyenne
soumettre plainte credit extremement affecter service gestion ncb completement injuste obtenir portail vouloir express subir gros impact pointage credit vecu pire periode situation vie entreprendre rapporter information faux compte echoue marqu compte conteste signaler erreur facturation charte internet creancier origine pratique commercial deloyal information compte ncb management service inc date solde original nom creancier californie demande dommage violation commettre violation violation californi xxxxxxxx rapport echec premier date delinquance violation excessif appel californie protection consommateur acte echec valider compte produire detail instrument dette violation ccra trompeur pratique commercial negligence facturer interet deraisonnable ensemble decision cour suprem californie societe entreprendre enregistree recherche californi pennsylvani vouloir article retirer rapport credit vouloir voir documentation joindre societe remercier,erreur_administrative,moyenne
transaction credit consommation entree service financier toyota transaction credit consommation inclus frais financier conformement somme frais financement transaction credit consommation service financier toyota prendre paiement vehicule annoncer violation paiement conformement service financier toyota jamais divulguer option option transaction signale service financier toyota transaction signale violation agence information consommateur transaction survenir carte credit suppose exclure rapport consommateur long appel telephonique errone erreur facturation lexu bien violation collecteur dette communiquer connexion consommateur recouvrement dette envoye lettre certifiee agence information consommateur service financier toyota carte signature vert,erreur_administrative,moyenne
salut equipe recu mail matelas ferme respect compte carte credit synchronisation curieusement compte ferme capable placer frais substantiel autorisation tri implication fin merveill impacte commun question securite charg entreprise compte ferme appele confirmer courrier electroniqu valide spam enquetant mail bonjour recemment rencontre probleme systeme entraine charge inadvertance erreur compte financier synchronisation signale equipe travail synchronisation charge inverse erreur produire systeme back end aucun magasin effectuer achat original service client enregistremer charge double capable aider corriger erreur pler savoir travailler correctement envoyer mail synchronisation confirme charge inverse excuser erreur cause inconvenient matelas service client ferme,erreur_administrative,moyenne
contacter rayon solution global probleme compte recouvrement medical facturation assurance pouvoir obtenir probleme correct supprimer solde fermer compte envoye mail preuve facture ajustee origine envoye courrier electroniqu contacter agence recouvrement supprimer rapport credit dette contact rayon global rayon superviseur appeler obtenir chose fax mettre jour compte contacter representer informe compte atteindre gestionnaire autoriser ajuster compte bien representant envoyer chose rayon global obtenir dette supprime envoye mail chose montrer compte mettre jour refleter appele rayon transmettre obtenir superviseur expliquer essayer obtenir pret hypothecair necessair supprimer immediatement rayon representer precedent compte verifie rappele verifie rappele supprimer rapport credit demande continuer signaler erreur facturation collecte declar vouloir desinformer dire chose mal declare normalement recevoir appel demander trouver dur croire recherche rappeler lundi,erreur_administrative,critique
ensemble achete table chevet prix entreprise table nuit cout fabrication ensemble carte visa costco facturee fois continuer reclamer commercant refuser emettre credit double charge mail societe dire charge viser refuser ecouter ferme litige faveur moyen empocher marchand payer carte credit jour appele visa temps temp suspendre reclamer entendre costco visa historique double charge compte tomber malade fatigue autoritaire vouloir fermer carte resolu rapport agence information consommateur remercier aider fournir,erreur_administrative,moyenne
soumettre plainte extremement affecter action gestion credit completement injuste obtenir portail vouloir express subir gros impact pointage credit vecu pire periode situation vie entreprendre rapporter information erronee compte echoue marqu compte conteste signaler erreur facturation charte internet creancier origine pratique commercial deloyal information compte nom compte gestion credit inc numero compte creancier origine date ouverture solde eleve base demande dommage violation commettre vouloir article retirer rapport credit pler sed documentation joindre societe,erreur_administrative,moyenne
voir date reclamation fraude piece joindre etat uni enqueter jour loi donner banque resoudre fraude suivre etat uni voir declaration joindre commencer enquete fraude credit fournir faire enquete permanent fournir voir declaration joindre transaction frais double total total frais double etat uni enqueter fraude signale etat uni fournir credit etat uni enqueter transaction double publiee etat uni,erreur_administrative,moyenne
cher agent propriet finance origine pret bancaire hsbc modifier banque pret recemment refinance frais errone compte publier hsbc capable recuperer premiere charge injustifie releve hypothecaire mensuel declare refinancement deuxiem charge revele veille date cloture refinancement xxxxxxx solde recuperabl attachexxxx emprunteur estimatif releve reglement fermer refinancement perdre taux refinancement favorable bien avance evaluation payee hsbc declare frais encourir raison modification pret expliquer divulguer accord modification pret hsbc clairement indique montant impay modification pret additionne inclure final modifier montant pret accord modification pret surlign jaune explication accord modification prouver hsbc supprimer premier frais double lettre hsbc bientot pret refinance hsbc repondu remboursant deuxieme frais injustifier activement poursuivre resoudre probleme amiable hsbc client deduite,erreur_administrative,moyenne
cher notifier comenity capital bank litige erreur facturation montant compte carte credit montant carte credit inexact banque demander fournir formulaire demande transmission electroniqu information complete beneficiaire numero compte carte credit gestionnaire relation transaction bancaire fournir lettre joindre contenir donnee detaillee information transaction immediatement envoyee banque capital communautaire lettr recue banque capital commercial indiquer incapable information paiement,erreur_administrative,critique
capital one societe carte credit fournisseur cree carte credit double non autorisee capital one echoue enqueter correctement detail frais compte tenir etape telechargement document,erreur_administrative,moyenne
litige depose assurance auto venir automatiquement accidentellement payer bien realise erreur immediatement appele banque national american express litige depose temp compte attente compte rendre jour compte verifie septieme jour transaction compte poste appele banque enqueter argent litige depose obtenir argent retourne jour regarder compte frais double essayer rectifier situation moyen partie argent retourne representant service client vouloir superviseur continuellement continuer insister superviseur donner argent superviseur numero representer client numero compte banque american express banque national,erreur_administrative,moyenne
plainte litige date litige achat billet avion valeur dollar date numero enregistrement litige creancier inclus enregistrement plainte echange mail service client deuxieme echange mail service client echange mail departement transport deuxieme lettre reclamation creancier departement transport mandat original justifier reclamation remboursement complet argumente reclamation original annulee vol complication initialement essayer offrir bon remboursement formulaire remboursement repondu remboursement complet obligatoire departement avi execution transport demande compte information transfert remboursement rapidement coup communication reponse mail ouverture initial litige creancier argumente terme remboursement remplir remboursement remboursement reclame remboursement commercant politique annulation completement ignorer point application inclure reclamation litige echoue repondre plainte delai requérir indiquer intention interagir commercant bon foi creancier obliger credit,erreur_administrative,moyenne
lettre datee motif decision fermeture compte score fico fournir paiement recer effectuer retourne impaye rapport credit base institution financier souffrance evaluation creancier solde renouvelable total carte credit indique rapport credit consommation reception lettre fournir notifier victime vol identite resulter information rapportee affecter frauduleux incorrect score fico historique paiement crediteur total renouvelable solde indique rapport consommateur paiement retourne paiement reference securite fermeture chequ compte epargne proteger consequence defavorabl fraude experiment reglementation federal accord membre carte limite responsabilite etat transaction frauduleux resulter vol identite prendre mesure defavorable victime pleinement informee vol identite information frauduleux refletee rapport credit resultat suivre fournir instruction fournir soumettre innombrable document demande prouver statut victime jamais manque paiement compte correct repertorie,erreur_administrative,elevee
conteste transaction totaliser fin compte carte credit traite site web transaction question codee bank america fournir declaration creancier bank america echoue reconnaitre litige continuer envoyer incapable traiter lettre enquete temps opportun transaction conteste journee prescrire loi facturation credit equitabl demande reprise creancier bank america contacter site web marchand fournir preuve documentaire charge creancier bank america echoue temps opportun donner credit temporaire fournir preuve documentaire verifier carte credit requérir loi facturation credit equitabl code correction erreur facturation apparer creancier bank america negligence intentionnellement autoriser expirer delai demande documentation justificatif banque marchand ameriqu contacter commercant tenter resoudre litige delai ecrit condition communication ete recue commercant position indicative commercant litige frais loi federal facturation credit equitabl fournir remede section decrite consommateur,erreur_administrative,moyenne
conteste illegitimit dette credit bureau succe reprise litige reussi gestion ressource credibilite passer compte societe appelee ete litige reussi gestion ressource credibilite contact essayer collecter montant compte regle facturation annulation inclure frais double frauduleu expliquer gestion ressource credibilite performance creance bureau credit gestion ressource credibilite montant paiement considerer compte ferme rapport troisiem fois litige reussi gestion ressource credibilite payer journee revenir arriere rapport dette illegitim agence credit litige reussis,erreur_administrative,moyenne
conteste transaction totaliser fin compte carte credit traite site web creancier bank america echoue reconnaitre differend continuer envoyer incapable traiter lettre demande renseignement temps opportun transaction conteste journee prescrire loi facturation credit equitabl demande reprise creancier bank america contacter site web marchand fournir preuve documentaire charge creancier bank america echoue temps opportun donner credit temporaire fournir preuve documentaire verifier carte credit requérir loi facturation credit equitabl code correction erreur facturation apparer creancier bank america negligence intentionnellement autoriser expirer delai demande documentation justificatif marchand bank america echoue contacter marchand tentant resoudre litige delai ecrit fournir communication recue commercer indicatif position commercant litige charge loi federal loi facturation credit equitabl fournir remede consommateur decrit section non conformite exigence creancier creancier echoue,erreur_administrative,moyenne
achete ordinateur societe affiliee nom ancien employeur paiement ordinateur effectuer retenue salaire ordinateur payer integralement demission ancien employeur assurer solde impaye depart solde impaye ordinateur deduit chequ paie final declare nom agence recouvrement creance dyck solde impaye faux tentative quelqu erreur facturation prevaloir conteste agence recouvrement charge prevaloir erreur signale supprimer,erreur_administrative,moyenne
utiliser carte chasse service livre condo recu mail reservation marchand annuler offrir credit achat futur cours lieu sejour credit travail essayer contacter commercant rappeler essaye appeler poursuite litige charge appelee jour raison temps attente covid heure heure appele incertain alle ligne litige charge baisse selection choisir selectionne recevoir marchandise demandee date supposee recevoir marchandise permettre continuer date futur contester commercant annuler reservation permettre continuer confus retourne selectionne meilleur option service annuler section commentaire alle detail expliquer marchand annuler reservation recu lettre indiquer poursuite consideree charge valide confu appele chasse obtenir reponse representer selectionne boite depot reclamation automatiquement refuser ledit fax ecrit demander remboursement poursuite reclamation expliquer expliquer declar pouvoir voir commentaire ecrit faxe information detaillee mail journal appel commercant prouver commercant annuler recherche,erreur_administrative,elevee
ecriture litige seri erreur facturation capital compte carte credit malheureusement prendre conscience frais recurrent point annee immediatement appele capital litige frer montant croître total charge service jamais souscrire repertorie bientot devenir conscient charge appele capital jamais service carte desactivee mesure utiliser ligne verifie credit choqu voir charge affichee appelee capital vendeur litige conteste raison carte desactivee empecher charge fournir information arriver vendeur droit continuer facturer carte desactivee bien atteindre occasion presque heure atteindre aider contact litige traiter compte compte messagerie indique abonnement impasse souscrire service television payer inutilise capital appele occasion site web plaindre recu reponse chercher quelqu recupere indice confirmation,erreur_administrative,critique
aimer deposer plainte chase titulaire carte service mauvais gestion litige valide probleme atelier reparation automobile reparer correctement vehicule cause dommage retourner vehicule fois cours mois temps non repare finalement prendre atelier reparation repare correctement declare ecriture magasin precedent piece installee maniere incorrect causer dommage conteste frais effectuer carte poursuite montant affiche litige original poursuite poursuite jamais contacter discu litige envoye lettre datee indiquer charge consideree valide envoye documentation detaille fax reclame recu contacter telephone reponse precoce examen demande litige envoye documentation detaille fax chase repondu lettre datee consideree charge valide erreur facturation jamais reclamee reclamation facturation marchand service complet payer qualite fabrication completement inacceptable cause dommage beaucoup inconvenient depense supplementair vehicule mois bon foi travail avocat poursuite,erreur_administrative,elevee
externalisation convergent place marque desobligeant rapport credit tenter recouvrer dette compte valide document joindre montrer commencer communiquer declaration incorrect faire securiser entreprise facturation incorrect commencer immediatement affaire debut contact continu representant echange representant mettre attente rappeler reponse document appel parvenir resolution facturation laisse attente gestionnaire appel atteindre temps resolution offrir donner credit pousse facture corrigee ajuster jamais facture reell devoir argent,erreur_administrative,critique
location materiel ski achete equipement reservir ski station ski fermee public secondaire covid annuler voyage ski voyage ski secondaire restriction gouvernement obtenir remboursement commercant succe depose litige montant carte credit numero cas contacte capital mise jour litige ligne enregistree commercant repondu differend appele gouvernement federal etabli commercer repondu litige considerer litige ferme aujourd jour depot montant litige contact capital regard fournir raison service client mesure confirmer commercant repondu litige examen litige departement note instruire besoin soumettre demande ecriture frais annuler politique litige commercant repond journee ca considere ferme litige depose deuxieme commercant communiquer societe carte credit supposee fournir preuve repondre conversation enregistree service client confirmer capital occasion distinct reponse recue dossier commercant huir clore litige depose,erreur_administrative,moyenne
appele reponse experian lettre gel credit lettre incorrectement identifier credit gele appele ivr essayer presque minute obtenir discu humain lettre finalement mettre ligne numero telephone trouver service petit entreprise obtenir minute humain lettre explique gel incorrect credit consommateur experian ivr hostile inutile ivr jamais utiliser terrible perdre temps consommateur confus deliberement terminer envoyer lettre aller ligne utiliser service ligne experian periode essai commencer facturer besoin utiliser annee service ligne chose completement injuste mauvais charge utilisation client application ligne resoudre probleme experian cree lieu utilisation lecteur ivr ligne outil frais experience utiliser outil ligne mois utiliser,erreur_administrative,elevee
effectuer achat jeu utiliser carte credit apprendre recemment jeu pirate remarqu frais double carte credit atteindre fournisseur jeu magasin application remboursement demande transaction litige carte credit transaction fraction contestee frais double transaction remonter loin,erreur_administrative,moyenne
barclay mastercard charge temp billet concert totaliser faire carte credit ville blesse rentrer maison realiser sac dos planificateur recu facture charge appele barclay differend maman venir ville aider carte payee connaître differend barclay accidentellement payer frais conteste demande remboursement barclay jamais envoye argent recevoir lettre indiquer responsable frais frauduleux vente billet box office connaitre information personnel information facebook planificateur page information public embaucher avocat aider decouvrir charge billet concert physiquement compromettre obtenir facture reouvertur carte credit montant conteste facture payer montant conteste totaliser avocat obtenir reponse barclay deposee plainte ministere justice avocat obtenir reponse barclay envoyee passer heure innombrable avenue essayer resolu barclay voir erreur refacturation refusee aider fraude litige cas gestionnaire recouvrement avocat investissement departement prendre heure obtenir aide telephoniqu pler frais annuel demande payer erreur refacturation contacter payer cha,erreur_administrative,moyenne
decouvert californie engager collection action service urgence rendre preuve temps question personnellement copie carte assurance carte bic iii etat valide permettre conduire californie bureau administratif situer parler assistant admiratif informe contacter verifier periode couverture contacter contacter telephone bureau admiratif informe capable confirmer couverture assurance service urgence rendre erreur facturation corriger departement finance raisonnablement appuye representation obtenir rapport credit premiere fois obtention copie rapport credit preparer chapitre dossier faillite agence decouverte tentant recouvrer dette invalide notifier entreprise agent recouvrement creance bureau fait informe inexact credit derogatoir rapporter bureau credit corriger joindre copie fidel correct chapitre liberation faillite syndic informe temoignant fait dette invalide reunion audience creancier cas depose plainte bureau protection financier consommateur cas comp,erreur_administrative,critique
avis creancier soumettre consommateur erreur facturation conformement conformite creancier experian echoue envoyer accuse reception ecrit avis erreur facturation consommateur date journee avi reception requérir creancier experian echoue apporter correction approprie compte debiteur requérir echec envoi explication ecrite clarification raison compte consommateur correctement affiche ledit erreur releve cycle facturation complet recu consommateur avis erreur facturation envoye requérir,erreur_administrative,moyenne
nom medical pretender devoir facture laboratoir annee dernier temps information bureau medecin appeler bureau test temps couverture demander bureau maidcaid donner preuve couverture vouloir payer facture facturation carte refuser essayer beaucoup tentative lieu aider besoin collecte supprimer resultat fichier credit erreur facturation incorrect ajout numero fichier montant numero fichier montant numero dossier,erreur_administrative,critique
verifie compte recouvrement faux charge jamais entendre entendre aller payer especes utiliser cible compte maman cible contestee vouloir payer notaire signature errone envoye copie maman certificat deces refuser supprimer marque credit vecu payer facture carte credit,erreur_administrative,moyenne
rapport credit jamais essaye compte division argent payer maniere inexact besoin suppression erreur paperasse besoin compte corriger,erreur_administrative,moyenne
actuellement pret exeter finance texas experience court chute annee dernier petit ami annee medical payer finir payer prochain paiement garder esprit prendre accorder jour record recu avis exeter exemple paiement prevu paiement solde publier rien ete signaler fois semaine dernier rien payer paiement regulier appele faire paiement covid aider client aimer sauter effectuer paiement mettre ligne enregistree convenir sauter paiement prochain bientot recu chose mail indiquer paiement essaye appeler fois jamais reussi ledit conversation temoin faute frappe appel faire paiement regulier facture arriere annee demande heure mettre attente assurer effectuer paiement decide vouloir commerce attrape essayer commerce heure attente ridicule appel telephoniqu exeter echanger banque declare paiement demande camion argent faux essayer obtenir finance telephone exeter appel telephoniqu mettre attente transfere,erreur_administrative,critique
voir joindre releve usaa transaction frais double transaction double total transaction double jamais resolue,erreur_administrative,moyenne
quelqu utiliser frauduleusement carte credit bancaire citi faire achat jamais utiliser site web entendre auparavant approximativement calcul total carte transaction banque citi jamais informe frais frauduleux solde verifie ligne voir charge notifier immediatement notifier demande patient citi prendre cycle facturation resoudre probleme recu communication citi informe progre citi enquete fermee resolue mail apparaitre montant idee compte credit coincider probleme charge frauduleux solde declaration excedentair carte montrer approximativement nouveau charge datee date publication charge double apparer solde representant departement fraude citi refacture double compte credit citi besoin rectifier voir releve carte extremement deroutant impossible ajouter transaction correctement juricomptabl obtenir aide citi contacter service client semaine derniere heure finalement accroch comprendre situation actuel personnel franchement situation problematiqu resolue pat,erreur_administrative,critique
cas paypal indiquer client facture double faux accusation paypal procede retrait montant compte placer solde negatif compte utiliser paypal service carte credit client facture client service paypal terminer client facture final client payer client depose plainte dire facture double cas facture service fournir premiere facture frais contrat frais restant devoir achevement projet final facture client payer client procede charge final double facture paypal retirer tort montant compte paypal essentiellement aide client voler paiement preuve imposer frais supplementaire fonds retrait,erreur_administrative,moyenne
agence recouvrement partenair capio appele reprise client appel conseiller dette payee fils assurance terminer litige agence recouvrement hopital erreur facturation homm grossier marquer conteste rien passer vraiment necessair payer demande numero fax adresse envoyer preuve erreur hopital refuser obtenir lettre jamais explique litige dette jamais signee fils hopital jamais medecin hopital donne information assurance reprise ledit bureau recu dette payer demande verifier dette admettre erreur facturation agence absolument conseiller gouverneur suspendre activite recouvrement raison covid conseiller envoyer preuve valide dette enregistrer demande appel affaire appele fois fournir ecrit communication immediatement signale dette credit dossier jour violation demande droit inquietant violation ordre gouvernement gouverneur suspendre activite recouvrement essayer temps financier incomprehensibl medecin,erreur_administrative,critique
effectuer paiement usaa application solde carte credit usaa redige compte courant fonds jamais applique paiement carte credit atteindre temps element travail etabli examen plainte envoyee lettre demander obtenir copie formulaire etf copie bancaire chequ compenser conserver donnee etf dernier mois chequ papier jamais genere usaa envoye demande electroniqu fonds envoye usaa copie releve bancaire montrer paiement internet user envoye lettre indiquer erreur facturation produire action prise user tour fois incapacite fournir enregistrement electroniqu paiement initier application finalement demande quelqu transfere equipe relation executiv banque formulaire etf aider relev bancaire adequat,erreur_administrative,moyenne
ete sejourne hotel carillon payer visa carte debit recharger carte paiement couverture quotidien chambre sejourne hotel mois recu portefeuille alle historique transaction frais double bien transaction non autorisee montant aleatoir correspondre taux hotel immediatement montre probleme hotel charge informee voir suppose retenir frais compte contacter banque immediatement contacter carillon contacter telephone marchand charge autorisee argent retourne donne dollar attente total transaction litige employe carillon regle aider obtenir fonds difficulte provoquer demande carillon dossier employe reclamation transaction non autorisee double inquietude prendre soin information procede poser question carte debit carte informee annule nouveau transaction envoyee lieu autoriser utilisation carte jour obtenir affaire ordre autoriser transaction conteste commercant traite document envoye obtenir credit provisoire document enquete terminer ete envoyer date limite,erreur_administrative,critique
deuxiem fois compte place cmr erreur premier fois utiliser adresse facturation incorrect avoir recu facture temps reception avis recouvrement creance compte date actif plan paiement automatique systeme paiement plan paiement facture carte credit paiement bon foi debut plan paiement facture carte credit,erreur_administrative,moyenne
obtenir finance carte credit service carte achat echange ancien compte credit applique service carte long achat solde compte ordinateur portable effectuer paiement solde compte paiement effectuer probleme demande solde actuel informe frais surfacture aucun paiement effectuer reduire solde reflete mettre credit reclamation refuser charge correct compte credit refuser compte facture harcele quotidiennement service carte paiement contact service carte refuser culpabilite erreur facturation partie injuste continuer essayer payer solde aucun argent compte payer reflete pler aider,erreur_administrative,moyenne
reclamation effectuee caissier banque transaction contestee lot hotel erreur facturation compte courant capital litige bancaire departement annuler reclamation premier emission fonds compte bien gerer litige maniere approprie refacturer obtenir information marchand traiter injustement loi client fidel banque rouvrir reclamation annulee semaine dernier correctement regarder compte negatif raison manipulation incorrect loi droit consommateur menacer fermer compte annee lot erreur couverture acte reprehensibl demander question pler regarder cree grand fardeau financier bien enfant crise moyen pandemie besoin aide pler voir affaire corrigee pull enregistrement litige departement enregistrement ecart,erreur_administrative,moyenne
usaa releve erreur corriger credit rembourser commercant eventuellement nouveau achat voir joindre rembourser non livraison voir nouveau achat joindre autoriser achat rachat usaa erreur facturation correct,erreur_administrative,moyenne
carte reserve chase sapphir achetee camera marchand ligne recu document fournir confirmer formulaire bordereau expedition indique envoi camera litige refuser raison raison soigneusement examinee base information determineer erreur facturation produire,erreur_administrative,moyenne
voir transaction piece joindre voir transaction piece joindre frais double compte frais donnee utiliser usaa refuser admettre frais double usaa fournir credit frais double,erreur_administrative,moyenne
bonjour pler gentil examen document soumettre tentative reprise mari resoudre erreur facturation payer montant legitim rencontr hostilite refus examen document contraignant reel inclus releve compte final fournir systeme credit national contrat location appartement releve bancaire montrer payer contrat location appartement declare date echeance contrat location signe preuve concret montrer depot payer point discuter systeme credit nationalxxxx representer fois refuser prendre document contraignant serieusement ironique cabinet avocat accroche fois crier payer facture essayer faire point erreur comptable corriger payer dernier document releve bancaire montrer utiliser depot salaire decrit contrat credite facture montrer difference facture montant payer pret payer montant correct montre interet resolu esperant pouvoir aider rectifier situation temps remerciement,erreur_administrative,moyenne
avis creancier soumettre consommateur erreur facturation conformement conformite creancier echoue envoyer accuse reception ecrit avis erreur facturation consommateur date journee avi reception requérir,erreur_administrative,moyenne
effectuer ligne montant achat commande utilisee carte credit faire achat facture fois facture carte barclays recue commande essayee contacter service client capable obtenir reponse probleme adresse frustration marchandise retournee envoye mail recu emis remboursement facture double charge essayer contester carte barclay marchand utile barclay repondu lettre indiquer aider essaye appeler barclay heure atteindre representant barclay accidentellement facture fois crediter charge representer prouver faire deuxieme charge essayer expliquer facon clairement charge double place charge autorisee recherche credit deuxiem charge superviseur appeler jour ouvrable resoudre jamais entendre apparaitrer adresse tentative barclay preuve charge double deuxiem charge deuxieme charge placee charge autorisee marchandise marchand credite facture deuxiem charge releve carte credit joint montrer charge mail commercant confirmer reception,erreur_administrative,moyenne
envoye courrier certifi affidavit erreur facturation litige bank america courrier certifier demander reponse question joindre affidavit mentionner ledit affidavit repondu refute avis envoye assurance adequat performance devoir numero courrier certifier cabinet avocat capacite agir collecteur dette bank america copie envoyee bank america question repondue nom proce intente palais justice comte ledit cabinet avocat recoit dette courrier question reponse avis precedent envoye avis envoye demande cesser activite recouvrement courrier certifier bank america dernier correspondance institution trouve poursuite retiree prejudice gerer obtenir copie envoyee avis demande confirmation courrier certifier envoye avis violation accord courrier certifie apprendre proce nom tribunal comte effectuer bank america probleme recherche resoudre ledit institution prouver assistance trouve violation code etat uni demander aide regler affaire,erreur_administrative,moyenne
commencer vendre nouveau article occasion site web populaire vente partie site web susmentionn site web force aide processeur paiement paypal terme force utiliser raison viable processeur paiement offrir vendeur site approprier ensemble compte exploiter temps accent ajouter organisation requérir verification aspect attribut normal demarrage reussi produit fonctionnement cours execution compte viable mois entreprise bien deroulee vente bien deroulee probleme vente susmentionnee venir commentaire encourageant plate forme client commentaire positif partage stocker bien brusquement avis avertissement genre commination paypal inc severement limite resultat compte capable vendre conduite commerce plate forme entreprendre arret note produire preavi avertissement demande paypal inc probleme passer repondre reponse reponse donnee donner reponse solution resoudre probleme temps paypal inc informe client prevu deposer voir piece joindre preoccupation correspondance rapporter,erreur_administrative,moyenne
notifier citi erreur facturation impliquer frais recu notification differend jour ouverture citi envoye mail indiquer entendre commercant examiner detail revenir journee cit envoye mail reclamer envoye message securis litige statut demander enregistrement information message securise envoye citi envoye recu confirmation detail litige facturation message demande litige statut fournir document citi fournir commercant transmettre citi reconnaître detail recu litige documentation reception litige commercant citi fournir reponse commercant continuer correctement traiter litige requérir aboutir citi facture montant conteste arriere compte avis fournir documentation requérir violation citi regulierement,erreur_administrative,moyenne
pret refinance liberte pret hypothecair recu avis indiquer penurie compte sequestr examen document trouver sequestre impot retenir applique ajout pret frais frauduleux facture cloture compte sequestr divulguer divulgation cloture final frais enregistrement frer double frais enregistrement payer sequestr description frais final frais etat,erreur_administrative,moyenne
cher garder espoir agence aider rectifier erreur facturation bataill question clair contestation collecte wakefield affaire affecter negativement recherche credit remede erreur facturation assuranc facturee mauvais politique repondre opportunite appel initial fournir couverture politique pler trouver information incident amp effort continu resoudre alle urgence raison chute marche amp frapper sol beton sol personnel test amp evaluation diagnostic amp quot quot exiger immediatement traitement couvert assurance personnel appele definir transfert note recueillir traitement couvert assurance transporter decision medical rendre incapable prendre decision transport facture mauvais politique facture correctement information supplementaire place traitement soin intensif suivre traitement couvert assurance litige clarification capable prendre decision transporter decision medical rendre incapable prendre decision facture ambulance payee pourtant facture medical incident payer assurance regar,erreur_administrative,critique
cas ferme ferme entreprise carte credit envoi releve solde ensemble regle paiement automatique facture payee complet generer aller etape releve solde genere mauvais frais releve payer periode temps portail releve acce etat mois dernier bien acceder portail signe auto payer dela absurde societe credit generer activite releve lieu comprendre genererer activite besoin declaration conte soin information besoin portail fiscal montrer date dollar chiffr facture payer detail payer figure date paiement automatique chose arrete auto payer obtenir releve payer carte credit garder solde aider releve manquant releve manquant appeler declaration independamment activite solde autoriser demande paiement accepter paiement releve paiement automatique,erreur_administrative,moyenne
titulaire carte credit emise well fargo apprendre droit droit accorder consommateur realiser fort possibilite violation envoyee courrier certifier erreur facturation litige preuve serment preuve livraison accuser reception well fargo fournir reponse valeur probant erreur facturation litige affidavit envoye courrier certifie vouloir consulter copie correspondance envoyee well fargo demander aide eliminer faux information rapport credit,erreur_administrative,moyenne
historique recouvrement impact echec transunion montant correct recouvrement initier dette resolue erreur facturation compte transunion contact inexactitude erreur dette recue partie communication resolution litige,erreur_administrative,moyenne
hancock whitney visa carte credit facturee autorisation frer temporairement mettre attente remettre carte service resolution litige envoye lettre indiquer erreur facturation charge responsable signale departement fraude aider carte point recompense indiquee retrait gros point contacter departement recompense point echange solde billet avion mettre carte credit billet donne information departement resolution litige charge preuve temps cas envoye copie frer autorisation bien temps demande savoir chose devoir embaucher avocat pler aider effacer,erreur_administrative,moyenne
bank echoue examiner correctement documentation fournir litige decouvert representer departement plainte client bank essayer obtenir fait cer plaindre president banque differend mouvement menage bon entreprise livrer bien livre bien dommage important bank accepter faux declaration faire reponse differend verifier avoir soumettre presqu page documentation lettre distinct repondu demande faire banque delai temps donne reponder jour fois temps prendre recevoir courrier regulier ignorer detail reponse final avoir determine erreur facturation produire rand jour fenetre resolution reclamation echoue examiner jour mettre blame total estime dommage carte credit charge contester couverture troisiem dommage subir signe recu montre recu menage bon etat emballer charge valide banque negligent examiner documentation fournir temps opportun excus jour passer,erreur_administrative,moyenne
societe recouvrement allianc dette recouvree litige pai adresse complet note origine hoa fichier incorrect donne adresse correct bien autorisation coordonner paiement gestionnaire immobilier arriver hoa adresse vecue adresse societe recouvrement adresse jamais vecu fichier compte envoye mail recouvrement ajouter autour frais hoa envoye mail montrer chemin entreprise atteindre choisir societe recouvrement remarque frais double bilan origine mettre evidence incompetence penalise haut societe particulier collection devoir diligence contacter particulier societe recouvrement notoire telephone excessif tactique pile frais atteindre expliquer passer collection repondu responsabilite proprietair payer dette demandee suppose salair recu rien payer payer payer representant interrompre dire continuer colere pendre demande pendre expliquer ignorer dire interrompre oui pendre,erreur_administrative,elevee
compte debit frauduleux commencer dernier effectuer debit non autoriser prendre compte contacter immediatement aide obtenir nouveau carte reinitialisation mot passe soumettre formulaire charge frauduleux dame telephone recevoir argent journee entendre changement compte appele resolu compte finir recevoir lettre bny mellon dire charge enquetee determine charge valide mauvais charge prendre compte cooperativ credit frauduleux rendre argent essayer mettre main bny mellon reprise laisser message reponse faux vert injuste,erreur_administrative,moyenne
societe carte credit produit doublement facture achete carte achat effectuer charge duplique conteste charge double societe continuer demande payer produit fois contacter societe effectuer reclamation achat payee,erreur_administrative,moyenne
attention honorable allier regulateur definition legale harcelement jamais continuellement demande cmre agence recouvrement facture paiement iv payer moyen prendre temps probleme important definir detail cmre charge erreur fabrication complet soumission facturation bureau medecin exemple errone cmre liste recent demande paiement bureau visite voyage mil demande resultat site fournir patient post commentair jamais obtenir test voyage valeur malheureux technicien sembler minutieux resultat croire valoir temps depense exemple erreur visite contenir erreur facturation visite faire facture original assurance attente appel assurance femme bureau erreur mathematiqu convenir fixer facture indiquee devoir montant correct aller bureau facturation payer appel payer erreur correct assuree difficile couteux probleme contact arranger voir facture assurance abordable apparer releve annee gauche refusee numero facture paiement annee ecoulee reception patient,erreur_administrative,critique
applique montant plan citi flex carte citi montant deduction bancaire mois mois banque citi deduit montant total place banque citi facture tiers montant flexible releve frais double appele erreur banque citi remboursement convenir compte chequ rembourser compte carte credit appele banque citi fois marche bureau local ecrit lettre erreur bureau citi soumettre demande declaration document support demande releve document support banque citi repondu simplement solde compte precis explication,erreur_administrative,moyenne
vol achete programme utiliser valeur mile utiliser portail voyage chase bank informe vol compagnie aerienn annuler raison pandemie atteindre remboursement declare reservation venir chase atteindre remboursement passer heure support client chase bank reprise rembourser consentement compagnie aerienn informe dot ordre executoire emi http declare remboursement autoriser declare femme envoyer courrier electroniqu sens banquier chase essayer obtenir entite chase bank talk reussi tenter deposer plainte erreur facturation usc titre chapitre chapitre partie section http,erreur_administrative,moyenne
pler lire lieu litige initier banque poursuite delai discretion charge droit place carte charge recue rien initier litige condition poursuite exiger banque poursuite contestee mauvais charge oui poursuite banque processu litige charge incorrect charge valide finalement chasser banque prendre temps resoudre probleme liste correction temps passer poursuite necessit litige dernier representant etat litige passer aucun representant prendre temps regarder raison passer delai lettre capture ecran commercer montrer tentative remboursement charge chass fournisseur service marchand argent detenu part defaut date emission charg incorrectement contestee aligner laps temps approprier litige poursuite banque conteste charge correct avocat conseiller document cfpb conserver dossier representer gerer plainte aller aller tribunal joindre lettre poursuite refuser temps charge question lettre marchand capture ecran montrer tentative rectifier transaction,erreur_administrative,moyenne
declaration annuel divulgation compte sequestr emise reserve pret hypothecair detailler avis penurie detaille paiement manquant payer penurie paiement effectuer mensuellement rapidement paiement indique compte applique releve mensuel reflete payer deficit temps paiement deficitair comprendre soumettre demande ecrite examen ticket assurer paiement ajuster date paiement recu reponse transfere montant equipe traitement automatiquement deduit compte fournir suivre ecrit recu releve mensuel refleter ticket eleve reponse transmettre equipe traitement assistance corriger erreur facturation soumettre lettre formel avis resolution erreur avis resolution erreur site web entreprise ticket recu reponse automatique transmettre declaration equipe traitement refleter quantite elevee tentative appel fois passer beaucoup temps passer appel arbre telephoniqu deconnecter obtenir direct deposer plainte recue societe reponse,erreur_administrative,moyenne
echec echec facture assurance maladie bequill demarrage fourniture medicale recuer place assurance auditif facturee erreur rendez clinique assurance maladie fourniture medicale entierement couvert exiger paiement echec soumission frais correctement essayer recouvrer dette frais admettre resulter erreur facturation prendre mesure erreur correct continuer poursuivre effort recouvrement,erreur_administrative,critique
litige depose transaction erreur facturation transaction facture annule montre refuser litige depose jour resultat demande mettre jour service client bmo harris bank declare envoyer mail numero telephone enqueteur appel demande credit provisoire loi federal efter recu jour credit provisoire representant service client repondu declarer considere litige litige courtoisie ete informe erreur facturation protege loi federal afta,erreur_administrative,moyenne
condition fournir avis ecrit requérir delai requérir notifier formellement exercice droit resilier contrat location appartement decrit paragraphe responsabilite contrat location echec proprietaire effectuer entretien temps opportun loyer payer montant total dernier jour location clairement echoue executer occasion probleme jamais resolu notification resiliation tentative informer bureau facturation entreprise situation information ignore jamais resolue maniere legitim litige montant facturation incorrect recouvrement reussi resulter faux montant impay signaler rapport credit desobligeer documentation complet inclus plainte,erreur_administrative,moyenne
plainte deposee precedemment societe bpo llc accepter retirer tentative collecte facturation incorrect surprise recue nouveau lettre collecte hier bpo llc convenir cesser tentative collecte violation accord promesse faire reponse plainte original,erreur_administrative,moyenne
utiliser carte viser costco citi payer hotel voyage recu releve charge semaine sejour facture fois montant exact date publication marchand fois ligne appelee citi credite charge satisfaire erreur corrigee facturee double charge raison jamais identifier appele citi fois tot supprimer frais double payer frais conteste citi commencer facturer montant interet mois citi releve compte charge inverse montant interet mensuel montant interet frais total date agent aide recemment obtenir suppression frais assure frais interet crediter compte surveillance releve ligne date appliquee compte,erreur_administrative,moyenne
montant chambre reservee montant facture fois affiche fois carte credit barclay frais double immediatement appele annulation chambre montant rembourser impaye temps appele informe achat enregistrement annulation achat affiche releve barclay appele barclay arrivee credit delai court litige determination resultat frais double commercant rembourser montant achete dossier considere clore,erreur_administrative,critique
reference enquete erreur facturation dette reclamee mail joindre equifax contenir resultat reel enquete tentative resultat site myequifax accer recevoir copie enquet equifax pler être conscient concours cours violation federal fcra equifax poursuivre,erreur_administrative,moyenne
droit cabinet avocat mitchell bluhm associer signaler compte recouvrement rapport credit jamais rendre compte dette creancier origine agence recouvrement unitl commencer demander hypotheque societe prendre conscience impact negatif pointage credit agent hypothecair causer approbation probleme immediatement contacter compagnie assurance illinois trouver probleme informe assurance payee erreur facturation hopital medical groupe assurance compagni urgence probleme couvrir police assurance conscier solde impay illinois arrangement envoyer paiement montant paiement journee complet traire jour contact gauche message compte recu message vocal confirmer erreur facturation contacter mba loi supprimer compte collection attendre lettre agence recouvrement confirmer suppression compte semaine contacter loi mber trouver statut suppression compte demande contact declare comprendre chose prendre temps demande loi mba accelerer detention obtention hypotheque declare noter besoin compte,erreur_administrative,critique
avis creancier soumettre consommateur erreur facturation conformement conformite creancier experian echoue envoyer accuse reception ecrit avis erreur facturation consommateur date journee avi reception requérir creancier apporter correction approprie compte debiteur requérir echec envoi explication ecrite raison clarification compte consommateur correctement indique ledit erreur releve cycle facturation complet recu consommateur avis erreur facturation envoye requérir,erreur_administrative,moyenne
facture medicale erronee invalide envoyee hopital universitaire transworld system inc compte agence recouvrement juge inexact raison hopital facture maniere inexact service inconnu demande fait transworld information detaillee cout support compte litige date reception compte donnee suite payer integralement voir piece joindre affaire cours passer enormement temps essayer resoudre probleme transworld aller cercle societe fournir information discu information etat enregistremer envoye collection transworld etat information supplementaire contacter obtenir copie probleme enregistrement impact negativement score rapport credit recu information justificatif element repertorie contester element collection precedemment supprimer rapport credit refaire surface compte tenir impact negatif pointage credit article ete payer integralement jamais recevoir documentation question enregistrement ete soulignee montant rapport credit joindre montant donnee justificative montant frais double montant frais double payer matin,erreur_administrative,critique
soumettre plainte extremement affecter societe recuperation amelioree llc completement injuste obtenir portail vouloir express subir gros impact pointage credit vecu pire periode situation vie societe rapporter information erronee compte echoue marqu compte conteste signaler erreur facturation creancier origine pratique commercial deloyal information compte suite societe recuperation amelioree llc date ouverture solde nom creancier origine base demande dommage violation commettre vouloir article retirer rapport credit,erreur_administrative,moyenne
creancier apporter correction approprie compte debiteur exiger echec conduite enquete raisonnable erreur facturation cours cycle facturation complet recu consommateur erreur facturation avir signaler requérir,erreur_administrative,moyenne
lettre datee motif decision cloture compte score fico fournir experian paiement recer effectuer retourne impaye rapport credit base institution financier souffrance evaluation creancier total solde renouvelable carte credit indique rapport credit consommation reception lettre fournir notifier victime vol identite resulter information rapportee affecter frauduleux incorrect score fico historique paiement solde renouvelable total creancier indique rapport consommateur paiement retourne paiement reference securite fermeture chequ compte epargne proteger consequence defavorabl fraude vecu reglementation federal accord membre carte limite etat responsabilite transaction frauduleux resulter vol identite prendre mesure defavorable victime pleinement informee vol identite information frauduleux refletee rapport credit resultat suivre fournir instruction fournir soumettre innombrable document demande prouver statut victime jamais manque compte paiement correct,erreur_administrative,elevee
transaction frauduleux produire citibank mastercard utilisation non autorisee carte information compte possession carte perdre citibank placer compte retenue carte usage restreindre probleme recherche nouveau carte refusee appeler autoriser utilisation individuel carte fois souhaiter utiliser violation loi facturation credit equitabl chapitre section etat creancier operationnel plan credit consommation duree indeterminee envoi explication ecrite clarification requérir paragraphe restreindre fermeture compte respecter debiteur indique conformement paragraphe croyance compte contenir erreur facturation,erreur_administrative,moyenne
achat unique effectuer aide cle paypal cree visa personnel ordinateur paypal transaction casse totaliser debit montrer solde negatif compte demande pler examiner charge trompee montant correct visa autoriser verifie banque confirmer lieu restriction compte carte paypal paypal refuser transaction correct reclamer faute compte visa confirmer banque emettrice produire absolument argument payer vouloir facture origine fichier visa montrer paiement marchand loin paiement enregistre complet indiquer paypal payer montant total transaction facturer correctement,erreur_administrative,moyenne
remarqu collection signaler montant original montant mettre jour montant frer immediatement appel contact compagnie assurance hopital repertorie rapport savoir clairement erreur representer representer service facturation arriver conclusion erreur facturation payer montant correct representer demande dossier traitement reclamation medicale envoye mail representant repondu dire contacter agence recouvrement supprimer rapport raison erreur verifie rapport montrer ferme place supprimer contacter hopital aviser litige bureau conteste ligne mettre jour montre ferme,erreur_administrative,critique
membre american express payer annee carte cotisation membre american express ecriture plaindre deterioration rapide service autour carte mettre erreur facturation question litige appele american express mois mettre litige charge premier charge datee reconnaitre deuxieme litige partiel total apparaître compte article recevoir releve recu mois aucun litige apparaître reconnaître mois precedent conversation appelee ame pod rentrer maison litige transfer debordement aider heure rappel pratique service american express payer demander payer alimentation scandaleux outrageusement mauvais niveau service,erreur_administrative,moyenne
creancier apporter correction approprie compte debiteur exiger conduite echoue enquete raisonnable erreur facturation delai cycle facturation complet recu consommateur erreur facturation avis signaler requérir,erreur_administrative,moyenne
montant facture troisiem fois date publier veteran americain montant dollar tape incorrectement plainte pler pardonner erreur beaucoup probleme facturation incorrect morgan chass banque achat morgan chass facture fois pler aimable aider negligent facturation incorrect corrigee,erreur_administrative,moyenne
lettre datee american express declaree raison decision cloture compte score fournir paiement recer effectuer american express retourne impaye rapport credit base institution financier souffrance evaluation creancier solde renouvelable total carte credit american express indique rapport credit consommation reception lettre fournir american express notifier victime vol identite resulter suite information rapportee affecter frauduleux score incorrect historique paiement solde renouvelable total creancier indique rapport consommateur paiement retourne paiement american express reference securite fermeture chequ compte epargne proteger consequence defavorabl fraude vecu reglement federal accord membre carte limite etat responsabilite transaction frauduleux resulter vol identite american express pris action indesirabl victime pleinement informee vol identite information frauduleux refletee rapport credit resultat suivre fournir instruction fournir american express,erreur_administrative,elevee
service conversion banque bmo harris lieu notification ecrite envoyee courrier recu jour avance requérir lettre loi imprimee recue lundi autoriser jour ouvrable trouver souhait alternatif travail raison avis negatif envoyer courrier electroniqu conversion jour avance rappel courrier electroniqu conversion jour releve envoye courrier electroniqu information passeer pouvoir utiliseer choisir montant paiement payer inclure interet devoir releve envoye facturation deuxiem fois releve interet spectacle payer exiger utiliser bmo harris contacter formulaire demande correction erreur facturation donne information detaillee reponse numero compte utiliser bmo harris contacter formulaire demande correction erreur facturation donne information detaillee releve numero compte copie reponse envoyee lettre courrier demande correction erreur facturation donne information detaillee numero compte copie releve demande fermer compte refleter demande terminee lettre signee reponse envoyee courrier electroniqu pdg harris demande correction erreur facturation donne information detaillee,erreur_administrative,elevee
conteste transaction totaliser fin compte carte credit traite site web transaction question codee bank america fournir declaration pension pension creancier bank america recu demande ecrite identifier montant commercant date transaction repondu indiquer bonk america incapable traiter enquete temps opportun transaction conteste journee prescrire loi facturation credit equitabl demande reprise creancier bank america contacter site web commercer fournir preuve documentaire charge creancier bank america echoue temps opportun donner credit temporaire fournir preuve documentaire verifier carte credit requérir loi facturation credit equitabl code correction erreur facturation representer bank america bonk america resolution specialist continuer chercher excus inventer raison refuser aider declare incapable trouver transaction conteste lettre fournir identifier transaction conteste reclamation faussement revendiquee transaction deposee delai impartir reponse banque fournir litige indiquer impossibilite traiter demande,erreur_administrative,moyenne
demande compte bancaire chase cher Monsieur monsieur ecrit litige erreur facturation montant compte montant compte inexact frais frauduleux retourne frais frauduleux effectuer site web contact societe carte credit commercer banque chase initialement remboursement emis bien chase bank retourne charge carte credit paiement force contact emi probleme remboursement complet chase bank remboursement emis chase bank donne remboursement appel multiple message envoye chase bank resoudre probleme reponse automatise tentativ jamais faire chase bank resoudre probleme chase bank representer declare transmettre information correct departement contact appel message message appel message appel message message message remboursement releve carte credit detail joindre litige transaction poursuivre banque vouloir enqueter probleme corriger erreur facturation bientot,erreur_administrative,moyenne
visite rendez prendre assurance verifie quote part suite visite dossier reclamation assurance changement code facturation informe erreur facturation aller corriger suspecter fraude assurance visite facturation,erreur_administrative,moyenne
aimer deposer plainte bureau echec repete credit bail financier expliquer periode erreur facturation correct declaration injustifie evenement credit defavorabl agence credit blesse stellaire score credit pratique pret predateur collecter quotidien harcelement appel collecteur financier numero telephone portable louer terme financier annee terme bail bail effectuer paiement mensuel demande temps mois service paiement facture offrir banque service paiement facture financier responsable paiement impot foncier proprietair ville temps charge vehicule bail informe ecrit paiement impot applicable effectuer temps meilleur connaissance effectuer paiement rapidement demande financier recu dernier releve bail effectuer dernier paiement location financier service paiement facture solde compte verifie solde compte ligne site web financier appel telephoniqu recu representer financier indiquer explication solde impay frais engager site web verifie effectivement trouver solde impay exp,erreur_administrative,critique
entreprise draine compte bancaire achat pret immobilier jamais ferme gach ordonner document inutile garde carte chargement fondamentalement autoriser commande carte debit document commande irreverencieux rembourser pret pret jamais finir fermeture proff dire rembourser fermeture agent immobilier demander document ordonner malade contester nulle part refuser donner argent escroc obtenir autorisation ordre partie asseoir dire entreprise accuser escroquerie immoralement mal facture raison obtenir pret payer poche comprendre poch obtenir hoa questionnair employe entreprise savoir ordre drainer compte bancaire capable fermer pret fin payer cash maison monde payer especes maison obtenir meilleur affaire mettre dette refuser remboursement acheter meuble fou essaye contacter essayer contester banque attendre dernier jour repondre prolonger litige rejeter contacte conforme mauvais entreprise fondamentalement cravate entreprise obtenir document information entreprise branche hypothecair occidental nml,erreur_administrative,moyenne
banque synchrone ignorant copie documentation paiement valider solde correct differend solde banque synchrone paiement carte compte applique maniere approprie limite credit compte limite jamais augmentee diminution paiement compte total payer paiement integral qvc confirmer banque synchrone continuer facture enquet presumee initiee siege social banque synchrone croire banque synchrone signaler compte bureau credit delinquer provoquer diminution pointage credit flagrant attendre enquete conclure conseiller paiement synchrone compte payer limite limite credit complet jamais augmentee diminution historique paiement valide solde total date historique paiement actuellement dossier bancaire synchronisation continuer etat absolument scandaleux erreur synchronisation signale compte bureau credit delinquer provoquer baisse drastique cote credit croire erreur facturation synchronisation tentativ frauduleux contraindre client payer double marchandise achetee carte,erreur_administrative,moyenne
bofa visa vol visa compte fin carte credit visite utiliser bijouterie montant rapport police depose montrer achat quelqu bank america refuser rembourser frais frauduleux declarer personnellement faire frais confirmer compte utilisateur autoriser quelqu autorisation utilisation pler voir lien xxxxxxx section mener enquete raisonnable creancier determine erreur facturation produire erreur facturation produire creancier affirmer fournir copie preuve documentaire endettement consommateur demande consommateur bank america refuser fournir preuve documentaire mesure determiner transaction frauduleux presente demander banque america fournir preuve documentaire utiliseer atteindre decision enquete rembourser montant charge frauduleux conformement loi tenir responsable charge frauduleux signale rapidement condition bofer copi prealablement rapport police document supplementair pouvoir presente main charge autorisee vouloir aider,erreur_administrative,moyenne
refuser continuellement prendre maniere important enqueter minutieusement rapport recouvrement allegue respecte diligence raisonnable supprimer dette fantom frauduleux subir consequence grave base echec enqueter dette fantome factuellement continuellement abaisse rapport credit regarder etat changement subir pandemie perte massif continuer impacte consequence continuer baisser pointage credit refuser supprimer rapport credit detruit possibilite prendre pret personnel pratique commercial douteux detruire moyen subsistance famille,produit_casse,elevee
soc sec dob soc sec dob adresse attention litige departement aujourd date serf notifier information inexact rapport credit fichier envoye lettre courrier recommander objectif escalade formel tribunal approprier droit besoin surgir recemment refuser demande pret hypothecair pret voiture carte credit assurance maladie emploi florid regarder raison information inexact rapport credit carte identite floride carte securite social volee contestation charge averee compte frauduleux inclus copie rapport police inutilement embarrasser partie surveillance partie journalist credit information erronee degradante diffamatoire endommagee bon solvabilite empeche chose absolument necessair cause beaucoup stress sant affectee court qualite vie affectee negativement information inexact rapport credit detaille xxxxxxx xxxxxxx soc sec dob soc sec dob adresse,produit_casse,elevee
placer rapport fraude rapport credit gel jour experian credit bureau llc situer texas refuser litige fusionn mari rapport credit depose plainte experian credit bureau llc falsification illegal rapport credit mois dernier lieu reparer credit considerer plainte commencer croire experian experian soumettre plainte final vital experian credit bureau commencer harceler arriere ajouter alerte fraude fois vouloir ignorer peur stresse commencer confondre correctement signifier envoyer lettre agence recouvrement commercant credit bureau experian one ignorer lettre rapport police donneer telephone rejete indiquer detruit rapport ftc initial prouver perte temps quelqu carte credit pret voiture operateur etat jamais nom telephone portable fournir mois tard fournir plan telephone portable numero transfer employeur super experian fusionner dette mari rapport credit facture temps ete requérir signer chose indiquer accepter payer facture electroniqu,produit_casse,critique
question cot ftc citoyen americain demander vie arriere iv demander annee experian presque entreprise produire violation dire trouver coincidence traiter covid temps parfait criminel credit arrondissement sortir gagner argent identite mauvais fin base stable excuse venir commencer croire lien courrier lire pensee hein million chose reparer appartenir finalement telephone heure jour credit burrough tot larme oeil fatigue compte bancaire faire courir appele traite criminel prendre banque rester hotel essayer obtenir jour nuit famill entendre telephone colere quotidien contester credit disponible adresse fichier xxxxyrs violation informe information personnel rapport credit inexact numero securite social individuel annee contestation echoue supprimer compte inexact signaler faillite deposee reglement violation mediation experian ecran rapport acce enregistrer condition affichage probleme credit exister rapport acce impossible appele passer heure telephone,produit_casse,elevee
decouvert rapport credit experian compte negatif surface telephone louer jamais possede expliquer representant service client pose question validite representant compte numero securite social repete numero securite social chiffre incorrect pointu refere compte litige experian expliquer rapport erreur depot assister experian reclamation aujourd resultat recu enquete experian furieux comprendre nom compte frauduleux evident numero securite social incorrect baton sentir impuisser litige option litige deposer plainte compte detruit pointage credit fragile beaucoup experian rien saluer escroc,produit_casse,elevee
maison achetee demenagement mal tourne four alle mois unite climatisation divise ete mois eau endommager endroit commencer apparaitre plafond fuite toit incendie non divulguer inondation non divulguee forclusion compagni assurance habitation refuser payer maison etat preexister maison couvrir moisissure noir mur sol ruine flambage toit fuite bardag pourrir exterieur evaluateur jamais verifie exigence minimal fairway societe hypotheque independant acceptee inspection termite effectuee inspecteur vendeur licence agent immobilier agree agent immobilier agree intentionnellement fraude femme regarder papier cloture recevoir papier cloture fairway demander fois realise document important cache omettre fairway fermeture papier mail femme e-mail pirate femme grandir agent immobilier haut horrifiant incapable reparer financierement femme foyer experimente maladie annee poursuivre aider voca avocat veteran obtenir perte financierement choix bouger securite famill esper faire jamais cauchemar,produit_casse,elevee
citibank ferme costco compte visa avertissement base declaration croyance paiement trouver mail examiner historique paiement paiement manqu paiement paiement manqu erreur purement humain contact effectuer notifier paiement paiement manqu effectuer montant paiement effectuer paiement minimum requérir paiement minimum affiche fermeture compte compte detruit pointage credit contacter citibank profiter mettre attente soin compte besoin trouver moyen ressusciter pointage credit,produit_casse,elevee
quelqu utiliser information illegalement engagee frais compte frauduleux autorisation profil credit detruit notation credit notifier bureau credit reprise aide place alerte fraude maniere gere voler information besoin aide professionnel reparer pler dire reparer credit arriere avancer,produit_casse,elevee
rapport police joindre volontairement ignor rapport police non conformite loi declaration negligence information inexact rapport credit section bureau credit protege fraude consommation contre vol identite creancier volontairement enfreindre loi refuser repondre reclamation cfpb vouloir renvoyer credit original loi cesser abstenir formulaire communication dette valide,produit_casse,elevee
credit approuver meuble achete total article endommag essayer resoudre probleme annee probleme facture montant ridicule interet depense livraison hebdomadaire renovation moyen nouveau maison terrible livraison programme mauvais piece livre article endommager moitie commande montre savoir passer mentionner commande continuer repoussee contacter article mentionner ray endommag apprendre temps refuser livraison tentative article correct travail manquant heure attente temps espere obtenir aide probleme super profiter economie annee dernier interet decu epuise heure magasin assurer maison mettre place maniere illustree personnel magasin solidaire assister delai livraison prevue article matelas gonflable mois automobile accident recu appel dire matelas camion chaise salle manger montre courant long temps attente attente trouver matelas annuler raison etrang chaise prevue fille passer heure samedi essayer resoudre,produit_casse,elevee
rapport credit examiner trouver entree compte negativ enquete identifie place dossier credit connaissance enquet compte negativ cause grand acte difficulte credit injuste sentir situation quelqu acte reprehensible dossier credit laisse souffrir consequence devenir difficile acquerir credit credit endommag maniere demander pler enquete compte frauduleux credit supprimer bientot garder esprit enquete compte appartenir,produit_casse,elevee
atteindre pnc banque tentativ reinitialisation banque ligne accer banque ligne contacter service client banque ligne atteindre succursale atteindre succursale compte purgabl statut ferme vendredi obtenir fonds apporter compte frais demande actuel rembourser raison travail raison covid atteindre fermeture compte departement aider frais reouverture compte necessair obtenir reouverture compte proprietair unique applique compte pret eidl ferme depose plainte declare employe service client banque ligne connaitre cas fermeture compte supposer connaitre consommateur pose question savoir solde effectuer frais decouvert frais decouvert quotidien total rembourser compte total banque pnc ferme service escalade banque pnc appele declare service recouvrement alle aider frais indique travail raison travail ligne virus covid annee banque inquieter rien temps precedent penser être disposer fermer compte,produit_casse,elevee
banque cabinet avocat embauche refuser negocier solde dette contractee representer conjoint cabinet avocat credit suggere rester endommager tenter continuer percevoir interet opposer acceptation offre reglement complet equitabl divulgation legale possede dette idee banque achete vendre dette possede,produit_casse,elevee
annee conduite verification antecedent routine emploi rejete rapport antecedent checkr look report checkr envoye information negative payer course rapport independant revenu checkr clair irremediablement endommager opportunite emploi,produit_casse,elevee
commencer tot travail charge suspect declare conversation telephoniqu ete fermee note inexactitude formulaire appele signe suggere paperasse chose important cout reel opter signer paperasse ensuite declare erreur fixe envoye agent cloture maison nuire beaucoup chagrin signe document cloture contrainte savoir droit agent fermeture lendemain matin diligence raisonnable faxe mail droit annulation fairway choisir ignorer droit annulation vouloir besoin attention vouloir point attention bon moyen telephone accroch contacter reprise tentativ intimidation accepter rester fairway simplement illegal fairway continuer envoyer facture hypothecair document legal indiquer devoir cote credit affectee negativement obtenir societe pret hypothecaire financee mois tal hypothecair actuellement refuser rester societe corrompre aimer respectueusement demander totalite hypotheque pardonner fairway corrompre reconnaitre enfreindre loi federal remercier temps prendre compte,produit_casse,elevee
pennsylvani agence aide enseignement superieur aes contacter reprise probleme covid pret marqu disqualifier entreprise pire service clientele soin rien resultat enquete pret facture paiement interet initial covid relief acte essentiellement mange pret gouvernement continuer facturer interet covid desole essayer travail precedent temp comprendre non droit alle facturer interet vraiment louche baril recommander jamais utiliser kid way leander dieu pret etudiant suspendre paiement interet salaud,produit_casse,elevee
soc sec dob adresse attention litige departement aujourd date serf notifier information inexact rapport credit fichier lettre envoyee courrier recommander objectif escalade formel tribunal approprier droit besoin surgir recemment refuser demande pret hypothecair voiture carte credit assurance maladie emploi florid ddupon regarder raison information inexact rapport credit carte securite social identite floride vole contester accusation prouver compte frauduleux inclus copie rapport police inutilement embarrasser partie surveillance partie journalist credit information erronee degradantes diffamatoire endommager bon credit empeche chose absolument necessair cause beaucoup stress affecter sante court qualite vie affecter negativement information inexact rapport credit detaille bkpt xxxxxxx dossier source fichier date montant statut date demandeur type action statut chapitre faillite rejete auto faillite chapitre soc sec dob adresse,produit_casse,elevee
recemment alle acheter vehicule trouver refuser raison erreur partie financier comptabilite precise dernier paiement location effectuer montant jour retourne ancien montant bail paiement necessair fermer bail voir page joindre deuxiem article tire paiement electroniqu recu bancaire code confirmation paiement electroniqu montrer banque inclus page releve bancaire mensuel montrer paiement effectuer montant financier demande reprise financier immediatement corriger erreur fermer compte contacter bureau credit restaurer bon foi recu refus credit joint resultat action detruit processus credit,produit_casse,critique
atteindre collectch diversifier compte joint lettre envoyee certifier joint reponse recu nom creancier origine date presume montant service fcra etat information reporting verifiabl precis information supprimee loi federal collectch diversification reporting inverifiabl information inexact credit endommager credit intention plaider supprimer fichier demande rapport credit fournir contrat ecrit documentation physique support information reporting rapport credit portail cfpb envoyer capture ecran envoyer declaration medical envoyer signature reell contrat dette min,produit_casse,critique
fois recuperation portefeuille association llc appel montant solde xxxxxxx dollar disparaître fois appelant anglais casse essayer harceler faire paiement dernier lettre etat solde offrir montant solde reduit payer annee complet vivant chequ securite social mois raison pandemie travail temps partiel travail vente detail raison preoccupation mauvais solde dette atteint prescription loi illinois,produit_casse,elevee
rentrer maison mission aller courrier lettr banque ameriqu conseil statut tentative ouvrir compte moment tentative ouverture compte banque refusee tentativ banque requérir identite raison loi patriote banque ameriqu compte envoye banque atm carte adresse instruction activation solde montant etabli compte bancaire americain sonner cheque papier emis venir boite lettre carte atm essayer contact parler donne numero securite social credit terrifi endommag impact mauvais quelqu essayant voler identite banque personnel xxxxxxxx contacter commission federal commerce pler aider travailler dur lutte beaucoup malefiqu rip fraude identifier vol site telechargement document permettre telecharger document beaucoup,produit_casse,elevee
vouloir excuser definitivement train apprendre vraiment essayer comprendre ete cree espace hrey organisation fonctionner recevoir soin ambulatoire terminer mois manqu paiement effectuer paiement probleme medical supplementair laisse incapable executer responsabilite financier applique modification pret approuver maison endommagee raison ouragan florence catastrophe naturel declaree rapport credit chang fois liberte hypothequ mettre statut delinquer mois abstention catastrophe naturel ordre militaire impact information rapportee agence credit annee abstention courant ete abstention mettre œuvre rapport positif information negative rapporteer pler pardonner ignorance,produit_casse,critique
atteindre collectch diversifier adresse compte associer jamais vecu lettre joindre envoyee certifiee joindre reponse recue nom creancier origine date presume montant service fcra etat information rapport verifiabl preci information supprimee loi federal collectch rapport diversifie inverifiable information inexact credit endommager credit intention plaider supprimer fichier demande rapport credit fournir contrat ecrit documentation physique support information reporting rapport credit portail cfpb envoyer capture ecran envoyer declaration medical envoyer signature reell contrat dette,produit_casse,critique
rapport credit marqu montant collecte regle annee recu lettre agence recouvrement indiquer jour payer attente lettre charge produire entreprise declar recouvrement compte injustice complet recu lettre avance donner tete compte rapporter deuxiemement donne date limite paiement terminer compte rapporter collection rapport credit bien comprendre entreprise attendre appliquer hypotheque type pret compte endommager depose litige besoin savoir gars aider concerner,produit_casse,elevee
bien vouloir vraiment revenir probleme pensee reparation devinette banque huntington gon huntington assurance habitation desordre charge recherchee assuranc habitation force passer rembourser defaut trouver toit payer heureux defaut admettre plafond foire incident huntington savoir redresser probleme evidemment toit endommager interieur plafond endommag tempete huntington envoye prendre photo plafond perdre reussi desole orthograph incorrect temps trouver plafond refuser souvenir raison exact rappeler correctement essayer dire toit ete endommager non sens charpentier plafond dommage air horrible appele fois jamais recevoir rappel direct appeler assurance huntington savoir aller savoir question travail envoyer partie entreprise renvoyer perdre temps obtenir delt appele heure semaine dernier gateau lundi capable revenir besoin quelqu savoir passer premiere fois horrible probleme joindre quelqu,produit_casse,elevee
base lettre precedent datee directeur district operation titlemax appele vehicule informe excellent etat vendre enchere recuperer montant accepter offrir payer vehicule base discussion convenir option effectuer paiement titlemax magasin titlemax representer signe accord liberation vehicule choisir titlema envoye vehicule enchere observer deplacer parking parking aide chariot elevateur cle vehicule prendre vehicule entretien programme informe vehicule endommager raison remorquage incorrect bras commande arriere endommager raison chariot elevateur origine entreprise remorquage mauvais manipulation support echappement vehicule endommager besoin reparation evaluation dommage cout estime attache dommage cause usure anormal pneu dommage mineur zone porte conducteur coffre agent titlemax ouvrir vehicule reprise possession contacter titlemax ecrit demander payer reparation reponse datee titlemax convenir somme reparation dommage tentative repetee contacter magasin organiser signer document liberation arr,produit_casse,elevee
dob adresse xxxxxxx attention litige departement aujourd date serf notifier information inexact rapport credit fichier lettre envoyee courrier recommander objectif escalade formel tribunal approprier loi besoin surgir recemment refuser demande hypothequ pret voiture carte credit assurance maladie emploi florid regarder raison information inexact rapport credit carte identite floride carte securite social volee contestation frais prouver compte frauduleux inclus copie rapport police inutilement embarrasser partie surveillance partie journalist credit information erronee degradantes diffamatoire endommager bon solvabilite empeche chose absolument necessair cause beaucoup stress affecter sante court qualite vie affecter negativement information inexact rapport credit detaille dernier solde signaler dernier solde signaler dernier solde signaler dernier solde signaler adresse ddn xxxxxxx xxxxxxxx,produit_casse,elevee
facturation serieus taux interet usuraire taux facturation ere precedent taux pandemie refuser taux inferieur multiple demande,produit_casse,elevee
soc sec dob adresse attention litige departement aujourd date serf notifier information inexact rapport credit fichier lettre envoyee courrier recommander objectif escalade formel tribunal approprier droit besoin surgir recemment refuser demande pret hypothecair voiture carte credit assurance maladie emploi florid ddupon regarder raison information inexact rapport credit carte securite social identite floride vole contester accusation prouver compte frauduleux inclus copie rapport police inutilement embarrasser partie surveillance partie journalist credit information erronee degradantes diffamatoire endommager bon credit empeche chose absolument necessair cause beaucoup stress affecter sante court qualite vie affecter negativement information inexact rapport credit detaille xxxxxxx xxxxxxxx xxxxxxx soc sec dob adresse,produit_casse,elevee
accepter departement etat travail service exterieur poste adresse diplomatique mois recevoir lettre banque hypothequ societe dire essentiellement vivre exterieur maison conformite pret appele essayer trouver numero donner lettre numero service client general clart capable donner pret pret fha adresse informee necessair envoyer adresse reponse numero telephone pret fha adresse mail faciliter communication repondu lettre expliquer situation demander voir genre exception exclusion personnel militaire servir etranger perdre service domicile chose envoye lettre preuve emploi actuel obtenir lettre datee obtenir prolongation temporaire annee necessair repondre jour copie couverture assurance vente contrat location propriete recu lettre essentiellement jour delai devoir affecter service courrier vol international genre panique repondre prendre probablement jour tracker usp arriver semaine appele numero service client esperer,produit_casse,elevee
ditech long donne pret maison propriete etat vie idee donne pret pret assurer savoir titre alle prendre nom titre assurance pret documentation arriver frere defaut proceder essayer ramener maison vivre mere desordr cause souffrir financierement physiquement mentalement emotionnellement prendre presque prendre soin probleme refinancer avocat hypothecaire mentir avocat hypothecair ditech envoye document ancien locataire inclus titre maison achete recu pret information personnel envoye prendre possession colis arret payer loyer necessair embaucher avocat expulser appartement detruit prendre reparer vole carte credit essayer acheter article nouveau appartement appartement trou degats eau quelqu marche etage plafond tomber sentir horrible casser aider ecouter avocat engager prendre argent rien cense obtenir modification annee mois paiement recu appel refuser appel formalite administratif appropriee,produit_casse,elevee
pra state trouver record appui allegation limitation pra incorrectement utiliser obscene langage belliqueux offense utilisation langage portefeuille recuperation associer llc pra avis communication verbiag collecteur dette dette devoir collection mot trouver offensant blesse cause dommage physique reputation caractere avis recu moment inopportun pra contrat valide consenti convenir societe pra continu endommager credit pra tentative illegal prejudice securite interet libert action blessant dommageable violation propriete illegale titre limite usc titre usc titre usc article sec constitution etat uni ameriqu nunc pro tunc,produit_casse,elevee
essayer travailler acte luid continuer attente recu chose courrier electroniqu documer appel obtenir reponse demandee responsable appeler appel divorcer faire mieux empecher forclusion droit impossible sentir point vouloir aide travail vouloir forclusion maison appele cours dernier mois bien envoye courrier electroniqu entreprise rentrer maison securite entreprise pousse piece milieu recouvrir papier plastique propriete endommagee maison,produit_casse,elevee
maison endommagee tornade assurance chequ comprendre societe pret hypothecair hypotheque midland fournir estimation entrepreneur reparation toit bien photo reparation temporaire debris enlever personnellement midland refuser fournir fonds estimation cout deper cheque commencer fonds reparation saison ouragan peur securite famill toit endommager commencer intention voler argent,produit_casse,elevee
transunion information accablant prof transunion complice permettre lieu faux collection rapport credit capable obtenir information precieuse employe compatir creancier licence acquérir marque creancier acquérir creancier original decouvert loi mississippi gouverner tactique vente domicil intention gravement brise induire erreur acquerir compte confront entreprise dernier partie tactique dysfonctionnement equipement raison tempete lieu cesser effectuer paiement raison rupture flagrant contrat insu garde redaction compte fonds solde gauche etat maniere payer autour acquerir compte autoriser place transunion profil credit solde devoir entreprise solde initial creancier fois creancier transunion certifier compte exactitude manifestement faux soushttp societe exister ancien nom dba devoir dette reclamation transunion verifie supprime exister maniere societe autorisee lieu dette grand bureau nom hesitez placer credit dette fcra representer illegal,produit_casse,elevee
rapport dette frauduleusement declare dette quatriem compte ferme ferme rapport credit temp litige mettre jour rapport bureau credit information compte ferme compte charge credit detruit dette declar ferme charge vouloir prendre responsabilite dommage vehicule repo vehicule choisir fuite essence conduire beaucoup vehicule remorqu rayon partie liber compte information promesse mecanicien paiement dommage confirmer responsable dommage vehicule transport repare vehicule recherche mois necessair vehicule recuperer travail vehicule garde presque consulter libere compte information negociation recuperer vehicule vol vie travail vehicule credit payer vehicule inconduisibl appele entreprise enqueter fermer enquete merite souci vehicule pouvoir conduire fois racheter bien conseiller vehicule arriver pouvoir conduire prendre argent resultat voiture jamais capable conduire credit vehicule credit detruit emploi perdre vie vehicule reculer honorer mission libere compte,produit_casse,elevee
soc sec dob adresse xxxxxxx attention litige departement aujourd date serf notifier information inexact rapport credit fichier lettre envoyee courrier recommander objectif escalade formel tribunal approprier droit besoin surgir recemment refuser demande pret hypothecair voiture carte credit assurance maladie emploi florid regarder raison information inexact rapport credit carte identite floride carte securite social volee inclus copie vol identite affidavit inutilement embarrasser partie surveillance partie journaliste credit partie journaliste information erronee degradant diffamatoire endommager bon solvabilite empeche chose absolument necessair cause beaucoup stress affecter sante court qualite vie affecter negativement information inexact rapport credit detaille soc sec dob adresse,produit_casse,elevee
soc sec dob adresse attention litige departement aujourd date serf notifier information inexact rapport credit fichier lettre envoyee courrier recommander objectif escalade formel tribunal approprier droit besoin surgir recemment refuser demande pret hypothecair voiture carte credit assurance maladie emploi florid ddupon regarder raison information inexact rapport credit carte securite social identite floride vole contester accusation prouver compte frauduleux inclus copie rapport police inutilement embarrasser partie surveillance partie journalist credit information erronee degradantes diffamatoire endommager bon credit empeche chose absolument necessair cause beaucoup stress affecter sante court qualite vie affecter negativement information inexact rapport credit detaille soc sec dob adresse,produit_casse,elevee
texas attention relation client copie recemment obtenir copie rapport credit service trouver article erreur fournir documentation preuve article question inexact besoin supprimer rapport credit article litige rapport solde compte mine enquet mine banque enquet concessionnaire automobile enquete enquet auto financement enquet auto financement enquet auto financement enquet auto financement enquet automobile concessionnaire enquete automobile concessionnaire enquete auto financement enquet banque enquet auto financement enquet auto financement enquet auto financement enquet auto financement enquet auto concessionnaire enquete societe envoyee notification dette ftc loi notifie dette jour donne litige societe enfreindre compte besoin supprimer section credit rapport acte demander article indique rapidement supprimer article valide information inexact obsoleter ajout rapport credit demander description enquete menee nom adresse numero telephone contactee vouloir envoyer mise jour,produit_casse,elevee
annee compte ajouter rapport credit frauduleu autoriser compte maniere regler paiement fille compte payer compte courant compte devenir consentement reglage paiement fille facturer off compte annee papa travailler ssn ete supprimer annee naissance bien fille ssn devenir ssn credit bureau transunion attirer attention entreprise xxxxxxx new york annee important annee gauche probleme garder surface annee combat identite fille identite transunion supprimer information rapport credit contester depose plainte credit bureau cfpb probleme connaitre numero rapport incident detruit vie bien vie fille continuer combat identite aller site web modifier dernier chiffre ssn fille ssn bloc pointage credit gratuit ecraser annee dernier obtenir lettre indiquer trouver systeme heure envoi confirmation certifiee usp post annee combat fatigue envoi document document prouver identite fille annee heure survenir,produit_casse,elevee
rapport credit examiner trouver entree compte negativ enquete identifie place dossier credit connaissance enquet compte negativ cause grand action difficulte credit absolument idee information personnel obtenir individu dommage credit devenir difficile acquerir credit credit maniere endommagee situation controle essayer meilleur resolu demander pler enquete compte negativ supprimer dossier credit bientot garder esprit enquete compte appartenir,produit_casse,elevee
vouloir echanger solde mile option espece selectionne ligne site web entreprise erreur recue banque option ajoutee necessite banque lie contacter service client informe compte bancaire besoin paiement lier effectuer fonctionnalite fonctionner recevoir message erreur site web casse dysfonctionnement,produit_casse,elevee
lettre recue porte appartement besoin quitter appartement visag expulsion deplace email appele faire savoir partir gestionnaire complexe appartement assurer rien vouloir disparaître date recue lettre chasseur warfield expliquer client choque demande validation dette recu reponse document envoye dire loyer rembourse partie complexe appartement hunter warfield montant rien payer loyer mois dernier montre hunter warfield e-mail indiquer partir montre point paiement courir autour hunter warfield contacter contacter complexe appartement choisir essayer voir atteindre quelqu photo ive message gauche appartement rappeler iv chasseur dette conteste warfield dette devoir rapport credit refuser payer dette decourageer menti pointage credit reputation credit detruit mensonge,produit_casse,elevee
inquieter accorder raison reduction difficulte covid heure fermeture ecole fermeture bureau periode abstention commencer fin paiement signaler bureau credit compte hypothecair long jour souffrance cas ligne directrice federal rapport negatif effectuer agence credit abstention contacter information compte long reprendre rapport credit negatif tentative infructueux correction rapport credit contacter experian probleme conteste temps temps soumission document prouver frauduleusement declare credit retard lieu abstention recu lettre admettre rapportee incorrectement reparer document experian jamais fournir rapport credit endommager montrer incorrectement jour retard compte compte cas abstention directive federale aujourd rapport credit fixe,produit_casse,elevee
tentative repetee litige frais regulierement effectuer paiement mensuel credit detruit annee traitee mere stressee hospitalisee traiter accord scolaire deposer plainte procureur general ftc,produit_casse,elevee
annee vecue recuperation loyer essayer collecter sorte regle nettoye endroit impeccable photo gauche prouver photo faire nettoyer tapis devoir nettoyage profondeur appartement cass esprit aveugle payer aveugle necessair nettoyage profondeur nettoyage nettoyage normal prochain locataire vivre routine propre,produit_casse,elevee
regarder rapport credit trouver entree identifier enquete trouver compte negatif place credit connaissance enquet compte negatif cause beaucoup difficulte dossier credit idee capable faire enquete compte negatif conteste appartenir demander pler enquete compte negatif supprimer dossier credit bientot credit endommager quelqu vole identite subir consequence,produit_casse,elevee
numero choisir article xxxxxxxx tombe nettoye sec tot semaine maison decouvert taie oreiller identique endommag ruine raison negligence commercant materiau housse coussin effiloch tache noir housse heure actuel depot taie oreiller fermeture eclair detruite raison negligence commercant taie oreiller excellent etat temps correspondant taie oreiller pratiquement neuf achete retourne nettoyeur sec lendemain probleme adresse vouloir noter incident reception endommager bon service marchand incident survenir nettoyeur sec accepter bon soumissionner paiement refuser assumer responsabilite dommage cause marchand declare reparer oreiller endommager donne opportunite commercer refuser remboursement argent service endommager bon litige depose illegalement citi fournir documentation information soutien reclamation citi statue faveur commercer bon endommager recevoir service payer nettoyeur sec reparer succe housse oreiller endommag fermeture eclair cout supplementair besoin remplacer barrage,produit_casse,elevee
soc sec dob adresse attention litige departement aujourd date serf notifier information inexact rapport credit fichier lettre envoyee courrier recommander objectif escalade formel tribunal approprier droit besoin surgir recemment refuser demande pret hypothecair voiture carte credit assurance maladie emploi florid ddupon regarder raison information inexact rapport credit carte securite social identite floride vole contester accusation prouver compte frauduleux inclus copie rapport police inutilement embarrasser partie surveillance partie journalist credit information erronee degradantes diffamatoire endommager bon credit empeche chose absolument necessair cause beaucoup stress affecter sante court qualite vie affecter negativement information inexact rapport credit detaille xxxxxxx soc sec dob adresse,produit_casse,elevee
jour enqueter dire enqueter nouveau information violation ftc loi rapport credit equitable periode jour californie loi adherer affaire californie courrier depose loi considerer recu consequer violation loi californien causer dommage responsable triple temps montant total dommage endommagee raison rapport errone,produit_casse,elevee
date magasin amazon carte credit synchronisation banque magasin matelas matelas ferme endommager mauvais qualite lendemain carte credit contestee,produit_casse,elevee
vetement achetes vetement totalise recu trou endommager fermeture eclair cassee depose litige refuser echange remboursement argent banque credite montant revelateur reclamation refusee rembourser politique politique echange etat envoyer commande incorrect article trou casse fermeture eclair,produit_casse,elevee
ecrit arnaqueur agent immobilier inspecteur avocat propriete demenagement pret fuite toit moul probleme electriqu eau courant mois hiver four casse compte sequestr etablir compte argent aller hud pret avocat refuser aide avoir besoin aide reparer payer maison pler,produit_casse,elevee
lettre envoyee article faussement mettre rapport credit prendre savoir raison temps reponse covid prendre temps habituel impression profiter ignor demande patient article negatif supprimer chercher information litige endommager raison violation donnee espere quelqu pler obtenir faux information supprimee,produit_casse,elevee
fuite information personnel information million situation americain affectee mentalement bien endommager score credit global sante credit principal bureau credit reporting compte dossier credit resultat direct vol identite loi rapport credit assurer rapport bureau information credit exact etape prendre assurer information rapporteer completement exact correct validation dette recue jour information compte difficulte actuellement rapporter dossier credit preferer plaider contact utilisation moyen tribunal publicite appliquer droit fcrer apporter information juge zone compte supprimer dossier credit loi rapport credit equitabl exiger supprimer compte rapport credit bientot avocat prendre mesure necessair ordre apporter information juge zone compte supprimer dossier credit bientot,produit_casse,elevee
cher officier client fidel wayfair derniere annee premier annee wayfair changer fois relation commercial carte credit compte gere societe recu communication compte consommateur wayfair ger indiquer relation affaire wayfair terminee confirmation sieg social wayfair declarer arriver client fidel affecter fermeture bouleverse manier wayfair traire client respect wayfair profil credit endommager fermeture compte raison explication application carte credit wayfair enquet difficile place profil credit inferieur court periode temp pointage credit extremement frustr mauvais gestion compt detruiser credit ligne etabli magasin ligne particulier autorite gouvernemental enqueter probleme legalite donne consommateur confronter institution financiere bascule affaire informer client membre personnel ajouter surprise membre personnel informe compte ete resilie envoyer note interne informer relation personnel prendre fin compensation,produit_casse,elevee
soc sec dob adresse attention litige departement aujourd date serf notifier information inexact rapport credit fichier lettre envoyee courrier recommander objectif escalade formel tribunal approprier droit besoin surgir recemment refuser demande pret hypothecair voiture carte credit assurance maladie emploi florid xxxx regarder raison information inexact rapport credit carte securite social carte identite floride volee contestation charge averee compte frauduleux inclus copie rapport police inutilement embarrasser partie surveillance partie journalist credit information erronee degradante diffamatoire endommagee bien solvabilite empeche chose absolument necessair cause beaucoup stress sant affectee court qualite vie affecter negativement information inexact rapport credit detaille soc sec dob adresse,produit_casse,elevee
plainte specifiquement localise contactee regler montant dette convenir payer copie demandee lettre reglement ecrite envoyee lettre convenir recue offrir reglement ecriture contact bureau lettre courrier valide bureau travail devoir expliquee conversation precedent indique lettre reglement envoyee poste lettre reglement mentionabl jamais relayee faxer lettre forcee creer numero fax ligne commander recevoir offre reglement endroit mail lettre courrier copie papier refusee lettr mail mettre lettre courrier forcer obtenir numero fax envoye copie cheque lettre reglement adresse chequ jamais encaisse lettre recue indiquer cheque retourne non encaisse direction explication lettre piece joindre envoyee cheque retourne envoye copie cheque lettre reglement retourne lettre declaree resident pler lire avis important avis lettre croire loi enfreindre informer droit resident appele bureau trouver refuser honneur convenir reglement accepter,produit_casse,elevee
achete amplificateur guitare recu article endommager partie manquant article utilisable objet depose litige societe carte credit fois marchand temporel demande produit documentation photo contact marchand calendrier article retourne jamais repondu prix achat societe carte credit carte citi mois vouloir retourner endommage article inutilisable remboursement,produit_casse,elevee
essayer obtenir pret propriete trouve activite frauduleux incredulite trouver connaitre auteur mere utiliser information contact relation endommag recemment harcelement diffamation traqu utiliser information piste medecin ancien conseiller ecole obtenir information resider etat trouver ancien adresse ami nature mort zone enquetee appelee adresse flic chequ aide social recherche confirmer resider numero appel texte ville incidenc cause grave anxiete nerveux peur vouloir peur vie besoin aide,produit_casse,elevee
depose plainte bureau particulier information incorrect enquete compte carte credit decouvrir reclamation exact supprimer compte immediatement terminer enquete supprimer compte hesitation attendre mesure prendre information negative entraver situation financier temps precedent joindre piece justificatif resultat enquete,produit_casse,critique
inquieter pler demander aide situation affaire grave impliquer activite frauduleux apparaître rapport credit personnel societe nommee texas identite volee impliquer bail automobile date pret resulter date rapportee solde bureau credit laisse abandonner rarement jamais voir rapport credit essaye achat article cout eleve montre enquete credit repertorie long organisation nommee immediatement depose rapport police local long differend remplissage grand societe credit long tentative prise contact envoye affidavit societe notarie jamais repondu differend refuser reclamation bailleur situation clairement frauduleux detruit credit personnel sentir prendre serieusement avantage age vivre simplement sincerement,produit_casse,critique
cible signaler compte frauduleusement credit ete facture credit ete endommag tentative demande cible ete ignore copie ecrite demande original paiement dire recu mois contestation compte ete ignorer finalement reglement proposer suppression lieu compte accord paiement supprimer paiement recu refuser supprimer compte rapport blessant beaucoup fournir police copier rapport carte identite carte comparer connaitre vol identite ignorer arrogance negligent condition preuve valider propriete compte prendre argent appartenir,produit_casse,elevee
date envoi lettre transunion demande inclus lettre information supprimer information credit inexact recuer copie rapport credit trouver erreur article valider numero compte compte vouloir fournir information article verifie enqueter supprimer rapport credit valider comptexxxx numero compte vouloir fournir information article verifie enqueter supprimer fourniture rapport credit loi rapport credit equitabl exiger article enquet rapport supprimer comprendre reverifier article creancier publier vouloir supprimer information creancier verifier comprendre loi rapport credit equitable sec completer journee lettre reception vouloir envoyer copie mettre jour rapport credit adresse loi facturera rapport mettre jour demander pler envoyer avis correction recu rapport credit an enquete transuion revenir resultat signaler demande repondu malheureusement impacte violation donnee sentiment bien demande completement ignore traitee frivole malheureux agence privee pouvoir infli,produit_casse,critique
notification recue hasard nouveau demande difficile magasin evidemment aujourd contacte service client beaucoup atteindre carte credit service client recevoir lettre appelee ensuite donne social application information personnel appele service client voir rapport credit mettre jour nouveau demande difficile reussir atteindre representant reel rappele service client expliquer faire erreur expliquer premiere mention portefeuille vole lundi chose sentir evidemment portefeuille identifier demande faire rapport police essayer portefeuille voiture volee cassee jour flic rappele rapport reel trouver option gauche obtenir contact gars representer,produit_casse,elevee
cheque vole boite lettre beneficiaire encaisse banque ameriqu boa insister fermer compte verification epargn compte montrer solde correct paiement refuser compte tire carte debit refusee boa capable fournir acce compte fonds payer facture payer bon processus resolution fraude carte debit boa casser pire fraude croire solution gouvernement imposer surveillance reglementair resolution fraude niveau processus incompetence departement fraude stupefier,produit_casse,elevee
dob adresse attention litige departement aujourd date serf notifier information inexact rapport credit fichier lettre envoyee courrier recommander objectif escalade formel tribunal approprier droit besoin surgir recemment refuser demande pret hypothecair voiture carte credit assurance maladie emploi florid ddupon regarder raison information inexact rapport credit carte identite floride carte securite social volee contester accusation averee compte frauduleux inclus copie rapport police inutilement embarrasser partie surveillance partie journalist credit information erronee degradantes diffamatoire endommager bon solvabilite empeche chose absolument necessair cause beaucoup stress affecter sante court qualite vie affecter negativement information inexact rapport credit detaille dernier solde signaler avancer dernier solde signaler dernier solde signaler dernier solde signaler adresse,produit_casse,elevee
entreprise harcelee dette responsable contrat signe donne autorisation obtenir lieu residence coordonnee continuer frequemment harcelement appele reprise moment inopportun reprise estimer consommateur enfreindre droit consommation trouver usc,produit_casse,elevee
passer commande macy bouteille ligne homme colon montant colis arriver voir endommager ouverture colis decouvert bouteille endommagee liquide echapp bouteille casse vide immediatement depose litige macy date ligne macy repondu litige bien jour repondu litige donne credit,produit_casse,critique
propriete vendre georgi propriete possede argent sequestr laisse recemment verifie boite postal georgi case cocher enveloppe chequ endommager veille marque vieux argent encaisse contact pph motgage obtenir reponse mois envoyer copie chequ departement recherche fois faxe copie fois obtenir cheque remplacement sequestr argent fois appel rien regarder,produit_casse,elevee
tentative atteindre pro collecter occasion dette dire jamais devoir compte creancier original recu reponse demandee montrer documentation signee contrat connaitre contrat signe pro collecter autoriser ouverture nom compte illegal ajouter information inexact non verifiee profil credit exigeant pro collecter fournir contrat original signe prouver tentative recouvrement dette preuve correct collecteur dette agree etat essayer collecter numero licence preuve autorite legale representer creancier origine question juridique chose fournir remettre avocat chercher remuneration entree droit rapport credit illegal endommag cote credit,produit_casse,elevee
pret hypothecair ferme xxxxxxx pret usda jamais manque paiement mari mettre raison pandemie accepter abstention offrir liberte pret hypothecair achete position acceptee reinstallation regarder commencer processus vente propriete offrir propriete acceptee commencer processus financement propriet immediatement evaluer credit achat propriete croire pret usda vendeur approprier propriete impatient vendre initialement demande date cloture convenu agent pret appele mettre jour statut abstention souscription propriete mal terminer pret propriete croire pouvoir fournir documentation montrer montant abstention payer fin hypotheque somme ballon releve pret actuel indiquer paiement mensuel habituel indiquer abstention devoir souscription satisfaite continuer mot montrer propriete hypothecair actuel geree maniere responsable malheureusement declaration libert hypothequ extremement obtus indiquer pret souffrance abstention requérir payer declaration temps devoir paiement ballon declaration recent joindre,produit_casse,critique
ecrit cheque penser entreprise demenagement contrat juridiquement contraignant entrepreneur vendre illegalement demenagement choisir appartenir prix illegalement augmenter signe facture chargement preuve document altere faire apparaitre fournir cheque demenageur maison menace indiquer boxeur forme prison condamnation signe facture chargement accord ecrit cheque ecrit ordre paiement panique mot haut interetatiqu facture chargement forme bien fargo autoriser chequ depot client ecrit organisation entreprise implique demenagement certainement nom correct depose compte individuel manquer entreprise appartenir contracte livrer bon service appele bien fargo rien depot cheque inexact quelqu compte expliquer organisation capable executer stratageme fraude long entreprise adresse principal contractee communiquee arrivee programmee chauffeur adresse principal dot choisir appartenir nom opere point legal appartenir adresse principal stockee dot livre appartenir traiter manquant casse organisation opere illegalement arnaqu,produit_casse,elevee
ensemble carte credit walmart paiement automatique jamais manque travail coupl annee carte vendre prendre paiement automatique appele reprise essayer organiser paiement automatique arreter rappeler rappeler arreter cheque courrier travail route facture paiement excessivement manqu effort repete payer facture retablir paiement automatique credit endommager,produit_casse,elevee
plan remboursement service fay mois depart soumission paiement bihebdomadaire banque paiement facture plan paiement non officiel cense terminer paiement mensuel regulier commencer service fay temps paiement preuve banque facture payer temps envoi cause plan remboursement cass gestionnaire rayon conseiller fonctionner usine remboursement continuer effectuer paiement aujourd fay service compte attente fonds applique paiement hypothecair representer representant hier conseiller preforclusion apporter compte courant utiliser fonds compte attente addition appeler trouver type soulagement incitatif offrir droit personne perdre emploi conseille eligibl raison conseiller lettre envoyee informer compte attente paiement hypothecaire complet societe garder deliberement argent compte attente assurer aller forclusion representer conseiller annee derniere subir retard essayer modification pret fay entretien refuser chose offrir plan remboursement honorer erreur fin proo,produit_casse,elevee
voiture achetee mois carhop attrape paiement temps opportun moteur remplacer mil sentir bientot penser voiture bon remplacement alle voyage cote petit amie probleme chien cout presque grand prendre voiture trouver joint homocinetiqu depouill mecanicien precedent axel fissure photo declaration fixe axel diriger maison desert nevada puissance perdre ete remorque ville poch cout appele carhop mecanicien trouver alternateur donne voiture hop remplacer alternateur voiture tour gaz travail bloqu petit ville nevada jour cout financier courir sec regardant dollar carte mer partie voitur incertain rentrer maison sentir carhop location mecanicien cher donner voiture defectueus facturer beaucoup beaucoup voiture trouvee valoir mieux payer aller vouloir voiture vouloir remboursement mensuel payer temps opportun vouloir mauvais credit produire beaucoup croire voiture saute entreprise scandaleux,produit_casse,elevee
credit recu raison voyage annuler carte montree carte credit allee banque retirer ledit montant jour carte montre montant frais avance fonds contacter capitole carte bancaire service client expliquer frais avance credit facture mettre attente demander revenir lot verbiage declare renoncer raison logique contacter voir option frer payer vouloir credit endommag esperer resoudre probleme,produit_casse,elevee
voir lettre reclamation fraude joindre date reclamation etat uni prendre annee enquete complet lettre credit temporaire allegue faire maniere permanent voir declaration confirmer credit commercant credit etat uni voir transaction joindre transaction signale fraude marchand credit deduit solde titulaire carte tenir responsable voir transaction joindre transaction double charge non autorisee total remettre carte deuxiem fois voir cas vol identite joint usaa notifier vol identite user jamais fournir fraude credit permanent usaa detruit collecte credit vol identite,produit_casse,elevee
rapport credit personnel compte multiple non valide article jamais valide creancier aucun compte relation jamais venir rapport appartenance annee ive bureau credit supprimer blocage compte frauduleux conformement loi fcra envoye document necessair necessair activer compte blocage agence credit recu preuve concrete validation article rapporter agence credit crediteur blaspheme bureau credit desobeisser volontairement loi credit depense consommation essayer retablir identite agence credit aide besoin cfpb superviser assurer agence credit travail bon devoir forme fournir preuve complet validation compte fraude considere exact valide conformement loi fcra jamais embauche entreprise credit aide milieu evenement tragique appel telephonique sincere question posee bureau reponse obtenir etude ligne loi fcra libre crime consommateur bon gars bureau gauche dernier reponse cfpb honorant demande societe credit embauche penser litige autoriser rocket science falloir savoir ligne yall,produit_casse,elevee
reclamation protection assurance telephone portable deposee telephone accidentellement endommager dela reparation banque signature bleu carte visa aka reclamation banque fournir administrateur copie valide facture carte credit original recu achat original recu reparation information garantie bien capture ecran reclamation prix telephone remplacement actuel refusee refusee appel raison donnee soumission complet demande reclamation programme gestionnaire garantie malheureusement incapable honorer reclamation devoir date perte garantie fabricant valide vouloir contacter fabricant couverture avantage reparation miroir couverture fabricant cause reclamee defaillance produit couvert garantie fabricant reclamation titulaire carte bancaire guide protection telephone portable site web http carte fournir couverture assurance telephone portable fournir couverture contre dommage accidentel garantie assurance applicable exister couvrir article assurance contre perte site web fabricant dommage physique accidentel dispositif specifiquement exclure couverture garantie appel telephonique multiple,produit_casse,elevee
voir joindre lettre reclamation fraude alleguer credit temporaire permanent voir relev joint credit marchand credit temporaire faire voir rapport fraude joint transaction signale fraude mois besoin rien usaa poursuivre fraude obtenir lettre avis resultat enquet commencer enquete complet credit temporaire permanent vouloir noter credit prendre annee faire permanent vouloir noter credit permanent jamais fournir tenir responsable vol identite voir cas vol identite joint usaa credit detruit fraude credit fournir annee membre consommateur responsable fraude usaa,produit_casse,elevee
capital responsable dommage poindre cote credit contacter bureau credit trouver chute survenir capital point responsable chute appele capital occasion mail appel telephonique decide diminuer annee compte carte credit excellent limite credit societe restructuration limite credit inverser dommage cote credit score conteste capital nom capital refuser decision inverse reparation dommage fait pointage credit mettre repeter litige capital jour rapport probleme societe bien procureur general etat carolin sud envoye declaration mot agence evaluation credit communiquer enquete credit transpirer rapport credit tri chose besoin arret credit monde important carte credit inutilement endommagee entreprise erronee rien creer dommage necessair voir dommage repare piece justificatif vouloir contacter information supplementaire besoin aide assistance,produit_casse,elevee
afficher bouton info bulle xxxxdisput sdisput sdisput sdisput xxxxdisput sdispute sdisput sdisput sdisput sdisput xxxxdisput xxxxdisput xxxxdisput xxxxdisput dept dept edxxxxdisput dept dept dept xxxxdisput xxxxdisput xxxxdisput xxxxdisput xxxxdisput xxxxdifferend violation cass ftc reporting rapport temps dette pratique equitabl matier dette,produit_casse,elevee
injustement place transunion rapport credit collection acct licence entreprise exploiter georgie achete inexact non valide non verifie collection frauduleux acct societe licence exploiter georgi societe entit exister jamais entreprise acct quelqu prendre minute recherche etat entreprise recherche site web page site trouver licence entreprise exploiter entreprise societe appelee licence perdre exploiter fraude financier crime ironiquement payer facture etat illegalement exploiter licence mepris faille vendre inexact non verifie collection frauduleux acct licence exploiter enqueter apparemment enfreindre loi detruit vie credit compte collection frauduleux compte frauduleux rapport credit transunion conteste inexact compte frauduleux transunion montre preuve ecrite intentionnellement malveillance refuser supprimer douloureux compte frauduleux inexact credit transunion pler aider remercier avance reflechi,produit_casse,elevee
declaration realisee citibank credit reduit recevoir notification faire plainte appeler service client employe connaitre raison lettre envoyee citibank entreprise credit affecter maniere inhabituel payer minimum requérir jamais arriere paiement affecter score credit affecter endommager dommage acheter decision faire carte credit citibank jamais carte credit banque credit depasser limite ouvrir cas compte banque considere discriminatoire,produit_casse,elevee
tentative fermeture compte paypal mois systeme cass fonctionnement utiliser systeme automatise permettre acce transfert argent automatise suivre invite mnno avil temps incalculable reponse cours automatise revenir arriere systeme inutile nauseam appele numero joue jeu possibilite aide cause beaucoup frustration stress dernier mois espoir aide,produit_casse,elevee
quelqu vole identite compte cheque autour banque chase chase envoye courrier carte debit appele chase service client premier fois bientot recevoir carte debit faire savoir compte fermer fermer carte debit detruite pensee prise charge recu mailing chase recu cheque recapitulatif compte courant solde debut compte respectivement facture deviner moyen annuler solde final concerner sembler bien appele chase telephone long duree transfere fois assurer compte ferme rapport identite volee bureau credit obtenir lettre recouvrement compte chasse fois lettre recouvrement total ensemble date ensemble date demander lettre precedent facture appele poursuite ete maintenir departement rebondir departement enregistrer vol identite appele fois appel recer finalement ete envoye femme nommee departement fraude envoi paquet correspondance permettre signaler officiellement identite,produit_casse,elevee
achete lit superposer troisieme lit coulissant magasin meuble ville donne ligne credit banque synchronisation livraison lit coulissant ajustement lit superpose appele magasin detail reprendre rendre convenir donner appel visite magasin appel plaindre livraison banque synchronisation lit coulissant donne pire partie dette banque synchronisation marchandise jamais recevoir informe banque synchronisation debut mois magasin dernier fois nom banque synchronisation demande proprietaire lit coulissant certainement jamais livre frustration informe banque synchronisation lit coulissant rentrer attendre livraison non obtenir refacturation demandee reprise solde refacturation temps representant falloir demander marchandise magasin meuble credit detruit,produit_casse,elevee
banque dovenmuhl retenue montant sequestre mois dernier difficile temps precedent banque reactiv argent refinancement hypothecair banque loi droit montant sequestre temps contacter banque premier enquete faire demande controle statut chequ venir deuxiem enquete faire demande chequ besoin aller systeme obtenir jour troisiem enquete faire demande chequ courrier quatriem enquete faire demande chequ sequestre cheque superviseur venir aujourd mois attente coronavirus periode difficile temps banque retenir argent ordinaire immoral contraire ethiqu,produit_casse,elevee
charge depot solde place chasse visa compte carte credit location vacance periode location propriete vacance annoncee propre coffre fort donne circonstance precedent pandemie cdc emis recommandation nettoyage assainissement norm location jugee minimal necessair securite public echec norme consideree dangereux raisonnable attendre norme respectee propriete vacance propre coffre fort annoncer marchand contact obtenir confirmation norm nettoyage utilisee confirmer propriete espace commun inclus service payant propre coffre fort tentative reception documentation ignor service marchand raisonnablement considere defectueux tentative resolution probleme commercer infructueux litige emetteur carte credit poursuite litige refuser lettre recu periode location expiree service rendre retrofacturation resolution litige lettre chass raison ignore litige revendiqu politique annulation jamais remettre question reclamation sol service rendre categorie automne erreur facturation marchand continuer,produit_casse,elevee
entreprise implique pression achat kilometre occasion expliquer voiture neuf probleme malheureusement voiture mois dernier prendre bien soin cas voiture occasion prendre responsabilite grossier fois essayer apporter controle voiture essayer gentil temps voiture jamais aide offrir payer dernier temps apporter repare fuite cassee jour ete repare completement echoue arret fonctionner grossier faute donne coup pied gauche voiture casse devoir banque refuser aider client raconter histoire similaire bientot acheter enquete force voiture changement huile gratuit faire signe etoil avis avi mauvais service client mauvais,produit_casse,elevee
envoye facture affiche compte immediatement contacter faire savoir divergence insister maniere dette numero compte appartenir dette nom affiche adresse numero compte continu recevoir releve numero compte appel continu essayer obtenir fond recu lettre indiquer solde mystere compte transfere pere bel mere titre dette realisee eventuellement pere nom famille sorte manque petit difference nom deuxieme prenom titre melangeer compte adresse facturation attribution dette lettre membre executif relation equip numero contact erreur reconnaître emis excuse inconvenier fournir nom numero contact adresse question continu recu appel facture numero compte identifier pere reclamant dette min charge continuer probleme dette resolu proced numero contact fournir disponible jamais entendre representer tentative message vocal presents aujourd mois recois releve appel agence recouvrement,produit_casse,critique
compte bancaire astoria bank destiner revenir arriere donne autorisation compte courtage transfert fonds liquide transfert fonds astoria bank voir releve information vole courrier vol banque informe probleme consommateur jamais protege courant victime fraude compte prendre malheureusement identifier contacter succursale contact entreprise succursale contact produire fournir accord original changer numero routage banque transferer quelqu utiliser identifier vraiment important crier fort soin entendre argent illegalement retirer depose reside lieu annee rien changer suivre loi adresse mettre jour licence contactee appelee jamais recu courrier date voir adresse mysterieusement changee arrete envoyer protection declaration quelqu recu courrier numero compte voir souhaiter appele fois obtenir declaration vole arriere trouver contrat bancaire reel avis envoye collecteur dette poursuivre justice changer dba chose harcelement horrible annee emission information,produit_casse,elevee
iv temps faible voisin environnant ciblant information identification utiliser information identification remarquer monde autour entrer perimetre capable utiliser activite web acheter technologie materialist couteus essentiellement capable enfuir presque annee obtenir dispositif pret clouer trace espere comprendre poursuite complete detruiter annee pler disponible information stockee carte sim obtenir personnellement,produit_casse,elevee
ligne credit banque pandemie covid essayer vraiment rester top paiement ameliorer limite credit montant banque ligne montre montant respecter date echeance apparemment montant montre montant avis temps appel telephoniqu gestionnaire courrier electroniqu declare courir historique credit rapport diminution limite credit notification swoop lettre changement apparemment envoye jour attente diminuer automatiquement date inferieur solde placer automatiquement limite credit allouee solde negatif prendre pointage credit achat effectuer carte abonnement annuel essayer payer credit obtenir debit determine concentrer essayer ameliorer pointage credit ecrase point chute avis avertissement coupe raison pandemie mondial bon historique paie entreprise presque recompense frustr arriver soutenir consommateur comprendre effectuer paiement raison justifiee pointage credit vraiment decourageer vitalite aller enfant quitte accord,produit_casse,elevee
taux interet carte credit sears taux interet carte bancaire citi soutenir carte extremement eleve profiter minorite credit pauvre appele voir taux interet reduit aider fermer gouvernement voir fermeture revenir annee croire citi sears profiter faible revenu ecrase perte emploi croire interet ete reduit sears obtenir argent cher nourrir prendre avantage injuste client,produit_casse,elevee
soc sec dob adresse attention litige departement aujourd date serf notifier information inexact rapport credit fichier lettre envoyee courrier recommander objectif escalade formel tribunal approprier droit besoin surgir recemment refuser demande pret hypothecair voiture carte credit assurance maladie emploi florid ddupon regarder raison information inexact rapport credit carte securite social identite floride vole contester accusation prouver compte frauduleux inclus copie rapport police inutilement embarrasser partie surveillance partie journalist credit information erronee degradantes diffamatoire endommager bon credit empeche chose absolument necessair cause beaucoup affecter sant court qualite vie affecter negativement information inexact rapport credit detaille soc sec dob adresse,produit_casse,elevee
tentative resolution probleme entreprise refuser occasion demande validation dette preuve reclamation dette devoir entreprise envoye envoi certifie demander validation dette preuve reclamation recue dernier demande faire telephone nom representant transfere superviseur processu demande suspendre intentionnellement evite communication refusee supprimer dette rapport credit processus litige loi recouvrement creance compte serieusement endommager rapport credit illegal pratique commercial contraire ethiqu,produit_casse,elevee
appele equifax obtenir gel securite placer dossier credit robot automatise permettre poser question essayer option ligne traiter gel credit donne numero telephone appeler systeme reussite robot probleme casse bureau savoir credit ete viole tot obtenir meilleur gel,produit_casse,elevee
demande soumettre banque preapprobation hypothecair soumettre dur credit pull societe appelee notification ulterieure recue tiers transunion pointage credit point tombe jour lendemain credit dur tirer point credit excessif particulier gamme transaction verifie traiter demande rapport ligne score baisse affecter comportement gamme attendre changement rapport transunion tire dur credit pull contacter transunion divulguer produire comprendre pointage credit algorithmique gard referer capable rapport regard comprendre facteur comprendre facteur comprendre bon reputation considerablement endommagee demander ligne credit hypothecaire repondrer question confirmer score frappe garder service routage ordre surveillance credit voir score,produit_casse,elevee
lettre envoyee pointer doigt faux compte inexact rapport credit presque jour repondu litige echec fcra enqueter litige avi jour article date consommateur agence recoit avis litige article litigieux conforme paragraphe pleinement conscier violation fcra reputation endommagee fcra causer stress demande compte supprimer rapport credit immediatement cause information impactee violation donnee litige fichier,produit_casse,critique
hypotheque vendre service gestion pret rushmore mois capable creer compte signer effectuer paiement fois systeme journalisation echoue reconnaitre correctement mot passer journal disparaître temps processus reinitialisation mot passer semaine dernier systeme temps probleme compte poubelle site web utilisateur connecter compte hypotheque achetee rushmore service gestion pret rapport bureau credit paiement hypotheque appele ledit prendre jour periode pret rapport jour demande bureau credit periode jour terminer journee demandee bureau reporting commencer poser question pret rushmore lieu rushmore rapporter historique paiement bureau credit rushmore service gestion pret adresse mail consommateur poser question travail resoudre probleme telephone numero message initial expliquer volume appel eleve verbalement instruire capacite lecteur script repondre question portail journal ligne dela casse autoriser journal consommateur,produit_casse,elevee
illegal prendre reglement dollar recuperer dommage autoriser legalement dommage haut autorite attendre attaque criminel illegal ete tenue responsable contacter fbi differend attendre dommage totalement non associer annee attendre score credit autour parfait payeur facture histoire dette attendre crime non associer criminel fraichement continuer vie fardeau illegal non autoriser hypotheque detruite presente attendre repare eventuellement nom famille double dieu benisse ameriqu service continu heureux jour souvenir meilleur respect,produit_casse,elevee
aujourd date soc sec dob adresse reponse cfpb plainte serf notifier information inexact rapport credit fichier envoye lettre courrier recommander objectif escalade formel tribunal approprier droit besoin surgir recemment refuser demande hypothequ pret voiture carte credit assurance maladie emploi florid xxxx regarder raison information inexact rapport credit carte securite social volee contester charge prouve compte frauduleux inclus copie rapport police inutilement embarrasser partie surveillance partie journalist credit information erronees degradantes diffamatoire endommager bon solvabilite empeche chose vraiment necessair cause beaucoup stress affecter sante court qualite vie affecter negativement information inexact rapport credit detaille educ dpedxxxx soc sec dob adresse fondamentalement stupide venir lettre place enquet approprie reclamation utiliser societe reparation credit pler conscient prochain option courrier certifi horodatage proces pler,produit_casse,elevee
essayer payer capital montant compte carte credit essayer payer capital processus compte carte credit essayer payer compte epargne commettre fraude compte epargne cooperativ credit temps essayer payer discuter question directeur principal grand systeme paiement reconnaitre paiement suppose frauduleux decide faire montant inferieur paiement pay complet continuer faire paiement compte epargne continu paiement final appele succe soumettre representer telephone lundi appele assurer paiement final publier choc entendre paiement renvoye compte compte frauduleux accepter continuer prendre paiement paiement final payer mari capital compte carte credit paiement accepter retourne demande aller succursale effectuer paiement dernier directeur principal oui lendemain alle succursale parler caissier capital banque telephone portable permettre caissier prendre paiement espece arger fenetre caissier conversation affaire situation public mond heure actuel virus corona information personnel pub,produit_casse,elevee
processus demande cass mal mal divulguer question initial conjoint gel credit lieu violation accentuation application demande rejetee besoin ascenseur gel ordre appliquer hsbc utiliser rapport cra premier instance produit prolonger evaluation credit defaut problematiqu rapport arriver verification compte bancaire rappeler divulgation rapport cra double verification mentionner etat page destination produit tirer rapport cra hsbc tirer rapport equivoque avance lever gel lever gel appliquer aller rigmarole telecharger preuve adresse internet facture service public temps application accepter attente initier depot essai verifier information compte bancaire exister verifier hsbc refuser demande incapable verifier adresse demandeur impair soumettre justification adresse appeler obtenir equipe approprie poser probleme telecharger vouloir releve bancaire bulletin paie place emettre rapport arc chose correspondre pler appeler reparer rapport arc essayer utile,produit_casse,elevee
synovu bank fois demande caissier donner impression compte courant drive thru one jamais donne tirer obtenir copie limite quotidien supposee jour banque autorisee retrait atm georgie dysfonctionnement fonds prendre quelqu carte information coince machine realise alle arriere magasin client donne carte prendre compte realise aller travail quart travail signaler banque banque revenir appel prendre semaine donne information mieux aller affaire demande frer facturation banque ete remboursee frais maintenance argent beaucoup representer litige appele dossier rapport police demande payer representant prendre declaration aller mettre frauduleu dire atm machine dysfonctionnement probleme sembler suspect ami machine distributeur defectueux lecteur carte user endommage clavier cass logiciel dysfonctionnement recu distributeur automatique adresse utilisee distribuer recu papier preuve soumettre representant banque synovu rappeler fichier necessair rapport police appel effectuer recu,produit_casse,elevee
essayer occasion essayer signaler compte fraude continuer faute mettre argent carte payer score fico detruit victime fraude credit detruit faute dollar,produit_casse,elevee
compte chequ banque ouest protection contre decouvert numero effectuer achat ligne transaction precedent compte chequ montre solde positif utiliser application telephone banque ouest transaction inferieur fonds disponible immediatement connaître solde positif initier transfert solde compte compte courant transaction ligne apparemment casser transaction distinct produire marchand frais expedition autoriser charge achat jour transaction publier solde disponible malheureusement transfert solde post aboutir compte decouvert lendemain recu frais decouvert charge appele banque ouest demander charge resulter frais decouvert charge postee compte devenir charge negativ generee frais charge jour frais decouvert montre compte appele demander frais supplementaire affiche compte negatif nouveau frais attribuer frer effectuer frais decouvert devoir achat ligne effectuer jour frais montre frais decouvert compte ligne,produit_casse,critique
recu pret automobile nissan motor acceptation vehicule reprendre possession paiement soumettre montant total souffrance incident jour utiliser service paiement nommer etat texas frais suppose faire paiement automatique facture presqu paiement telephone paiement nmac moyen cher simple payer decalage jour nissan recu paiement post jour vehicule reprendre possession vol payer obtenir quelqu nissan enqueter arracher dent gestionnaire litteralement travail regarder compte travail entretien automobile arene savoir date actuel reprendre possession effectuee unite demande copie transaction mail declare prendre obtenir voiture vendre enchere lettre appelee lettre probablement generee automatiquement essayer obtenir truc voiture declare payer frais boucle oreille perle collier perle passeport propriete federal botte cuir endroit precieux essaye horaire rendez payer frais stockage choisir frais article commander obtenir truc papa finalement decid deplacer temps voiture enchere savoir deplace truc prendre,produit_casse,elevee
battre droite bien fargo carte credit frauduleusement nom recu declaration courrier immediatement appele signaler carte credit utiliser loi rapport vol identite declare premier conversation charg responsable visa compte regle declare fraude zero responsabilite societe enfreindre loi signaler bureau credit faux declaration dire resolu chequ compte epargne choisir fermer vol identite declar risque securite garder refuser fournir preuve definitiv clair charge appartenir preuve fardeau bien fargo fournir information vouloir resolue immediatement,produit_casse,critique
soumission demande associer recouvrement portefeuille ecriver completement validation compte demander bureau credit supprimer compte reinsere rapport credit violation majeur rapport credit section fcra piece joindre avis solde compte nom creancier origine modifier associer coherer recouvrement portefeuille intentionnellement deform resultat compte fabriqu action entreprise rapport credit gravement endommager violation avis fdcpa rapport inexact compte inverifiabl xxxxxxx conformite solde loi pratique equitable recouvrement dette violation associer recouvrement portefeuille section,produit_casse,elevee
rapport credit examiner trouver compte inexact connaissance credit compte negatif cause grand action difficulte credit situation injuste quelqu maniere egoist choix souffrir consequence devenir difficile acquerir credit credit maniere endommagee victime innocent vol identite demander pler compte supprimer credit bientot pler garder esprit compte appartenir,produit_casse,elevee
equifax signaler information incorrect dossier credit essayer collecter compte entreprise jamais envoye information vouloir compte supprimer immediatement propriete equifax code loi enfreindre societe dette envoyer verifier societe achete dette vouloir supprimer rapport credit immediatement,produit_casse,critique
hypotheque appliquee amerisave hypothecair societe epouse signe divulgation pret annee specifie taux interet zero point depot payer douzaine document envoyer societe etat financier rapport credit element juge acceptable preteur accord pret verrouille amerisav reclamation pret entierement approuver condition remplir pret fermeture modification divulgation pret arriver voir piece joindre mail initiateur pret hypothecaire offrir raison document mention depense supplementair frais reduction figurer capable snooker an age interroger nombre repondu pret remettre taux requérir alle voir piece joindre evident mensonge note rapport tal hypothecair atteindre hypotheque bas atteindre niveau enquet presque histoire battre record troisiem fois mois dernier precedent taux certainement impact demande achat rebondi baisse pourcentage augmentation pourcentage semaine dernier revirement remarquable compte tenir fort contraction activite economiqu activite refinancement eleve faible taux hypothecair accompagner baisse,produit_casse,elevee
voiture volee endommagee reputee perte total assurancexxxx payer societe financement bridgecrest laisser solde effectuer ecart paiement assurance payer solde montant base date perte paiement recu societe financement bridgecrest applique paiement autoriser interet courir compte paiement recu poste refuser service pret temps appele periode allonger cheque jour commencer recu jour dire date demandee chequ recu ledit cheque jour cours recu affiche solde clair permettre accumulation interet effectivement devoir remboursement,produit_casse,elevee
credit endommager systeme credit national jamais louer appartement applique facture connaissance grossier menace credit annee agent sentir correct ecrit credit clair vouloir charge correct aimer voir reclamation appartement vecu vouloir voir paiement mensuel utilitaire adresse postal nom emplacement passe passer probleme appartement nommer finalement resolu probleme raconter direct complexe appartement vouloir frais être effacer,produit_casse,elevee
essayer reprise prendre facture medical service ambulatoire prendre rapport credit facture refuser supprimer dette rapport credit score credit endommager cause credit refuser information recue refuser supprimer fois appel grossier essayer ecouter dire information assurance donneer reprise rapport credit reclamation deposee correctement notifie affaire,produit_casse,critique
soc sec dob adresse attention litige departement aujourd date serf notifier information inexact rapport credit fichier lettre envoyee courrier recommander objectif escalade formel tribunal approprier droit besoin surgir recemment refuser demande hypothequ pret voiture carte credit assurance maladie emploi florid regarder raison information inexact rapport credit carte identite floride carte securite social volee contestation charge averee compte frauduleux inclus copie rapport police inutilement embarrasser partie surveillance partie journalist credit partie journaliste information erronee degradante diffamatoire endommager bon solvabilite empeche chose absolument necessair cause beaucoup stress affecter sante court qualite vie affecter negativement information inexact rapport credit detaille xxxxxxx soc sec dob adresse,produit_casse,elevee
rapport echoue compte excellent statut provoquer baisse score fico envoye notification fcra erreur assuree erreur corrigee jamais corrigee date hier verifie rapport credit experian chose arrivee echec montrer excellent historique credit score endommager envoye lettre fcra exiger erreur correct journee intenter action justice,produit_casse,elevee
attention litige departement aujourd date serf notifier information inexact rapport credit fichier lettre envoyee courrier recommander objectif escalade formel tribunal approprier droit besoin surgir recemment refuser demande hypothequ pret voiture carte credit assurance maladie emploi florid ddupon regarder raison information inexact rapport credit carte identite floride carte securite social volee contester accusation averee compte frauduleux inclus copie rapport police inutilement embarrasser partie surveillance partie journalist credit partie journaliste credit information erronee degradant diffamatoire endommager bon solvabilite empeche chose absolument necessair cause beaucoup stress affecter sante court qualite vie affecter negativement information inexact rapport credit detaille rapporter ferme signaler ferme adresse ddn,produit_casse,elevee
bracelet achete utiliser chose appele etoile base argent achat precedent malheureusement bracelet arriver endommager macy rembourser argent facture star money total taxe charge facture envoyee carte cadeau macy reclamation legale loi gouvernemental representer jour ligne dechirant tax carte cadeau non desir esperer rembourser carte credit perdre argent star refuser resoudre enquete baisse charge carte cadeau facture mois rien declaration sentir simplement baisser charge magasin carte credit confisque star argent essayer fermer date sortie carte solde payer minimum interet retourne ajustement correctement passer envoye defectueux pli lit beb remboursement garder prix reduire brutalement limite pouvoir achat carte credit beaucoup carte vraiment aggraver jeu jouer contrarie fondamentalement carte paiement article inexistant retourne vouloir payer interet desordre attendre mois chequ courrier remboursement facture excedentair service client super inutile,produit_casse,elevee
soc sec dob adresse xxxxxxx attention litige departement aujourd date serf notifier information inexact rapport credit fichier envoye lettre courrier recommander objectif escalade formel tribunal approprier loi besoin surgir recemment refuser demande pret hypothecair voiture carte credit assurance maladie emploi florid ddupon regarder raison information inexact rapport credit carte securite social volee contestation charge averee compte frauduleux inclus copie rapport police inutilement embarrasser partie surveillance partie journalist credit information erronee degradantes diffamatoire endommager bon solvabilite empeche chose absolument necessair cause beaucoup stress affecter sante court qualite vie affecter negativement information inexact rapport credit detaille dept edxxxx dept dept edxxxx soc sec dob adresse xxxxxxxx,produit_casse,elevee
ouragan michael tempete piece detruite eglise donne aide demande information bancaire bien fargo donne compte connecter desole telecharge compte chequ compte compte argent chequ argent changement compte histoire cheque faux fraude fermer compte ferme banque iv xxxxand deplacer fils ami famille transaction non autorisee telecharger chequ,produit_casse,elevee
temps trouver vivant entreprise florid milieu coronavirus zone chaud pandemie etat florid temps presente informer emetteur carte credit pandemie coronavirus effectuer paiement pandemie coronavirus pler savoir appliquer secours gouvernement federal cas catastrophe referer numero cas joindre solde carte credit mettre evidence dette qualifier secours cas catastrophe mois emetteur credit recevoir integralite notification solde paiement action devenir effectif immediatement horodatage date message mise jour statut demande sba vendredi cher demandeur vouloir consulter lettre joindre information demande statut blessure economiqu pret cas catastrophe sba comprendre temps difficile entreprise nation apprecie patience comprehension agence travail surtension volum demande pret question temps precedent aide appeler,produit_casse,critique
pler aider essayer atteindre banque americain escrow department semaine depart suspendre representant banque retenir heure escrow department pick hang signaler faux information bureau credit dernier paiement mois soumettre temps bon montant essayer qualifier pret credit detruit couter interet eleves paiement interet annee vie hypothequ montant substantiel documentation heure reclamation essayer resolu representer boa bon systeme probleme majeur systeme fonctionner correctement systeme foir monde attendre moyen heure attente reponse transfert attendre heure representant departement venir tenir travailler service clientele rappeler jamais desordre gouvernement etape forcer embaucher gerer appel reellement requérir banque fermee direct aller resoudre banque,produit_casse,elevee
processus essayer acheter maison savoir compte dette frauduleux refuser banque pret immobilier jamais recu notification notification dette droit litige journee verification dette presumee violation controle credit corp fdcpa credit detruit corp notifier compte devoir devoir credit controle corp partie groupe controle credit reclamation representer dernier chose consommateur confronter temps particulierement precedent demande groupe controle credit supprimer dette frauduleux rapport credit poursuivre demander compensation maximal disponible violation loi,produit_casse,elevee
appartement action pris entree effraction appelee departement maintenance departement sherif appele equipe charge loyer bail expir bureau jour situer floride georgie envoye agence recouvrement gestion mutuel demander information litige contacter agence recouvrement autorisation temps appartement charge agence recouvrement florid unite location jamais louer depot gauche remplir demande demenagement fraude annee georgie facture chambre nettoyage moquette reparation jamais moquette chambre endommagee envoye agence recouvrement historique location prouver chambre besoin nettoyage temps reparation moquette,produit_casse,elevee
excuser date exact mois dernier iv probleme essayer obtenir pret vehicule bien embaucher partie reparation credit raison equifax enregistrer historique credit probleme rapport loin fournir concessionnaire automobile tiers reparation credit informe necessair comtact equifax trouver rapport fournir appele temps min fois essayer trouver rapport mettre attente probleme signer myequifax venir montrer information fatigue mentir donne courir partout capable raison resoudre probleme dire moment probleme alle loin representer poser mauvais question verifier identite curieux meriter savoir passer conteste probleme recevoir mail dire signe resolu voir resultat bien blague montrer article conteste resultat telecharger resultat montrer aucun systeme ete pirate information prendre supprimer chose iv rapport credit annee rien rapport rapporter rien bien rapport information faux rapport date rapport physiquement voir rapport probleme appliquer credit preteur capable,produit_casse,elevee
temps apt casse vole sac main portefeuille carte telephone portable objet vole endroit immediatement appele signaler vol informe activite alle depose rapport police repertorie carte volee informe necessair appel carte bancaire appartenir direct express envoye paperasse classe faxer renvoye reponse refuser reclamation,produit_casse,critique
mettre jour preavi honorer bail devoir entreprise audace entreprise devoir rien absolument rien vole fils malade resider fils apprendre pediatre niveau plomb point loin hospitalisation ecum complexe appartement tuer fils vecu mois bien niveau eleve fil surveillance pediatriqu strict droit prier fermer endroit tuer enfant personnel vole iphone ipad chaussure clouer charge devoir compte temp casser appartement inond tuyau mauvais temps articl vie ete endommager condition vie insalubre gauche eau courant toilette lumiere fois an fils vecu croire nerveux devoir chose appele mois dernier reception confirmer devoir rien compte lettre recue,produit_casse,elevee
refinancement hypothecair applique mois sofi ferme long processus sofi echoue repondre temps opportun question fournir mise jour manquee date cloture projetee provoquer baisse pointage credit inutilement raison tirage excessif credit cause retard cloture date tirage presente information erronee divulgation cloture etape pris demande processus joindre calendrier separ action retard pertinent resumer sofi prendre processus mois refinancement unique pointage credit endommag tirage excessif presente divulgation incorrect manque date cloture projetee sofi insuffisamment reactif echoue fournir mise jour substantiel,produit_casse,elevee
notification recue bureau credit montant compte collecte inconnu compte connaissance contrat entreprise atteint entreprise demande validation dette envoyer contrat signe agent signature deconnecte appel contrat appeler collecter compte frauduleux bien capable valider dette supprime dossier credit achete compte frauduleux signaler dossier credit besoin valider compte signe contrat signature original date exposition compte annee etat besoin savoir utiliser information ouvrir compte frauduleux charge fichier autorite approprie bureau vol identite inserer continuellement information frauduleux dossier credit contracter entreprise jamais compte supprimer bien reinsere temps connaissance verification dette casse loi fcra reinsertion information frauduleux dossier credit,produit_casse,elevee
illegal prendre reglement dollar recuperer dommage autoriser legalement dommage haut autorite attendre criminel attaque illegale mettre scene tenir responsable contacter fbi differend attendre dommage entierement non associer annee attendre score credit autour parfait payeur facture histoire dette attendre crime non associer criminel fraichement continuer vie fardeau illegal non autoriser hypotheque presente detruit attendre repare finalement ssn nom famille double boite postal dieu benisse ameriqu service continu heureux jour souvenir meilleur respect,produit_casse,elevee
voir releve transaction joindre nouveau transaction voir lettre fraude joindre date reclamation transaction non autorisee voir transaction joindre dupliquer heure fraude non autorisee nouveau transaction credit etat unir etat uni detruit excellent credit,produit_casse,elevee
capital pret auto bien lien offrir credit dur pull soft pull pret auto financement tal envoyer immediatement taux devis rien plafond affaire lendemain obtenir mail tourner taux devis remplir application timing droit interesse aller cap poste rapport tourne pret refuser donner information necessaire verifier credit appele colere demande confiance securite social casse diriger departement litige credit prendre beaucoup rapport service credit point promettre taux conformer leder,produit_casse,elevee
bonjour voiture audi service financier super covid actuellement arret servir choix client telephone commencer voiture vole chequier vol gant appartement loi necessair fermer compte courant ouvrir essaye changer parametre paiement automatique application audi jamais fonctionner correctement chang fois essayer facturer ancien compte ferme demande bancaire frais frais retourner soumettre ligne paiement unique deviner manuellement utiliser ancien information identification bancaire autoriser changement compte courant essayer temps appel exageration choisir telephone montant precedent appel envoye message centre messagerie jamais repondu dernier bouton historique paiement site web afficher liste incorrect demande chaussure cas paiement afficher paiement retourne payer tromperie garder obscurite audi fraude,produit_casse,elevee
affecter cessation activite produit pandemie paralyse economie mondial pays particulier femme charg compte groupe familial an jamais manqu engagement honorer aller difficulte annee precedent honneur verite prendre periode grace avantage accorder societe financier outil mobiliser soutenir economie pays dernier periode terminee analyse premier ligne service client possibilite prolongation mois refuser niveau superieur dernier possibilite facturer famille donner visage plein responsabilite credit appeler appeler voir resoudre attente analyse analyse possibilite prolongation periode grace arriver refuser quota jour prestation expir jour passer rapporter bureau credit payer terme faire maximum sacrifice,produit_casse,elevee
programme remboursement actuellement progressif pret etudiant sallie ma payer generalement mois retard actuellement mois dernier paiement mois atteindre sallie mae temps cote atteindre appeler obtenir representant compte menace essentiellement dire effectuer paiement datexxxx xxxxstil rapporter bureau credit abandonner programme remboursement gradu cote probleme menacer financierement affecter pandemie sallie ma annoncer clairement aide prioritaire emprunteur appelee reprise declare representant aide option mettre quelqu aider savoir lire script programme paiement gradu raison permettre effectuer paiement hausse mois poindre ajouter aider temps ordre acceder programme paiement progressif gros arreter effectuer paiement societe peur mettre specialiste resolution peine permettre effectuer paiement supposement permettre mois programme coup pied supposement depose plainte sallie mae surprise surprise revenir absolument degoutant,produit_casse,elevee
plainte precedent monterey financier violation loi rapport debit equitable pratique recouvrement debit declaration compte recouvrement fois rapport credit essayer sournois penser verifier rapport fixe voir dernier differend envoye fixe fixe blesser credit bon periode temps mauvais violation solde original faire compte paiement essayer continuer charger compte charge presque frais interet extorsion avocat atteindre pratique recouvrement debit loi essayer triple solde mentionner essayer collecter solde fois endommager preuve credit voir tour societe,produit_casse,elevee
soc sec dob adresse attention litige departement aujourd date serf notifier information inexact rapport credit fichier lettre envoyee courrier recommander objectif escalade formel tribunal approprier droit besoin surgir recemment refuser demande hypothequ pret voiture carte credit assurance maladie emploi florid regarder raison information inexact rapport credit carte identite floride carte securite social volee contestation charge averee compte frauduleux inclus copie rapport police inutilement embarrasser partie surveillance partie journalist credit partie journaliste information erronee degradante diffamatoire endommager bon solvabilite empeche chose absolument necessair cause beaucoup stress affecter sante court qualite vie affecter negativement information inexact rapport credit detaille soc sec dob adresse,produit_casse,elevee
telephone recemment achete ete victime arnaque vendeur accepter remboursement jamais rien envoye remboursement article ete refuser expedier appareil casser vendeur envoye essayer contacter banque fois refuser tolerer clairement fraude degouter,produit_casse,elevee
passer heure telephone agent service assistance ftc aujourd confirmer rapport vol ftc casse realiser declaration client long fraude fiscal formatage propagation page inclus note systeme interne contacter bureau credit valider rapport jour correction rien verification bureau credit validation systeme interne numero appel bureau assistance credit bureau experian accepter mari rapport vol ftc vol identite droit promulguer blocage fcra declarer faux formatage faux telecharge recu reponse fois accepter venir site web ftc telecharge information verifier rapport ftc habitude chose malade attendre communiquer permettre mari promulguer droit fcra article conteste place bloquer obtenir compte fraude pret automobile repertorie supprimer iv mois travail pler pler aider,produit_casse,elevee
sec dob adresse attention litige departement aujourd date serf notifier information inexact rapport credit fichier lettre envoyee courrier recommander objectif escalade formel tribunal approprier loi besoin surgir recemment refuser demande hypothequ pret voiture carte credit assurance maladie emploi florid ddupon regarder raison information inexact rapport credit carte identite floride carte securite social volee contester accusation averee compte frauduleux inclus copie rapport police inutilement embarrasser partie surveillance partie journalist credit information erronee degradantes diffamatoire endommager bon solvabilite empeche chose absolument necessair cause beaucoup stress affecter sante court qualite vie affecter negativement information inexact rapport credit detaille sec dob adresse,produit_casse,elevee
demande conge hypothecair appliquee demande paiement chomage covid arret retenue mois travail demande paiement recommencer retenue source societe pret hypothecaire continuer percevoir paiement aujourd appele beaucoup temps travailler agent credit finalement obtenir accord report paiement signe retourne mois dernier encaisse paiement date echeance detruit pointage credit demander commencer paiement paiement collecter peur saisir espere attirer attention plaindre resolu,produit_casse,elevee
compte fil terminer fermeture paiement refacture frais deconnexion compte donne entreprise travailler travailler plan paiement petit montant mois permettre effectuer paiement mois annee dernier rapport convenir recouvrement credit paiement effectuer ete donne compte systeme entreprise notifier paiement realise effectuer appele demander compte inquietude recu systeme lettre dire compte appele compte impossible entreprise temps ignorer systeme lettre essayer systeme appel retenir paiement venir compte bancaire essayer numero appel alle trouver compte ligne ledit compte exister appele systeme annee compte agent demande paiement minimum faire echange mensuel rapport collecte credit effectuer paiement mensuel dollar rapporter ensemble recouvrement credit arrangement paiement dollar venir mois payer jour effectuer deuxieme paiement obtenir alerte compte recouvrement signaler rapport credit compte signaler systeme appele sci alerte rayon,produit_casse,elevee
citicard site web casse affichage correctement compte detail important permettre charge telephone ligne service client travail branche service travail incapable decider charge legitim acce frauduleu compte ligne essayer navigateur resultat telephone service telephoniqu blocage automatique,produit_casse,elevee
atteindre bureau credit article recouvrement inexact rapport credit dire dette verifie exact recu page bail afficher page recue page page casser frer bail demande agence certifier dette obtenir reponse recu facturation grand livre agence recouvrement envoye avis vouloir fin bail joindre information rapport precise non verifiee ajouter chose rapport credit bail complet historique paiement complet preuve dette pler examiner document soumettre pler etat bail rompre frais acceptable rapport irresponsable,produit_casse,elevee
capitol one essayer collecter autoriser heure prouver achete payer capitol one jamais repondu signaler agence credit detruit credit essayer aider penser capitol one rire repondu penser temps appliquer pression repondre plainte,produit_casse,elevee
recu appel recuperation portefeuille gentil dame expliquer combat expliquer avocat aider securite social informe prendre an approuver expliquer remplir paperasse difficile rappeler heure demandee appel telephoniqu penser prendre soin appel telephoniqu recu appel telephoniqu dame represente agent recouvrement creance associer recuperation portefeuille information personnel verifiee expliquer quelqu depot intermediair alle histoire travailler annee dernier demande appel telephoniqu numero telephone repertorie compte essayer verifier numero telephone bon numero contact pler appeler recu appel telephone portable femme identifie portefeuille recuperation identifier expliquer appel telephoniqu note compt verifier information mettre loi enfreindre exclamer alle declaration declar loi enfreindre mettre compte appel enfreindre loi accrochee expliquer probablement approuvee annee changer ignorer desobeir appel demande acceptable bouleverser chose corriger derange prendre,produit_casse,elevee
recu alerte credit adresse informer pointage credit radicalement chute confus payer facture temps plein mois faute vie presque parfait pointage credit coupe moitie nuit immediatement tire rapport credit enqueter trouver compte souffrance societe reconner contracte pret ae payant temps plein mois calculer pret absorber compte appele societe donne compte souffrance trouver fedloan compte trouver recevoir courrier communication appel telephoniqu fedloan alerte solde venir specifiquement probleme compte appele fedloan trouver incorrect adresse mise jour mail numero telephone correct echoue utiliser jamais faire savoir compte pret commencer effectuer paiement beaucoup delinquer savoir desempare pointage credit detruit maniere irreparabl chose entreprise echoue contact initial employe faire supprimer marque credit prendre jour aller creer compte numero compte fournir commencer effectuer paiement jour clair drapeau rouge compte ligne cense savoir paiement commencer,produit_casse,critique
iv titulaire carte citibank banque citi recemment reduit limite credit specifiquement preavi limite credit reduite presque banque citi encouragee prendre pret transfert solde montant deuxieme montant devenir taux interet eleve respectivement croire banque citi reduit limite credit effort rembourser pret transfert solde extremement eleve capable rapprocher paiement banque citi sciemment detruite cote credit capacite reduite emprunter effort obtenir taux interet dette probablement excessif essayer refinancer maison capital propre incapable garantir pret raison senior revenu fixe banque citi mettre position choix fichier faillite carte credit dette rejetee mettre cote sciemment banque citi raison releve carte credit imprim prendre effectuer paiement minimum deuxieme option mois paiement ordre an dette revenu fixe aucun option realisabl option trier faillite payer dette joindre releve mois montrer limite credit option reduction paiement decrit cali,produit_casse,elevee
entreprise echoue envoyer notification ecrite faux dette recue moyen trouver examen rapport credit semaine appele demande dette verbalement mail notification ecrite recherche litige validite compte absolument maniere appartenir aujourd rien dette verifie validee demandee refusee supprimer rapport credit enqueter loi etat federal mettre place proteger consommateur pratique recouvrement dette illegale collecteur dette informe notification ecrite verbalement dette appartenir individuel jamais responsable personnellement defini individuellement compte entreprise californien utiliser numero identification employeur attribuer entreprise donne societe service revenu interne back set account agent actionnair executif membre societe jamais signe document rendre individu responsable personnellement personnellement garantie compte temp uniquement compte professionnel uniquement configuration compte professionnel rendre societe responsable entite distinct gars credit endommag donne montant indescriptible stress apporter,produit_casse,elevee
stenger stenger prouver rien processus legal recouvrement creance agence recouvrement dette envoyee preuve convocation comparaitre litige judiciaire reclamation dette demande stenger stenger envoye validite date jugement rien envoye obtenir jour litige tribunal faux recouvrement dette dette loi rapport credit http poursuivre dette defendre tribunal poursuivre justice recouvrer dette preter attention repondre envisager avocat avocat juge preuve dette fournir copie verification collecteur information montrer date dernier paiement proce rejete juge decid dette ignorer cas dette ignorer collecteur poursuite probablement obtenir jugement tribunal eventuellement prendre argent cheque paie compte bancaire remboursement impot affirmer fdcpa droit collecteur droit poursuivre justice menacer poursuivre justice dette collecteur enfreindre loi deposer plainte ftc procureur general etat envisager avocat amener action privee collecteur violer fdcpa,produit_casse,elevee
concerner envoye courrier differend lettre agence evaluation credit trans union fcra section loi conduire fournir preuve signature contrat original enquete article negatif signaler rapport credit jour autoriser ordre prouver exactitude propriete correspondance information fournir information mettre jour statut differend envoye demande jour conformer lettre bureau credit transunion loi enfreindre fournir preuve corriger article conteste delai loi autorisee,produit_casse,elevee
rapport credit examiner trouver entree compte frauduleux enquet identifie placer dossier credit connaissance enquet compte frauduleux cause grand action difficulte credit absolument idee information personnel obtenir individu capable ouvrir enquete compte devenir difficile acquerir credit dossier credit maniere endommagee demander pler enquete compte frauduleux credit supprimer bientot garder esprit enquete compte appartenir,produit_casse,elevee
iv attache usaa historique paiement compte usaa compte cause plongeon catastrophique score attache credit historique paiement demontrer clairement activite sain consommateur pandemie activite paiement inhabituel uniquement devoir pandemie covid stresse usaa etiquete consommateur incorrect faux usaa reticence prendre temps examiner physiquement historique credit prendre decision credit precise sain demande laisse confus annee cause probleme important pointage credit jamais connaître pointage credit usaa rapport consommateur deform veritabl identite consommateur comprendre regle institution financier prendre entiere responsabilite financier action laisse confus usaa representant prendre temps regarder historique credit precision acquerir meilleur comprehension point vue consommateur veteran rapport positif clairement affiche rapport credit consommation informe etat uni difficulte temps mois constamment refuser assistance qualifie recevoir participer programme secours aide etat uni demande representant paiement souffrance,produit_casse,elevee
aujourd recu appel representer support carrington indiquer document fournir preuve residence semaine virginie representant carrington declarer centre plainte declare document envoye representant adequat temps parole demande soumettre article telecharge portail document carrington formulaire facture service public expliquer verifie confirmer ledit souscripteur recu reponse irs besoin fournir declaration revenu explique option donnee fournir declaration revenu soumettre formulaire declaration revenu point ecrire lettre explication carrington indiquer formulaire acce carrington incoherent long processus soumission assistance assistance hypothecair processus modification pret affecter bien envoye mail carrington demande soumettre ligne formulaire site principal habituel recu probleme soumission confirmation bien carrington pousse courrier electroniqu client telecharger portail pret document verifier activement heure publication document quelqu analyse histoire appel necessair deplacer cas recu document notifier,produit_casse,critique
soumettre litige service salon coiffure correctement effectuer suite cheveu ruine contacter commercant proposer temps rendre cheveu pire service remettre question fois semaine faire degats cheveu endommage fragile rien attendre croissance cheveu coupe payer temps facile matin passer beaucoup temps cheveu place crepu endommage citi ferme litige faveur marchand expliquer situation citi photo preuve montrer commercant resoudre probleme charge effectuee,produit_casse,elevee
regarder rapport credit remarqu vendre facture impaye service recouvrement credit vraiment mal credit contact service recouvrement credit representer client identifier expliquer savoir soumettre payer mensuellement decheance salaire politique vehicule moteur decid aller negocier retirer rapport credit representant client supprimer credit accepter paiement complet reflete rapport payer solde complet vraiment vouloir supprimer insister supprimer refleterer payer solde complet regarder rapport credit aujourd remarqu deduit facture impaye renouveler solde nouveau dette manifestement malhonnete apprecierer vraiment aide affaire rapport credit endommag dette payee solde complet promettre place publier solde dette representer service clientele fournir suite information confirmation paiement representer client assistance fournir grandement appreciee esperer conversation enregistree,produit_casse,elevee
soc sec dob adresse attention litige departement aujourd date serf notifier information inexact rapport credit fichier lettre envoyee courrier recommander objectif escalade formel tribunal approprier droit besoin surgir recemment refuser demande pret hypothecair voiture carte credit assurance maladie emploi florid ddupon regarder raison information inexact rapport credit carte securite social volee contester accusation prouve compte frauduleux inclus copie rapport police inutilement embarrasser partie surveillance partie journalist credit information erronee degradant diffamatoire endommager bon solvabilite empeche chose absolument necessair cause beaucoup stress sant affectee court qualite vie affectee negativement information inexact rapport credit detaille dept dept dept soc sec dob adresse,produit_casse,elevee
detail document joint expedition commercant livree endommagee confirme usp capital marchand probleme detail credit decrire partie frauduleux,produit_casse,elevee
carte paiement mois carte ligne suspendre carte detruite continuer effectuer paiement ligne verrouill accer compte ligne impossible appeler semaine heure bureau contacter effectuer paiement vacance passeer heure occasion essayer effectuer processus paiement telephone temps attente fastidieux vouloir terriblement deverrouiller acce ligne effectuer paiement ligne attrape facturable temp paiement telephone semaine,produit_casse,elevee
endommager savoir obtenir solution equitabl probleme vouloir plaindre meilleur action societe service injuste negligent violer pointage credit ccra abandonner mois mois capable obtenir hypotheque meilleur compte societe service causer enorm probleme essayer resoudre probleme telephone marquer compte enquet compte conteste impliquer compte meilleur societe service montant original creancier original demander obtenir article retirer rapport credit compensation dommage subir demander argent demander suppression article vouloir contacter societe pler envoyer societe piece joindre remercier,produit_casse,elevee
rapport credit examiner trouver entree compte inexact enquete identifie credit place connaissance enquet compte negativ cause grand acte difficulte credit injuste sentiment situation quelqu comportement egoist choix souffrir consequence absolument idee information personnel obtenir compte difficile acquerir credit credit endommag etat demander pler enquete compte supprimer credit temps opportun garder esprit enquete compte appartenir,produit_casse,elevee
lit achete lit livre etat endommag tache livreur maison envoye vendeur photo tache lit bien dommage livreur livreur maison refuser reprendre lit gauche obtenir telephone vendeur soumettre faux recu livraison signature supposer mine ressembler gros absolument ridicule carte credit barclays origine credite prix achat retourne rendre argent appele bureau entreprise jour matelas livre plaindre refuser venir choisir matelas ramene magasin point lit fou procureur general travailler depot plainte delawar carte credit etat barclay,produit_casse,elevee
envoye reprise lettre certifie equifax supprimer article credit supposer inclus reglement recours collectif ecrit bureau procureur general envoye lettre datee piu administrer dommage monetaire supposee remettre pret appele jamais recu avis declare partie recours collectif taux interet pret automobile faire savoir bureau procureur general bureau credit rien supprimer rapport credit rien aider obtenir dommage monetaire dommage reputation credit empecher avancer vie obtenir emploi decent payer eleve obtenir carte credit maison voiture detruite capacite futur vouloir cfpb aider faire respecter loi federal faire payer bureau procureur general bureau credit dommage punitif pecuniaire souffrance travail travail agence perdre chance obtenir emploi federal obtenir vrai travail grac destruction credit,produit_casse,elevee
conteste sommet carte entreprise date sommet demande copie original fichier contrat signe signature requérir fichier document loi verifier information declaree compte verifie vouloir savoir compte verifie echoue fournir methode verification demandee fournir article demander article supprimer bien article croire loi enfreindre,produit_casse,elevee
achete refrigerateur domicile recu article livraison refrigerateur machine glacon prendre heure faire glacon boite defectueus chose rapport travail heure promettre echange produit changer date livraison refrigerateur remplacer deuxieme arriver endommager porte congelateur ouvrir charger article congele chose casse roue coulissant savoir promettre magasin echanger prendre beaucoup temps stock produit finalement recu refrigerateur travail venir partie manquant porte fabricant promettre temps expedition hom depot utile aider home depot aider magasin carte credit citi banque facturer interet frer financement appele reprise service client refuser inverse financement supplementair frais retard post carte credit supprimer happy pay produire achete frais pler aider avance,produit_casse,elevee
probleme paiement payer amerihome hypothecair societe sequestr utiliser paiement impot foncier retenir tort amerihom utiliser payer impot aller canal approprier fournir hypotheque amerihom documentation approprie coordonnee indiquee resoudre paiement hypotheque amerihom temps opportun maniere initialement contactee probleme lancement anticiper telephone mail enquete sentir recours dossier plainte cfpb original total amerihome echec continu payer resultant ajouter penalite interet total penalite interet continuer accumuler peur privileg fiscal depose rapport credit endommager,produit_casse,elevee
etat fcra information inexact non factuel rapport credit consommation supprimer rapport credit trouver information non factuel repertoriee compte collecte vouloir compte collecte supprimer rapport credit fcrer etat fichier proces droit dommage casse bien compte collecte considere compte repertorie compte date ouverture inexact liste bureau credit information vouloir supprimer liste compte date ouverture inexact liste bureau credit information vouloir supprimer liste compte date ouverture inexact liste bureau credit information vouloir supprimer liste compte date ouverture inexact liste bureau credit information vouloir supprimer liste compte date ouverture inexact bureau credit lister information vouloir supprimer date ouverture compte bureau credit inexact lister information vouloir supprimer demande indiquer objectif autoriser verifier rapport credit xxxxxxx,produit_casse,elevee
soc sec dob adresse attention litige departement aujourd date serf notifier demande information inexact rapport credit fichier lettre envoyee courrier recommander objectif escalade formel tribunal approprier droit besoin surgir recemment refuser demande pret hypothecair voiture carte credit assurance maladie emploi florid regarder raison information inexact rapport credit carte identite floride carte securite social volee contester accusation averee compte frauduleux inclus copie rapport police inutilement embarrasser partie surveillance partie journalist credit information erronee degradant diffamatoire endommager bon solvabilite empeche chose absolument necessair cause beaucoup stress affecter sante court qualite vie affecter negativement information inexact rapport credit detaille soc sec dob adresse,produit_casse,elevee
samedi effectuer depot especes autoriser tcf atm emplacement montant depot effectuer attente recevoir recu place recu ecran atm transaction complet donne carte recu argent obtenir ecran vide phrase transaction rappel complet depose especes besoin argent facture couverture postee appeler banque tcf faire savoir arriver donne adresse atm expliquer besoin argent depose bientot facture payee connaître atm casse utiliser dame cas gon enquete rappeler banque tcf demander argent facture payer representer banque tcf enquet mettre jour attente appeler banque tcf demander argent panique enquete representant banque tcf cours prendre jour ouvrable savoir chose besoin payer facture argent fonds insuffiser banque tcf payer frais cheque ecrit argent clair rien mal argent vole argent couvrir facture aider pler,produit_casse,elevee
compte recouvrement conteste fois resultat compte recouvrement dette medical illinoi temps assurance fournir assurance assuranc hospitalisation envoye explication benefice declar responsable cmre service financier collecter rapport credit violation droit loi rapport credit illinois solde facturation loi societe rapport faux information illegale rapport credit endommager essayer faire payer chose declarer paiement demande supprimer dommage,produit_casse,critique
lettre envoyee bureau evaluation credit consommation information inexact inconnu rapport credit consommation rapport article signaler recu reponse jour utiliser litige ignor publication inexact rapport credit article non verifie distribuer reputation partie solvabilit section endommagee fcra indiquer clairement echec enqueter article conteste journee fournir information demandees donner raison immediatement supprimer article rapport credit jour article question rapidement supprimer demande rapport credit article errone supprimer immediatement rapport credit fichier litige raison stress endurer echec conformer information fcra impactee violation donnee copie joindre lettre envoyee,produit_casse,critique
essayer charger argent carte continuer venir transaction refusee penser banque americain transaction bloquee raison fraude appelee approuver transaction chargement carte prochain chose savoir prendre compte transfere quelqu conner banque americain transfert aller immediatement arreter transaction produire aujourd resolu probleme boa remboursement argent envoye mail tracer cœur bris iv banque rien,produit_casse,critique
configuration compte axo banque jour photo depot cheque jour clair clair appele libere lundi lundi argent disponible appele fonds disponible cst cst fonds liber appele desole mal pst fonds liber pst deviner fonds liber appele obtenir temps argent libere temps pst sentiment mentir mauvais formation heure attendre minuit voir fonds cote not banque gracieusement courtoisi liberation cst appel temps trouver interessant superviseur disponible client traire pousse probleme mettre attente superviseur appel jour ouvrable vraiment superviseur disponible correspondance client reponse ligne axos bonjour contacter banque axos espoir journee merveilleux heureux aider enquete examen compte vouloir fournir preuve fonds compense institution financier capable soumettre demande liberation fonds excuser gen occasionnee vraiment apprecier patience commercial temps precedent question supplementair pler,produit_casse,elevee
bon midi reclamation tentative vente maison enchere communication transfere hypothequ voir baie refuser communiquer bien transfert lieu annee reclamee hypothequ refuser essayer vendre maison enchere refuser statut pret note avocat payer force dette sauver forclusion maison discuter acompte payer uniquement note titre voir baie continuer refuser communiquer detail propriete not defaut propriet refuser travail affaire prendre note sauver maison essayer vendre maison enchere donne droit gerer propriete tribunal ordonner rester maison hypothequ transfer voir baie refuser statut aggraver refuser accepter paiement mois mois location appartement menace garder depot garantie voir message depose mois mois chequ mois precedent croire action loi transmettre message date mer sujet salut pler deduire loyer cheque referer e-mail cheque solde retourne avoir effectuer paiement bail complet expire fin accepter,produit_casse,elevee
identite utilisee frauduleu nom compte credit rapport police affidavit vol identite federal depose enquet aujourd identite recuperee enquete fraude fermee recuperee vol identite vol identite voleur identite applique demande credit pret voiture nom demande refleter rapport credit transunion envoye poste lettre detaille transunion action lieu activite frauduleux informee lieu copie envoyee courrier rapport police long rapport federal vol identite reclamation soutien aujourd recu lettre transunion indiquer aider raison premier raison enquérir question rapport rapport credit lettre aider determine demande faire erreur faux declaration materiel obtenir possession bon resultat transaction probleme allegation faux determine transunion diligence raisonnable information fournir clairement transunion neglige devoir agence information consommateur enfreindre loi fcra nier droit article frauduleux enquete supprimer rapport credit,produit_casse,elevee
annee compte cash app signe ensuite ete utiliser transferer devise bien acheter service commercial bitcoin achete bitcoin annee valeur commercial bitcoin moitie actuellement bitcoin trading mois arriere carte associee compte precedent dernier chiffre carte paiement nouvellement acquérir obtenir processus verification code postal reponse carte paiement associee remercier fournir information connaitre processus fastidieux frustrer tentative fusion,produit_casse,elevee
menace appele harcele dette perte emploi passer essayer etablir arrangement paiement rien fonctionner credit endommager travailler dur annee derniere payer facture temps opportun etablir carte credit supplementair construire credit article payer reference prendre temps appeler demander supprimer remarqu prejudiciabl rapport credit appele demande agence supprime bien pler aider obtenir corriger avantage prive veteran essai achat temps maison profiter pler aider,produit_casse,elevee
chronologie preteur taux interet voir titre attache ocwen montant pret achete note paiement initial mensuel ocwen difficulte ocwen lettre demande soutien demande modification pret approuvee ocwen supposer aider obtenir paiement hypothecair arriere piste hypothequ abordable vecu maison annee vouloir travailler dur garder prendre retard paiement hypothecair raison perte revenu raison perte emploi annee mari blesse emploi depose reclamation osha congedie dossier pension repo vie dur temps traiter dette jamais probleme financier beaucoup depense gestion maison famill dur employe annee affaire travailler interieur blesse emploi depose reclamation osha immediatement mari congedie dossier pension vie accumulee montagne financier facture medical antecedent credit detruits difficulte gerer dette revenir inferieur an accorder demande aide appliquee place plan abstention accumuler frais retard excessif frais avocat frais saisie recurrent fraude abus proprietaire pratique trompeur deloyal pret modification non traitee menace illegale facturation saisie,produit_casse,critique
attention relation client copie recemment obtenir copie rapport credit service trouver article erreur fournir documentation preuve article question inexact besoin supprimer rapport credit article litige rapport solde compte mine societe envoyee notification dette ftc loi notifie dette jour donne litige societe enfreindre compte besoin supprimer section acte declaration credit equitabl demander article indique supprimer rapidement article valide inexact information obsoleter rapport credit ajout demander description enquete menee long nom adresse numero telephone contactee information pler envoyer copie mettre jour rapport notification article supprimer considerer jour delai raisonnable valider article attention rapide question respectueusement,produit_casse,elevee
depose abstention hypothequ devoir demande mesure effectuer paiement paiement principal applique oui principal applique appele paiement telephone representer demande montant total applique principal recu releve paiement cass principal interet appele banque cas correct rappele declare correction ete necessair faire prochain paiement maniere systeme cree attente correction date traitee rapidement notifier ecrit appele rayon transfere transfere demande superviseur mettre attent minute revenir lign superviseur rappeler appele aujourd mettre attente superviseur heure minute jamais revenir telephone,produit_casse,elevee
achete grill achete politique declare jour grill cass utiliser essayer journee accepter charge contestee esprit suntrust faux publicite trompeur mentir acheter truc suntrust erreur transaction valide venir conclusion litige original lire suntrust echoue enqueter reclamation,produit_casse,elevee
propriete location reservee avis lecture avis jour location reservee prendre conscience propriete coq dangereux cote rue propriete appelee proprietair envoye sm avis confirmer avis vrai demande serrure casse fenetre jamais probleme offrir reparation verrouillage demande remboursement complet site web depot animal compagnie rembourser reservir propriete frer conteste societe carte credit capital montant societ carte credit refuser litige trouver repondu remboursement depot initial animal compagnie montant total conteste politique remboursement annuler semaine reservation malheureusement reservir reservation politique annulation condition annulation reservation etat proprietaire fournir faux information trompeuser permettre louer propriete savoir fenetre verrouillage cassee chant coq responsabilite assurer securite confort propriet appliquer politique arbitraire penser utilisation equitabl propriete particulier considere propriete dangereux,produit_casse,elevee
iv attache historique paiement compte compte cause plongeon catastrophique score attache credit historique paiement demontrer clairement activite sain consommateur pandemie activite paiement inhabituel uniquement devoir pandemie covid stresse etiquete consommateur incorrect faux reticence prendre temps examiner physiquement historique credit prendre decision credit precise sain demande laisse confus annee entiere cause probleme important pointage credit jamais connaître pointage credit rapport consommateur deform veritabl identite consommateur comprendre regle institution financier ligne directrice prendre entiere responsabilite financier action laisse confus representant prendre temps regarder histoire credit precision mieux comprendre perspective consommateur veteran rapport positif clairement affiche consommateur rapport credit iv informe difficulte temps mois constamment refuser assistance qualifier recevoir participer aide programme secours representer demande paiement compte souffrance historique credit entier detruit,produit_casse,elevee
sec dob soc sec dob adresse attention litige departement aujourd date serf notifier information inexact rapport credit fichier envoye lettre courrier recommander objectif escalade formel tribunal approprier loi besoin surgir recemment refuser demande hypothequ pret voiture carte credit assurance maladie emploi florid ddupon regarder raison information inexact rapport credit carte securite social volee contestation charge averee compte frauduleux inclus copie rapport police inutilement embarrasser partie surveillance partie journalist credit information erronee degradantes diffamatoire endommager bon solvabilite empeche chose absolument necessair cause beaucoup stress sant affectee court qualite vie affecter negativement information inexact rapport credit detaille xxxxxxx sec dob soc sec dob adresse,produit_casse,elevee
envoye reprise lettre certifie transunion supprimer article credit supposer inclus reglement recours collectif ecrit bureau procureur general envoye lettre datee piu administrer dommage monetaire supposee remettre pret appele jamais recu avis declare partie recours collectif taux interet pret automobile faire savoir bureau procureur general bureau credit rien supprimer rapport credit rien aider obtenir dommage monetaire continuer nuire reputation credit empecher avancer vie obtenir travail decent bien remunere obtenir carte credit maison voiture detruite capacite futur vouloir cfpb aider faire respecter loi federal faire payer bureau procureur general bureau credit dommage punitif monetaire souffrir travail travail agence perdre chance obtenir emploi federal obtenir vrai travail grac destruction credit,produit_casse,elevee
deposer plainte prendre enquete approprie experience deuxiem plainte envoyer avis avocat plainte deposee preoccupation enfreignant loi garder deliberement rapport credit endommager tenter enqueter,produit_casse,elevee
trans union credit bureau service rapport continu information frauduleux score dossier credit diminuer point diminution aujourd mettre payer bon compte ferme affecter score compte montrer payer payer dire creancier fermeture compte jamais fermer bon compte trans union creancier mettre remarque desobligeant credit affecter score supprimer compte frauduleux compte frauduleux compte affecter score annee baisse score supprimer compte affecter score compte repertorie donne point suppression frauduleux detruit solvabilite remarque credit dossier ferme compte payer departement ferme compte payer ferme compte payer remarque desobligeant compte payer complet ferme proce cfpb poursuivre trans union affecter credit solvabilite dossier dodd frank acte credit jamais recuperer incapacite conserver information dossier credit fraude pratique deloyal syndicat trans vouloir enquete complet affaire contactee cfpb depose plainte bureau transunion pratique frauduleuse continuer score module corriger,produit_casse,elevee
debiteur signaler dette frauduleux utiliser information personnel partiel contacter essayer resoudre situation envoyer colis courrier envoye copie renvoyee copie permettre conduire rapport police verification serment identite aujourd contact telephone rouvrir cas envoyer colis courrier envoyer document exagere demande superviseur expliquer situation ignore aller prendre mesure recu paquet pratique ftc illegale rapport information precise jour resoudre differend aujourd jour enquete commencer fois temps requérir loi exiger immediatement supprimer dette bureau credit payer dollar mois jour obligatoire dommage collateral ftc,retard_livraison,critique
soc sec dob adresse date aujourd service financier pheni service financier pheni service financier pheni societe viole fcra interdiction vente transfert dette cause vol identite repondu demande fournir rapport enquete besoin resoudre loi rapport solvabilite equitable article litigieux apparaitre rapport credit preuve appuyee general societe vendre transfert contrepartie lieu collection dette notifie section titre resultat vol identite applicabilite interdiction section applique recouvrir dette decrit paragraph date notification paragraph regle construction rien section interprete interdire rachat dette cas cessionnair dette exiger rachat dette resulter vol identite titrisation dette nantissement portefeuille dette garantie connexion emprunt transfert dette resultat fusion acquisition achat hypothese transaction transfert substantiellement actif entite fournir information agence information consommation mettre place procedure raisonnable,retard_livraison,elevee
depose litige compte repertorie rapport credit weltman weinberg date reell defaut repertorie requérir loi federal indique estime mois annee article supprimer incorrect reclame verifie exactitude compte impossible date defaut indique date suppression incorrect preuve montrer date dernier paiement compte date suppression annee tard inclure lettre creancier original pret creancier original servir nom apparaitre lettre lettre montrer pret dernier paiement ecrit agence recouvrement apparer actuellement detenir dette weltman weinberg reel demande verification dette envoye document comprendre impression intitulee historique pret detail montrer paiement effectuer document intituler document recapitulatif paiement defaut afficher paiement compte compte dater collecte affichee date paiement effectuer,retard_livraison,elevee
concerner ecriture differend frais frauduleux montant compte victime vol identite faire autoriser charge demander suppression frais financier lie montant frauduleux credite bien recevoir declaration precise demande effectuee conformement loi facturation credit equitabl amendement verite loi pret voir compte ferme acct compte solde acct compte solde acct compte solde acct compte solde acct compte solde acct compte solde acct compte solde compte personnel acct compte solde acct compte solde,retard_livraison,elevee
pret remboursement demande service gestion pret rushmore envoye lettre datee indiquer montant paiement obtenu montant cheque banque envoye poste numero suivre usp numero suivi montrer bureau poste paiement perdre trouver envoye chemin arriver rushmore commencer message telephoniqu telephone maison demander appel semaine vacance recevoir message retourne maison appele recu message ferme besoin appeler heure ouvrable atteinte decouvrir cheque reclame defectueux montant exact appele lettre chequ retourne exiger argent frais retard paiement dire dimanche tombe deposer cheque banque lettre date echeance cas,retard_livraison,elevee
lettre envoyee chose inconnu inexact rapport credit lendemain reponse recue personnellement impression profiter section simplement indiquer clairement echec enqueter article journee donner raison immediatement supprimer article rapport credit jour repondu supprimer rapidement exiger compte supprimer immediatement force prendre mesure ftc information vraiment stressant impacteer violation donnee maniere trompee main,retard_livraison,critique
hypotheque appliquee morgan chasse demande completee ligne contacter processeur demande question complete demande envoyee signature electroniqu examen application notee erreur envoyee e-mail processeur corriger erreur grave section actif processeur application propriete repertoriee processus vente actif correct propriete equite cotee actif supplementair appele vente propriete personnel resulter surestimation actif net tentative adresse insister montant mettre montrer actif requérir payer paiement pret refuser signe necessair corriger processeur chang nom actif immobilier gauche apporter gestionnaire conversation envoye mail examiner processeur tard recu mail processeur demande completee correctement continuer signature allee ailleurs signe pret demande incorrect,retard_livraison,elevee
breve chronologie accer evenement application venmo court appareil non autoriser accede compte serie resultante transaction led compte perte net accord utilisation venmo protege transaction non autorisee depot rapport venmo geler compte violation nebuleus contrat utilisateur raison cours divulguer resultat enquete etranger aleatoir envoye avis transaction tard totaliser transaction envoye etranger maniere liste ami aviser tard tentative utilisation venmo trouver conversation gele service client application venmo litige transaction informer mettre specialiste compte informe compte venmo necessite verification photo identite fournir site web instruire compte specialist contact informe activite compte examinee reclamation refusee inclus mail examen volontaire fournir information supplementaire enqueter refus limite aide enquete policier officiel renvoyer mail point information transaction souhait litige donner explication logique aucun sujet sens sujet medecine,retard_livraison,critique
aujourd date appliquee abstention mari industrie hotelier cadre haut niveau perdre beaucoup bonus salaire petit entreprise industrie hotelier perdre salon professionnel raison covid accorder abstention appliquee modification pret regarder voir virus industrie recupererer suffisamment besoin assistance supplementair demande envoyee diviseur cahier reliure rigide assurer couvrir detail document demande recu innombrable demande signer document main renvoyer date document main renvoyer renvoyer doc envoyer chose commencer sentir tactique decrochage constamment assurer reprise necessair recevoir lettre indiquer ete examiner document assistance jamais venir temps document envoye aide portail telecharger document nommer numero compte date afficher document attente passer heure fermeture homme service client alle doc envoye trouver envoyee examiner doc arreter apparemment document envoye temps demande pousser montant abstention fin pret,retard_livraison,elevee
lettre envoyee chose inconnu inexact rapport credit jour tard reponse recue impression profiter ignor section litige echec clairement declare enqueter article journee donner raison supprimer immediatement article rapport credit jour supprimer rapidement exiger compte supprimer immediatement deposer litige raison stress cause information impactees violation donnee main mauvais,retard_livraison,critique
recu offre reglement nom ascendium offrir reglement dette etudiant chequ poste processus achat agent pret immobilier appele departement education rapport montant pret etudiant impaye appele biche rien pret place agence appelee donne message vocal laisse message rappele tard reception rappel envoye message vocal laisse message ferme week end lundi appele donne message vocal laisse message appele deuxieme fois jour reception rappel transfere impossible acceder information transfereer bureau recu message vocal laisse message recu rappel rappele receptionniste vraiment besoin quelqu transfere messagerie vocal laisse message recois aide agence quelqu prouver dette payee ministere education aide non rentrer maison,retard_livraison,elevee
recu demande autoriser ajout recemment signaler information paiement retard jour inexact paiement retard effectuer compte paiement attribuer maniere inexact entreprise envoye declaration compte acce bloqu parler compte appele appele representant gestionnaire capable obtenir correction erreur gestionnaire promettre rapport credit corriger faxer envoye lettre certifiee affaire,retard_livraison,elevee
credit apparemment applique boutique ligne wayfair commande chose savoir apparer carte credit emise utilisation magasin societe rapport credit appelee comenity signaler facture paiement jamais recu indice facture aller essaye appeler numero telephone societe carte credit pendre demander preuve achat pur frustration payer facture obtenir rapport credit demander cfpb pler trouver obtenir rapport commande passee rapport credit propre societe carte credit excellent credit pler aider,retard_livraison,elevee
verification methode deposee litige agence evaluation credit information inexact rapport credit rapport credit jamais recu notification resultat enquete verification methode deposee conformer bureau credit recevoir reponse litige initial,retard_livraison,elevee
suntrust compte ferme raison avertissement reclamation necessair verifier fonds venir envoye copie releve bancaire compte mandat post appel obtenir reponse passer employe nommer montant cheque solde compte trouver tard vrai fan recu cheque dernier cheque paie depose cheque compte epargne appel obtenir reponse passer employe nommer montant cheque solde compte trouver tard vrai fonds recu cheque dernier cheque paie depose cheque compte epargne lutter contre mois emploi perdre cause covid bord perdre maison devoir fonds retenir,retard_livraison,elevee
externalisation convergent consommateur protegee gouvernement federal viole disposition usc vouloir consulter documentation joindre,retard_livraison,elevee
envoye montant paiement chasser releve compte reflete paiement recu comparer changement solde determiner paiement applique difference solde releve ajouter ensuite soumettre manquant contacte chasser declare aggraver probleme simplement demande continuer effectuer paiement,retard_livraison,elevee
ridicule milieu pandemie coronavirus bien fargo numero limite ligne faire bien fargo site web essayer effectuer paiement compte carte credit bien fargo recu message erreur indiquer nombre deper paiement ligne ensuite ete appele tentative paiement telephone deconnecte aller succursale effectuer paiement prefererer cas coronavirus hausse zone geographiqu note paiement retard essayer effectuer paiement supplementair payer solde complet mois prochain societe carte credit bien fargo conscient nombre limite paiement ligne,retard_livraison,elevee
choqu examiner rapport credit semaine trouver inexactitude rapport credit grand societe recouvrement credit jamais traite fois ratifier probleme creancier origine bureau credit rapporter information inexact inverifiable article conteste agence evaluation credit rapporter compte confirmer valide honnetement croire jamais relation agencer recouvrement creancier origine inexactitude compte maniere rapport violation total fcra fdcpa reglement loi bon foi effort resoudre affaire amiable exiger preuve dette specifiquement allegue contrat instrument porter signature bien preuve autorite matier absence preuve corriger rapport erron dette passee demande ecriture mine pler fournir information vouloir prouver autorisation usc usc autorisation matiere presume autorisation collecte loi autorisation collecte dette presumee vouloir prouver autorisation entreprendre exploiter etat vouloir prouver preuve dette presumee instruction contrat presumee,retard_livraison,critique
recemment aller verifier nouveau voiture soigneusement consideration decid appliquer pret voiture moment tard refuser taux interet inferieur approuver taux interet extremement eleve chequ promouvoir rapport credit avis couple rapport article article besoin rapport credit supprimer,retard_livraison,elevee
amerifinancial solutio compte recouvrement concerner lettre envoyee avis reponse envoye societe raison rapport errone bureau credit impact negatif rapport credit personnel vouloir aviser refus payer avis envoye conformement loi pratique equitable recouvrement creance usc sec reclamation conteste validation demandee demande verification preuve adresse postal demande validation effectuee conformement section titre demander respectueusement bureau fournir preuve competente obligation legale payer vouloir fournir argent devoir expliquer montrer calcule devoir fournir copie papier montrer convenir payer devoir fournir copie verification jugement applicable identifier creancier origine prouver delai prescription compte expir montrer licence collecter etat fournir numero licence agent enregistrer temps service informer bureau rapporter information invalidee action majeur bureau credit constituer fraude loi etat federal marque negativ trouve rapport credit societe societe represente hesitation,retard_livraison,critique
voir joindre usp rtr formulaire article recu usaa service carte credit usaa recu voir joindre lettre enquete criminel etat uni datee livraison usp effectuee zip voir joindre lettre reclamation fraude carte credit date reclamation enquete terminee mois tard voir joindre ftc cas vol identite confirmer probleme original usaa fournir acce vouloir noter pouvoir envoyer document usaa payer avocat mail usaa douleur physique douleur emotionnell douleur financier endurer cfpb fournir acce facile convivial fournir usaa second temps representer etat uni departement fraude aucun document fournir voir reponse commercant joint adresse adresse livraison tiers usaa accer telephone bloqu acce ligne puits usaa fournir acce soudainement verification telephone question capable appel verifie represaille,retard_livraison,elevee
payer reclame payer dernier paiement information faxees necessair vouloir annee dernier rapporter mois retard paiement nuire credit contacter,retard_livraison,elevee
effectuer paiement integral paiement integral paiement cabl interet principal place citadelle applique paiement partiel frais retard consentement quitter paiement rayer court superviseur declare paiement inverse compte cours mois applique assistance hypothecair attendre prochain paiement report paiement pardon citadelle placer remboursement mois pret paiement citadelle inverse superviseur cause totalement incorrect besoin corriger,retard_livraison,elevee
hopital soign fille extremement malade entreprise appel continu offrir aide pret jamais expliquer payer temps emprunter payer bien emprunt appele demander solde reponse eleve payer solde partie interet arret payer changer compte bancaire vouloir entreprise supprimer releve mensuel paiement retard compte ferme an attente paiement mensuel,retard_livraison,elevee
chasser mois dernier continuer commodement perdre paiement appliquer temps paiement societe paiement ligne savoir appele reprise date correct accumuler interet incorrect solde incorrect frapper frais retard facture payant societe utiliser appele indiquer envoi paiement journee paiement date echeance annee dernier perte paiement facturer frais retard client ajuster solde consequence bien interet payer solde ajuster voir image joindre ajouter frais retard paiement compte post periode grace date paiement afficher paiement correct recu date paiement retard raison prendre semaine livre paiement payer envoye semaine payer envoye semaine xxxxxxx payer envoye semaine xxxxxxx envoye paiement semaine annee reflete date echeance frappe frais retard interet incorrect applique fou besoin aide faire corriger,retard_livraison,elevee
envoye facture fin bail voiture divulgue voiture transformee concessionnaire local xxxxxxx vendre vehicule origine originaire location vehicule retarder mois demenagement maison covid mettre jour adresse ensuite envoye frais fin bail recevoir facture deplacee transmettre usp predateur injustement rapporter jour paiement retard score credit affecter negativement refuser renoncer rapport credit negatif comprendre deplac traiter pandemie contribuable travailler dur travailler maison essayer elever enfant travailler grossierement injuste premier place injuste refuser rapport credit correct,retard_livraison,elevee
pret consommateur santander effectuer delai paiement raison realise paiement retard rapport credit voir societe enregistrement paiement stellaire essayer contacter consommateur santander resolution reussi,retard_livraison,elevee
direct alle entreprise carte utilisee essayer verifier compte solde souvenir mot passer appeler service client obtenir reinitialiser rediriger service fraude soumettre preuve identification etablir identite mail heure tard minuit compte ferme dire identite verifie carte social certainement mail aller adresse titulaire carte fonds courrier jour ouvrable bien appele service client assurer oui fonds venir appele fonds notifier envoye vec virginia employ commission fonds transaction absolument frauduleux voir envoi dernier depot vec solde compte complet remboursement incitation fiscal chequ depose compte compte regle envoyer compte entier vec retenir avocat atteindre homme nommer vec signe cheque aujourd rien verifie avocat repondant cheque encaisse jour rien avocat essayer obtenir fonds envoyer lettre certifiee emise vec avocat essayer obtenir reponse probleme rien repondu besoin reponse att,retard_livraison,elevee
rapport inexact retard paiement rapport credit varier bureau bureau paiement incorrect paiement retard numero representer telephone paiement transposer retourne impay remarque jamais compte appele question poindre aller representer excus paiement resoumi compte surveill assurer effacer mois prochain xxxxxxx compte ferme essaye litige appel statut paiement retard deconnecter automatiquement appel enregistrer declaration enregistrer afficher compte solde appel reouverture demande terminee signal occuper capable enregistrer compte chat courrier lettr litige lettre envoyee poste occasion lundi representer incapable aide necessair courrier lettre capable conflit travail entreprise selectionner hasard mois montrer retard paiement varier bureau bureau terrible loi service client voir rapport credit joindre valider difference,retard_livraison,elevee
compte professionnel nom societe cree cheque depose ordre numero cheque emis lettre poursuite indiquer compte bloqu fonds gele vouloir conscier cheque fonds encaisse disponible libere rendre accessible contacter banquier personnel directeur succursale bureau conformite bureau conformite adresse indiquee chequ rendre payable fichier adresse correspondance place adresse liberer fonds adresse explique adresse travail donne copie contrat travail indiquer adresse travail jour arrivee choix deposer plainte escalader pler aider,retard_livraison,elevee
voir jour retard marquer violation clair droit fcrer societe jamais repondu tenter obtenir preuve documentation prouver compte ete rapporter precision,retard_livraison,elevee
informe entreprise contact societe pret soleil travailler essayer manipuler saisie arret salair autorisation legale ecrit lettre pret soleil entreprise souhait chose pret soleil represente obtenir verbalement agressif mechant gestionnaire ressource humain exiger prendre numero salaire situation information pret soleil arriver bien dette chute apparemment ajouter compte interet reclame validation dette devoir procedure illegale essayer collecter inquiet essayer deranger travail essayer proteger avenir financier,retard_livraison,elevee
navient continuer signaler rapport credit retard compte ete facture creancier origine effectuer enquete serieus non autorisee compte mensuellement mois action ensemble continuer apporter score surpuissance harcelement inutile empeche obtention credit faible taux interet,retard_livraison,elevee
limite carte credit date echeance automne mois solde payer dollar jamais payer avis disponible solde devenir disponible dire lendemain mise jour appele demander probleme systeme mettre jour jour mettre jour appele dire delinquer donne frais retard systeme jour corriger prochain chose verifie credit signaler payer carte credit dire utiliser pourcentage credit disponible vrai credit point chute credit contacter agence credit bancaire refuser reparer falsifier effectuer paiement depot carte credit besoin aide corriger probleme criminel,retard_livraison,elevee
concerner ecriture litige montant compte charge frauduleux vol identite victime autoriser charge demander suppression frais financier montant frauduleux credite bien recevoir declaration precise demande faire conformement loi facturation credit equitabl amendement loi pret verite voir demande ecriture methode verification litige initier reponse ulterieure recue lettre joindre section fcra demander examen information exhaustivite exactitude pertinence lieu envoi information rouvrir litige garantir enquete approprie effectuee apprecierer reponse temps opportun decriver etape produire resoudre affaire recevoir reponse choix exercice droit section frca poursuivre action justice compte ferme compte compte solde compte solde compte solde,retard_livraison,elevee
long histoire voiture court bientot mari inscrire enregistrement mechant divorce arreterer payer payer temps obtenir jour affecter credit bien finalement trouver voiture utiliser enqueteur prive remorque vendre vendeur prive payant solde chequ compensation date echeance extatique arreter stresser credit montre rapport credit paiement tardif envoye lettre santander litige precoce refuser envoyer enregistrement paiement montrer temps depose obtenir refuser atteindre santander chat fonctionnalite santander representer effectivement convenir temp envoyer gestionnaire escalader gestionnaire appele convenir paiement temps expliquer appel surveiller espoir effectuer paiement obtenir jour mois santander jamais signaler paiement effectuer retard paiement final autoriser apporter compte actuel cherche dossier chose paiement retard bien vouloir mettre jour rapport credit bien mari montre date audience potentiellement montrer utilisation preuve rapport credit reclamation credit inquiet mois voiture remorquee vendre mois jour vouloir mois tardif montre rapport credit,retard_livraison,elevee
touche financierement pandemie perte revenu famill contactee well fargo demande aide retarder processus hypothecair convenir retarder mois hypotheque temps voir paiement admissible deplace fin pret responsable faire mois entier paiement manqu contacter deplacer paiement demande fin pret financierement capable effectuer paiement lieu pouvoir effectuer paiement essentiellement mois paiement retard point vouloir ajouter fin pret etalement mois debut place abstention paiement declare rapporter pret retard frais retard bien correct reporter pret abstention impact negatif rapport credit agence evaluation recu avis bien fargo place commentair abstention faire paiement impact agence notation credit point mauvais pratique commercial sentir exploiter faille loi soin permettre option hypothecair besoin planification consommateur reprendre paiement,retard_livraison,elevee
rapport mois entreprise inexact inverifiabl chose erronee rapport credit ruiner pointage credit entreprise malade pointage credit ruine mauvais obtenir pret refuser maison fournir famille marqu desobligeant facture medical compte recouvrement derogatoir repertorie rapport credit incorrect simplement verifier quelqu utiliser nom numero securite social adresse insuffisant confirmer question dette tribunal statue hinkle midland differend gestion credit enquete ulterieure creancier original collectionneur bureau credit collectionneur original fournir documentation tenir presente jury signifier contrat original preuve similaire fin exiger facture detaillee inclure diagnostic limite procedure effectuee date facturation ledit procedure cout medicament fournir cout dispositif medical fournir visite bureau consultation visite hopital facture courant fourniture information demandee conduire divulgation tiers violation hipaa poser probleme consommateur fcra fcpa requérir representer complet police,retard_livraison,critique
obtenir marque desobligeant rapport credit victime vol identite ecriture demande bloquer suite information frauduleux rapport credit idee vol lieu connaissance suspect recevoir argent bon service resultat vol identite information rapporter transaction effectuee copie joindre rapport vol identite copie joindre section acte rapport credit equitabl detail responsabilite bloc information frauduleux rapport credit vol identite resulter pler laisser savoir besoin information bloc information rapport credit compte supprimer reinsere rapport credit reapparaisser societe recuperation amelioree,retard_livraison,elevee
recu releve mensuel nelnet detailler frais interet nelnet releve interet tal interet quotidien taux interet avril applique solde approximatif taux interet quotidien egal approximativement releve indique multiplier taux interet quotidien jour jour montant maximum interet pouvoir facture fonction solde approximatif montant facture mois dernier fonction calendrier paiement nelnet montant interet facture releve indique frais interet normal interet egal soutien taux interet annuel contacter nelnet reprise telephone soiree fois mail long conversation representant mettre attente reprise gestionnaire consulte aide resoudre probleme nelnet indique envoyer detail frais interet courrier electroniqu nelnet fournir detail nelnet repondu demande courrier electroniqu nelnet donne formule calculer interet utiliser formule montant support interet facture diviser montant interet facture frais interet journalier relev egal indique interet quotidien incapable recevoir traitement direct,retard_livraison,elevee
concerner nom atteindre pret automobile banque pret automobile resoudre probleme cree premiere place probleme debut assurance couverture vehicule pret temps plein acce bloqu compte ligne chequ tresorerie envoye courrier paiement voiture mettre reprise pret auto essayer atteindre representant direction direction aider acheter assurance mois precedent commander prendre reprise pret auto frustrant temps entier couverture assurance pret voiture arriver temps frappe pay membre famille malade chose pire combattre mois finalement admettre erreur systeme confirmer couverture pret auto temps plein annuler frais supplementaire devenir pret actuel reparer rapport credit credit promettre epuise litige atteindre credit bureau fin correctif mois ecoule prendre mesure extremement difficile atteindre probleme commande pler atteindre acte reprehensible ruiner credit reparer rapport credit capable voir rapport credit jamais payer retard,retard_livraison,elevee
tentative achat vernis ongle payer recu achat mail alle paypal date paypal repondu attendre produit aggraver probleme recevoir produit envoye mail paypal recevoir aide probleme mentionner escalade produit contact paypal demande besoin escalader probleme mail recevoir mail standard escalade site envoye mail partie site demander lien processus escalade noter mail precedent paypal envoye mail dossier ferme rouvrir escalade affaire colere jour envoye mail numero telephone gauche resolution jour recu assistance reponse recue assistance redaction produit,retard_livraison,elevee
contacter principal covid malheureusement subir revers societe libere raison pandemie demande prendre salaire direct revenu permettre effectuer paiement date pret prevue redigee diriger site web capable appeler jour verifier paiement expliquer travailler essayer gain reemploi dur temps lutte trouver moyen effectuer paiement retard dernier autour autorisation redig compte dollar non inscrire paiement direct envoye frais bancaire negatif rendre position pire reclamation aide essayer temps realite soucier remboursement argent non autoriser illegalement prendre compte,retard_livraison,elevee
solde payer entier soumettre solde paiement montre solde remarqu fin pointage credit continuer baisser solde carte insu bientot trouver solde payer jamais paiement retard jamais penalise mesure ridicule pointage credit solde reduit,retard_livraison,elevee
nelnet reporting retard paiement compte rapport credit abstention compte temps payer consolidation complet precedemment conteste reponse antidatee abstention antidate abstention administratif modifier precedemment fournir rapport obligation incorrect information correct conscient accorder abstention periode temps rien temps rien retard rapport incorrect periode tardif correction mettre jour supplementair information affecter considerablement credit mettre jour prejudice nelnet way payer complet detenir pret long besoin resolu venir departement education incident precedent section fcra adresse devoir correct mettre jour fournisseur information fournir information agence information consommateur bureau credit arc section particulier exiger fournir information agence information consommateur determine complete exact aviser rapidement determination agence evaluation consommateur fournir information necessaire complet exact faire face disposition,retard_livraison,elevee
supprimer historique paiement retard information paiement retard compte ferme fournir reprise copie agence evaluation credit indiquer suppression retard paiement agence evaluation credit telephone fournir litige ecrit site web information mois rapport erreur rapport transunion supprimer historique supprimer suppose supprimer historique paiement long notification paiement retard joint copie lettre supprimer information paiement retard historique compte ecrit,retard_livraison,elevee
retard paiement signaler jour paiement retard jour signaler paiement retard jour paiement temps effectuer paiement retard jour signaler paiement retard jour sequence signale temps retard paiement maniere delai paiement suivre paiement retard jour paiement saute jour supposer retard paiement rapport dommageable supprimer immediatement,retard_livraison,critique
visite persuader devenir membre cout adhesion mois membre visiter clinique mois recevoir peeling chimique microdermabrasion valeur echange frais adhesion pay exciter profiter adhesion visite mensuel recevoir traitement declar nouveau epidemie coronavirus pandemie mondial immediatement declaration mois ferme citer probleme securite milieu pandemie raison restriction federal local interdire fournir service standard client normalement fournir jour fournir service majoritaire site web charge membre dire membre utiliser credit argent bancaire utiliser tard contacter annee dernier essayer probleme travail capable entretenir payer superviseur revenir resolution appel telephoniqu essayer obtenir service couteux besoin depose citibank esperer aider citibank atteindre commercant donne jour repondre commercant repondu contrat general citibank nom reel signature present capture ecran correspondance differend mur erreur falsification dat,retard_livraison,critique
contact liberte produit hypothecair qualifier appele rationaliser hypotheque processus transparent rapidement remplir paperasse envoyer jamais contester processus credit verifie paiement mensuel aller pouvoir profiter sauter mois paiement sonner bien terme accepter presente processus commencer particulier sauter option paiement changement prevu emploi futur payer hypotheque mois avantage benefiqu temps ete recu pret document signe sembler passer bien commencer avis suivre commencer travailler defenseur client expliquer signature document prochain etape sembler temps fermer aller pret recu document signe signe document devenir frustrer mois terminer penser pret fermer temps suivre passer venir probleme paiement pension alimentaire enfant incorrect corriger pensee fermer obtenir appel telephoniqu souvenir date expliquer air bien demande faire paiement hypothecair signer processus cours,retard_livraison,elevee
supprimer gel credit transunion tardivement xxxxearly appliquer nouveau carte credit explorer refinancement taux interet pret etudiant taux interet crise financier supprimer gel site web rapidement devenir apparent gel supprimer carte credit pret etudiant institution financier recuperer credit gel place transunion appele transunion probleme appel telephoniqu raison volume eleve place heure attente jamais atteindre commencer communiquer transunion asktu conversation commencer jour fichier communiquer quelqu methode probleme non resolu transunion promettre probleme resolu heure revenir arriere heure tard promettre supprimer gel credit representer dire probleme fin prouver capture ecran transunion continuer rapporter statut credit inconnu site web application essayer appliquer carte credit refusee recevoir lettre appel indiquer fichier gel credit transunion sentir credit tenir otage societe semaine controler credit capacite entreprise droit appliquer credit temps precedent sentir transunion,retard_livraison,elevee
recemment essayer succe banque americain supprimer entree incorrect rapport credit conteste reprise boa continuer correct enquete devoir argent boa jamais paiement retard date rapport credit pourtant boa refuser reprise supprimer entree correct avoir travailler dur reconstruire credit divorce cause faillite entierement nourrir absurdite prendre serieu prochain etape action justice menace promettre corrigee,retard_livraison,elevee
femme achete objectif appareil photo nom article montant total utiliser caisse citi carte credit terminer joint minute obtenir e-mail paypal dire obtenir remboursement achat attache supposer vendeur annuler transaction retourne argent savoir raison jour voir credit carte credit envoye mail vendeur ebay vendeur reponse compte pirate jamais reellement vendre article demande contacter ebay attache conversation probleme voir piece joindre bien obtenir remboursement mail paypal infructueux voir essaye arret contact raison pandemie temps autour litige carte credit article annuler obtenir confirmation remboursement argent rembourser temps continuer contacter ebay aide litige existant traite carte credit obtenir mail credit carte credit litige refuser raison mentionnee appele demande demande examen cas demande changement article cas jamais recu litige carte citi demande document soumettre copie papier document envoye usp numero suivre mois jour refuser cas dire document jamais recu dossier ferme remboursement appele carte citi appel cas sen,retard_livraison,elevee
chomage catastrophe naturel appelee informer circonstance donnee option reporter paiement mois appel demander ajournement disponible oui recevoir appel societe signifier paiement approuver verification rapport credit societe jamais appele informer paiement retard paiement resulter dela jour retard cause impact negatif date rapport credit signaler retard paiement montant mois essayer resoudre probleme entreprise conteste bien bureau credit declarer raison catastrophe naturel client exceptionnel epidemie coronavirus,retard_livraison,elevee
deuxiem annee synchronisation banque automatiquement changer releve ligne reponse courrier electroniqu releve ligne effectuee demande forcer client opter releve ligne opter releve imprimer cause frais retard paiement manqu dommage historique credit trompeur,retard_livraison,elevee
demande reponse tradeline repertorie dossier consommateur personnel lier potentiel dette negativ referencee conscier droit entreprise rapport dette credit bureau juge necessair capacite changement liste fournisseur information malheureusement article negatif rapport factuellement precis marque negativ bien droit dommage solvabilite accordee pratique recouvrement creance acte remplir droit litige dette aujourd compte ferme voir raison tradeline fichier accepter maltraiter commercer rapport activite credit moyen preteur rapport agence obligation legal rapport commercant information credit jamais signaler activite completement volontaire ajout vendeur exemple credit entreprise medecin rapporter generalement activite paiement agence evaluation creditsauf envoyer point agence recouvrement facture montrer probablement rapport credit loi dette impaye activite dirigeant signale loi information credit equitabl creee cadre juridique agence evaluation credit decrit droit consommateur welli,retard_livraison,elevee
copie recemment obtenir information dossier credit transaction effectuee demande compte completement supprimer dossier credit bloqu litige regulier depose plainte commission federal commerce document victime vol identite vouloir bloquer information frauduleux section loi rapport credit equitable demander compte frauduleux supprimer dossier credit bloqu,retard_livraison,elevee
concerner ecriture litige montant compte frais frauduleux vol identite victime autoriser charge demander suppression frais financier lie montant frauduleux credite bien recevoir declaration precise demande faire vertu loi facturation credit equitabl amendement loi pret verite voir compte ferme acct compte solde acct compte solde acct compte solde compte collecte acct compte solde acct compte solde acct compte solde acct compte solde acct compte solde,retard_livraison,elevee
contester rapport credit compte fraude continuer envoyer lettre excuse bureau produire lettre certifie lettre suivi montrer signee livree bureau prendre mesure compte montrer litige supprimer rapport demande enquete initiee preuve verifiabl soumettre compte reclamation recu courrier montrer preuve verifiabl necessair justifier rapport compte recu lettre indiquer enquete commencer processus loi federal fcra supposer jour tard bombarder argent courrier certifier fin voir resultat montrer dernier option prendre avocat poursuivre justice indemnisation complet dommage subir,retard_livraison,elevee
chasse carte credit fin banque utiliser periode facturation temps etat uni zone etat tri new york new jersey devast pandemie corona virus covid new york new jersey resident decede train mourir activite reguliere affaire scolaire banque paralysee succursale fermee service pandemie raison ordre urgence peur mourir mettre quarantaine maison prendre soin enfant relatif apprendre institution financier entreprise service public societe gouvernement federal etat fournir allegement paiement particulier pret etudiant hypothecaire penalite paiement carte credit facturee banque devenir public offrir secours appel secours ligne appelee ligne heure attente fois realise impossible obtenir aide chasser succursale local personnel indisponible poursuite echoue fournir releve facturation courrier electroniqu fermeture poursuite fournir service limite paiement effectuer client presque impossible,retard_livraison,critique
lettre recue chase bank annuler unilateralement compte personnel associer comprendre mere niec enfant annuler carte credit date lettre declaree resiliation relation bancaire efficace banque fournir explication refusee communiquer probleme relation chase annee bancaire entreprise compte personnel institution montant global actif chase bank substantiel membre certifier appartenir femme trouver traitement discriminatoire echec fournir explication opportunite guerir irregularite percue mauvais conduite institution,retard_livraison,elevee
derniere annee obtenir equifax correct erreur long date rapport credit information equifax nom femme mixte date naissance initial milieu numero securite social declarant equifax fichier credit ssn bien compte delinquant dernier tentative obtenir equifax erreur correct conteste donnee erronee mecanisme litige ligne equifax place corriger erreur equifax instruire societe contact signaler donnee erronee equifax essayer contacter equifax telephone discu differend enregistrement numero fournir connecter agent direct produire occasion ajouter probleme rapport credit societe corriger compte ssn erron journee,retard_livraison,elevee
plainte cooper dba nationstar hypothequ regle cfpb enquete conjoint irregularite pratique gestion hypothecair resolue actuellement mal geree cooper voir detail approuver fha reclamation partiel term reclamation requérir couverture fonds avance fher paiement hypothecair contractuel montant total terme declare reprendre paiement mensuel normal approuver expliquer spoc approuver modification effectuer paiement jour ouvrable dela irresponsable changer concede accord signe revendiqu decision pris fha cooper informe prendre jour processu finaliser modification pret rapport pret correctement faire paiement incapable appeler ligne completer point discussion representant informer faire modification paiement reclamation partiel finalisee confiance gestionnaire service gerer correctement vouloir impact negatif rapport credit femme pret representant dire rapport credit declaration confiance zero precedemment contacter gestionnaire partie reclamation aucun representant employer attenuation perte genou,retard_livraison,elevee
pret auto auto finance paiement automatiquement retirer paiement compte dernier paiement supposer dernier paiement prendre envoyer titre mois demander titre appele auto finance faire paiement final contrat ecrit manuellement an homme comprendre mettre arriver monde pret auto banque conteste jamais marque tardif rapport credit arriver monde evidemment procedure trompeur systematiqu mettre place recueillir interet supplementaire frais retard,retard_livraison,elevee
agence reparation dette contestee relach information incorrect rapport credit conteste retard paiement creancier accepter renoncer frais retard solde cause solde compte solde gauche essayer succe paiement retard supprimer rapport credit fournir preuve changement creancier compte inverse rapporter rapport credit negatif conteste bureau credit revenir verifie conteste,retard_livraison,elevee
chronologie charge frauduleux jamais achete atteindre barclay telephone appeler enregistrer releve fax courrier prendre mois correct age rien jamais donne numero dossier renvoyer reponse fax barclay rappele service fraude jamais recu fax envoye reponse fax barclay envoye copie physique reponse atteindre fois telephone portail message securis demander aller jamais donner reponse continuer fax reprise connaître probleme recevoir remboursement frais frauduleux fermer carte precedent raison frais frauduleux,retard_livraison,elevee
creance performance compte concerner lettre envoyee reponse avis envoye societe raison rapport errone bureau credit impact negatif rapport credit personnel vouloir aviser refus avis paiement envoye conformement loi pratique equitable recouvrement dette loi usc sec reclamation conteste validation demandee verification preuve adresse postal demande validation faire conformement section titre demander respectueusement bureau fournir preuve competente obligation legale payer vouloir fournir argent devoir expliquer montrer calcule devoir fournir copie papier montrer convenir payer devoir fournir copie verification jugement applicable identifier creancier origine prouver limitation loi compte expir montrer licence collecter etat fournir numero licence agent enregistrer temps service agent informer bureau rapporter information invalidee action majeur bureau credit constituer fraude loi etat federal raison marque negativ trouve rapport credit societe societe represente hesiter apporter,retard_livraison,critique
bon samedi monde equipe direction choqu compte rapporter rapport credit rapporter information incomplete inverifiable compte verifie enquete rapporter date derniere activite impossible variation agencer evaluation credit incoherence historique paiement exemple montrer paiement marqu soudain montrer alle statut charge statut compte historique paiement nom incorrect tardif jour retard charge correct imperativ ligne directrice fcra creancier fournisseur rapport information precise incoherence incorrect information incomplete compte inverifiabl violation signale vouloir supprimer compte immediatement rapport credit,retard_livraison,critique
abstention devoir covid perte revenu liee cle abstention directeur succursale date anticipe envoi paquet appele departement hypothecaire remplir paquet attendre rappel attenuation perte semaine venir contacter representer cle agent transfere departement attenuation perte Monsieur repondu expliquer paiement jour periode appel rationaliser processus lieu eligibl ajouter paiement fin pret expliquer departement attenuation perte tete obtenir nom minute peur mois paiement devenir fin abstention travail mandat pennsylvani venir gagner mois assurer inquietude paperasse requérir aujourd recu paperasse remplir courrier appele agent attenuation perte paiement fin devoir expliquer incorrect vouloir confirmer obtenir eclaircissement effray mort cle tenter ramener maison annee prudent clair abstention situation venir mois paiement assurer cas,retard_livraison,elevee
voiture financee payee especes repo finance effectuer paiement requérir pret rapide representer representer accord paiement supplementair compte recu paiement appele demande calculer temps paiement banque soumettre paiement demande annuler arreter paiement automatique paiement compte recu notification diminution credit pret auto signaler fois compte souffrance non paiement causer diminution score appele expliquer malade infect paiement besoin recalculer paiement effectuer passer temps demande reporter paiement malade travail capable promettre faire paiement recu notification compte souffrance appele demande reparer probleme promettre faire paiement effectuer ordre paiement cause probleme rapport non paiement payer taux tal promettre reporter paiement fois appeler blamer quelqu payer souffrance erreur envoye notification retard appele demande explication histoire desole erreur systeme systeme permettre faire changement apporter compte ordre actuellement payer souffrir erreur demander notifier erreur agence evaluation credit corriger pointage credit,retard_livraison,elevee
lettre envoyee rapport credit inexact inconnu jour tard reponse recue information impact violation donnee mauvais,retard_livraison,elevee
banque appelee informer compte debit inconnu recherche verifier correct appartenir tard recu appeler fournisseur carte credit indiquer chose savoir immediatement identite volee neuf compte cree obtenir copie rapport annee nom anniversaire numero securite social utiliser compte vouloir supprimer article rapport,retard_livraison,critique
litige experian retard paiement pret etudiant atteindre ecole litige retard paiement experian atteindre repondrer resulter experian suppression rapport credit litige litige resultat pret changement rapport credit compte conteste temps inclure documentation resultat litige pret changement rapport credit appele experian demander retard paiement retirer representer documentation informee soumettre jamais joindre cas demande demarrer litige inclure documentation resultat pret changement rapport credit croire experian recu reponse ecole paiement retard pret etudiant examiner documentation soumettre litige jour ecoule retirer credit enrole effectuer paiement annuel preuve pret etudiant,retard_livraison,elevee
lettre envoyee chose inconnu precise rapport credit jour recu reponse inquietude prioritaire bien profiter bien ignorer section litige indique clairement echec enqueter article journee donner raison supprimer immediatement rapport credit jour supprimer rapidement exiger compte supprimer immediatement deposer litige raison stress cause information impacteer violation mauvais main,retard_livraison,critique
trouver site web achete payer numero suivi donne colis arriver etui telephone bon marche clairement payer appareil photo payer etui telephone fragile difficile obtenir remboursement banque arnaqueur exemple frustrer vraiment besoin aide recu chose refuser etui telephone bon marche produire achete produit incorrect essaye litige chance vendeur vouloir envoyer produit etui telephone bon marche plaider clairement preuve arnaque arnaquer alle banque protection refuser reclamation deposee appel allee succursale donne preuve departement fraude fax refuser deposer troisieme appel bien frustr,retard_livraison,elevee
fidele titulaire carte american express annee raison plainte retard paiement effectuer compte amex temps femme mariee responsable payer facture gagne revenir menage majoritaire temps eprouver difficulte conjugal payer compte amex temps savoir dependant depense affaire rembourrage compte bancaire facture payee temps preparer secretement divorcer potentiel completement inconscient situation verifie pointage credit point confronter prendre responsabilite payer compte amex temporairement reconcilier temps gestion compte amex jamais paiement retard mois consecutif comprendre utiliser largement carte amex mois depasser temps paiement malheureusement reconciliation mariage dernier divorce note jamais paiement retard compte direction declare credit action significativement impacte ete prise unilateralemer presque notee annee dernier soumettre reprise litige bureau credit recemment ame indiquer retard paiement action resultat mauvais gestion intentionnel tentative,retard_livraison,elevee
cas depose cfpb amerisav challenge refinance company promettre compensation monetair resolution partiel jamais recu argent ouverture dossier demande amerisav honor compensation faire cfpb,retard_livraison,elevee
sujet plaindre reduction reduction score credit declaration delinquance remarqu negativ rejet resulter rejet pret auto petit credit carte credit bonjour cfpb negligence refuser demande pret vehicule neuf base discriminatoire savoir fraude lieu dette minimal resultat direct vol identite alerte fraude mettre discrimine eventuellement supposer sujet fraude credit beaureau conscier victime vol identite alerte fraude mettre ssn respect alerte fraude remarqu negativ credit explication petit dette frais retard interet resultat direct agence vol identite copie conscient document soumettre credit cfpb bureau copie document soumettre preteur refuser negligence credit connaissance complet documentation preuve transaction non autorisee victime vol identite victime discrimination problematiqu sujet vol identite abattee service pret automobile service entreprise ete rejete base pret remarqu negativ signale documentation complet preuve fac,retard_livraison,elevee
contacter decouvrir rapport bancaire charge non autorisee decouvrir fournir frais credit provisoire semaine tard annuler contact decouvrir charge trouve information valable attachee charge conseillee information compromettre carte volee rien charge command precedente retourne emis remboursement tard trouver recharge autorisation decouvrir carte fermee credit emis sorciere inverse tard reprendre credit retourne mauvais article emis remboursement marchandise retournee semaine tard autorisation faire completement nouveau charge saisir manuellement montant recharg retourne fraude marchandise decouvrir reparer,retard_livraison,elevee
litige depose information incorrect rapport credit concerner retard paiement bien jour recu resultat enquete date indiquee montant bureau credit paiement mensuel paiement mensuel paiement mensuel paiement mensuel,retard_livraison,elevee
departement payer retard paiement departement payer retard partie violation ftc gestionnaire majeur pret etudiant federal prive face proce alleguer emprunteur pret etudiant lese long processus remboursement remettre pret etudiant veritabl gestionnaire pret etudiant manquant ftc inclure ftc dept dept,retard_livraison,elevee
vendre compte virtuel utilisateur jeu mobile presente paypal frais paypal mois tard reclame frais frauduleux carte credit paypal suite gele compte fonds prendre argent vente facture frais retrofacturation preuve achat convenir envoye fonds paypal confirmer bon annoncer preuve donne avis parfait vente utiliser compte frequemment acheter capture ecran joindre capture ecran joindre reclamer frais frauduleux biater mensonge perpetrer fraude particulier mois date vente essayer appeler paypal fois connecter agent essayer message centre message obtenir reponse vague temps utile obtenir reponse paypal paypal cas identifier cas hesiter atteindre supplementair bon aide solution rapide,retard_livraison,elevee
cher equifa envoye lettre certifie demander nouveau enquete supprimer rapport credit article litigieux bien place supprimer temporairement rapport article periode enquete date echec reponse demande loi stipule enqueter journee reception lettre repondre journee terminer enquete suivre stipulation loi subir dommage besoin compter declaration complet precise dossier credit exiger supprimer rapport article litigieux immediatement echoue conformer loi contacter commission federal commerce aviser mepri apparent loi protection consommateur suite compte negatif repertorie,retard_livraison,critique
plainte precedemment soumettre repondu plainte apparaître provenir quelqu obligation precedemment declaree plainte continuer obscurcissement indication clair culpabilite obligation affirmatif enqueter maniere approfondi plainte lieu aligner creancier abusif demander cfpb contraindre repondre enqueter exiger preuve strict enquete contemporain plainte impliquer compte compte trouver rapport credit contester exactitude legitimit charge charg initialement apparaître contactee charge signale frauduleux grand charge magasin meuble fournir copie signee document recu fournir information femme age facture signee adresse livraison adresse adresse jamais vecu information fournir suite rapport police local rapport groupe travail federal vol identite vol identite utilisation frauduleux carte fournir rapport departement etat gestion personnel bureau conseillant mari victime violation information utilisation identifie dark web resultat direct,retard_livraison,elevee
difficulte malade long pandemie charge master card emis comenity bank extremement eleve montant charge trouve charge commander bj site internet chequ energie charge stresse peur famill attraper virus malade energie chequ charge essayer meilleur salaire solde bien argent contacter comenity bank demander renoncer frais retard dur temps payer solde fois article commande expedie stock rembourser douter montant compte charge demander malade energie extremement contrari obtenir reponse banque comenity premier reponse mentir dire frais retard compte charge deuxieme reponse mentir dire frais retard frais carte principal mensonge troisiem reponse payer temps pitie client payer temps difficile energie malade question charg extremement elevee montant charge non reconnaître comprendre montant elev gestion commercial bien service client repondre e-mail payer gros montant solde fois besoin soumettre energie recuperee genre vouloir debat charge non reconnaître occuper repondre e-mail jour banque commodite,retard_livraison,elevee
continuer signaler maniere incorrect bureau credit pret etudiant transunion dat tardif periode question abstention pret cesse fournir document abstention signe reclamation contradictoire refuser corriger rapport errone,retard_livraison,elevee
atteindre transunion compte repertorie rapport credit demander validation dette mine transunion reclamation compte valide instance envoyer preuve valide dette presume dette valide demandee jour indique lettre envoyee transunion chercher preuve dette transunion transunion viole continuellement loi fcra valider correctement dette presumee refuser remede compte numero compte,retard_livraison,elevee
abstention covid ete signale fin journee bureau credit abstention covid signaler tardivement site web loi pret fha nom cooper societe hypotheque connaître hypotheque,retard_livraison,elevee
choqu examiner rapport credit trouver retard date paiement jour retard bien arriver croire effectuer paiement recu declaration pensee declaration obtenir,retard_livraison,elevee
bon journee mois attente paiement chomage depose jour effectuer couple paiement transfert argent compte femme minute tard compte gele appel service client aide activite suspect demander information personnel compte bancaire compte fermer expliquer aller envoyer chequ solde entier jour semaine attente chequ rappeler attendre jour mois demander preuve chomage alle succursale donne paperasse image paperass enregistrer gentil dame aide jour compte rappeler support ligne semaine entendre continuer attendre mois,retard_livraison,elevee
victime desinformation eventuellement frauduleuse sein rapport credit transunion denoncer affirmer commande produit reglement contre fermement droit federal litige accepter faciliter demande bloquer minimum suite information frauduleux non confirmee dossier credit demande convaincre mandate maniere adequat preuve requérir desinformation venir lieu connaissance autorisation entite ecriture irrefutablement responsable factuellement recu argent bon service resultat conteste desinformation information frauduleux inexact inverifiable invalide vol identite utilisation identite manipule plainte victime affidavit,retard_livraison,elevee
heure lieu appel cible carte credit demander representant cible sauter paiement covid representer cible aider situation alle ligne payer compte cible plein rien ete compte avis pointage credit point chute arriver rapport cibl retard paiement penalise appel cible representant nommer expliquer arriver expliquer montre enregistrement appel situation discutee rien coincer rapport credit negatif injuste,retard_livraison,elevee
centre service client bail renouvele normalement negocie paiement bail regle automatiquement paiement bail hypothese paiement automatique rien changer bail partir simple echange remarqu facture papier montre retard realise chose mauvais moment immediatement prevu paiement complet attraper facture jour cours paiement retard ete assurer regler paiement automatique tard avis papier avis jamais recu avis avertissement tri information faire savoir rapporter retard paiement bureau credit particulier jour paiement retard payer complet immediatement demander retard paiement supprimer rapport credit retard paiement rapport defaut sentir traite situation sorte professionnel devoir diligence recu appel telephoniqu sorte payer immediatement communication recue retard jamais informe retard paiement signaler tentative refinancement courtier hypotheque residentielle faire savoir,retard_livraison,critique
commencer refinancer liberte hypothequ supposer fermer refi inattendu appele fermeture repousse jour nouveau date cloture paperasse apportee maison signe mal notifier libert representer hypothecaire faire savoir paperasse incorrect signe document soumettre document initialement soumettre montrer taxe foncier moitie montant indique obtenir document corrige liberte hypothequ contacter nouveau date cloture heure demandee necessair effectuer paiement fin mois vouloir voir long paperasse prendre corriger supposer rappel jamais recu rappel appele liberte hypothequ voir statut refi necessair faire paiement fin mois fatigue telephone payer liberte ligne telephoniqu hypotheque accepter paiement discuter necessair payer demande paiement necessair paiement regulier montant augmenter declare necessair payer emballage sequestre penurie refi alle payer facture envoye paiement liberte envoye mail faire savoir envoye banque systeme telephoniqu liberte laisser payer montant recu hypotheque liberte,retard_livraison,elevee
demande pret hypothecaire vente maison acheteur financement societ pret hypothecaire suppose fermer entiercement semaine acheteur demande prolongation convenir lundi dernier appele agent credit cheque hypotheque franklin voir entraver pret curieux savoir ensemble bien connaitre information financiere confidentiel partager demande information curieux savoir temps necessair compte tenir demande prolonger cloture agent credit conseiller retard temps traitement irs comprendre besoin prolonger temps traitement irs comprendre besoin prolonger temps traitement irs acheteur agent immobilier savoir prolonger fermeture avance rapide lundi appel societe cloture lundi matin voir document pret recu agent pret vendredi week end cloture lundi agent acheteur envoye sm matin demande document cloture envoyer preteur societe fermeture prolonger cloture repondu sm appeler tard agent credit appele fois appele min tard prendre temps rapport fichier cfpb californi nml repondu telephone hey,retard_livraison,elevee
solution recouvrement dette deposee poursuite comte ohio multiple dette impayees dette non verifie solution recouvrement dette releve solliciter compte ecrit creance irrecouvrable solution recouvrement dette hopital declaration joindre sollicite envoyee declaration adresse actuel datee date echeance montrer releve solde impaye corps dette etat ecrit appele creancier original hopital enquete declaration effectivement envoye declaration notifie envoye solution recouvrement dette solution recouvrement dette relais declaration demande paiement reception declaration proce tribunal chanceux effectivement attrape voleur recevoir jugement defaut reprise croire dette min tentativ verifier rencontre defi compte tentative recouvrement solution recouvrement dette service allegu numero appel indique declaration verification fournir numero solution recouvrement creance aller lieu appele numero personnel conseiller entreprise annee agence recouvrement fait radiologue collecter agent recouvrement tenter collecter,retard_livraison,critique
bon midi vraiment choqu raison appel telephonique repete utilise langage abusif rappel dette presume possede relation agence recouvrement choqu examiner rapport credit semaine trouver inexactitude rapport credit grand entreprise recouvrement credit jamais traite fois ratifier probleme creancier original bureau credit rapporter information inexact inverifiable article conteste agence evaluation credit signaler compte confirmer valide honnetement croire jamais relation agencer recouvrement creancier origine inexactitude compte maniere rapporter violation total fcra fdcpa reglement loi bon foi effort resoudre affaire amiable exiger preuve dette specifiquement alleguee instrument contractuel porter signature bien preuve autorite matier absence preuve corriger rapport erron dette passee demande ecriture mine vouloir fournir information pler preuve autorisation usc usc matiere presume autorisation loi collecter information autho,retard_livraison,critique
credit verifie compte scie lvnv jamais recu avis litige dette,retard_livraison,elevee
contester retard paiement incorrect bureau temps recevoir reponse bureau faire connaitre statut enqueter litige envoye ensemble demande bureau litige enquet comprendre cause pandemiqu retard recu litige retard negligence partie bureau actif reglement demantelement desastreux cfpb respect exigence legale bureau repondre differend journee,retard_livraison,elevee
informe sollicitation avocat regarder representer defense chercher action justice tenter poursuivre tribunal dette presume apprentissage attente action justice ignorer dette presumee croire viole protection decrite fdcpa contacter ecrire telephone autoriser demande validation dette presumee,retard_livraison,elevee
plainte plainte deposee semaine dernier recue offrir plan paiement mensuel enregistrer compte ferme ligne accepter donne option choisir avril paiement mensuel faible solde payer compte rester ferme avril paiement mensuel faible continuer facturer privilege option selectionne acceptee eleve avr continuer facturer privilege effectuer paiement requérir discuter representer ligne compte ferme privilege facturation trompeur faussement annoncer demande selectionner option refusee,retard_livraison,elevee
semaine dernier contacter present societe pret hypothecaire demander releve hypothecaire note hypothecair raison circonstance imprevisible privileg ligne revoqu maniere enorm inconvenier prendre conscience demande urgence plaider convenir envoyer document jour tard recu releve hypothecaire note hypothecair manquant appelee resoudre situation chose mal passer capable quelqu accepter fax document manquant surprise faxe quelqu note hypothecair preteur appele suite appele societe hypothecair transfere departement directeur informe dossier egare ajout accommoder mettre courant aller contacter cfpb rien aide plaider obtenir note hypothecair delai echeance contrainte difference dernier effort demande responsable reponse mail fonctionner inacceptable comprendre envoyer releve hypothecaire dossier perdre besoin desesper aide,retard_livraison,elevee
inconnu enquete serieus rapport credit demande verification methode enquete credit verification ajouter enquete serieus rapport credit societe fournir preuve objectif autoriser preuve autorisation ecrite connaissance enquete initiee personnellement document signe autoriser organisation voir historique credit rapport credit enquete viole loi rapport credit equitable section transaction initie consommateur,retard_livraison,elevee
cher Monsieur litige citibank new york excedent repete transfert frais bancaire correspondant chemin cooperatif resolution interrompre citibank refuser repondre resume citibank applique frais supplementaire usdxxxx top usdxxxx habituel frais bancaire correspondant frer traitement reclamation nom refuser recevoir frais remboursement frais citibank usdxxxx frais traitement charge global usdxxxx citibank deduit usdxxxx facilement confirmer identite beneficiaire progrer question refuser categoriquement demande repete lettre non signee citibank refu identifier beneficiaire conclure declaration vouloir conseiller considerer affaire close final e-mail ulterieur date ignorer affecter transfert effectuer recu confirmation recevoir part usdxxxx facture compte citibank recu confirmation frais bancaire correspondant convenir citibank usdxxxx usdxxxx envoye lettre detaille citibank joint rapide illustrer charge dernier transfert copie correspondance informe croit charge reponse erronee date ref,retard_livraison,elevee
xxxxxxx appele dossier plainte abaissemer limite credit compte marathon representer telephone impoli decid drole commencer fermer compte totalement blesse credit garde rappeler obtenir compte ouvrir semaine homme fermer arriere continuer revenir mois banque commodite donne credit detruit prendre score extremement jamais manqu carte paiement jamais tard recemment rendre carte appliquer mettre durement carte credit solde faible carte credit fermee carte bancaire donne solde faible vouloir carte retablie solde augmenter heureux trouver endroit cfpb accord consommation epreuv homme grossier jamais traire maniere preuve compte rapport credit,retard_livraison,elevee
resident texas resilie bail appartement raison section code propriete texa protege victime documente quitter propriete resilier bail tot eviter responsabilite fournir copie propriete bien numero rapport police incident collecteur dette appele notifier dette devoir signalee bureau credit dette payee integralement immediatement expliquer differend telephone individuel dette explique situation provoque demenagement dette impoli rappele superviseur declare litige dette recherchee dette valide immediatement contact gestionnaire immobilier tentative reglement infructueux gestionnaire immobilier declar dette vendre declaration indiquer dette valide devoir appelee explique dette presume cours litige dette contestee vouloir retarder rapport credit attente representer audience tribunal manier travail grossier volontaire envoyee lettre certifiee usp suivre indiquer dette officiellement contestee cesser activite recouvrement dette legalement valide litigieux inclus preuve prouver dette presume valide cas finalement declare,retard_livraison,critique
faux publicite pret approuver pret non garantir tard commuter pret garanti tirer credit chute score appele heure jour nuit debut entreprise utiliser trompeur trompeur tactique vente agressif informer representant onemain financier emplacement pret interesse appele fauche mauvais credit vehicule montre rapport credit vehicule jamais finance bail montrer rapport credit tire score presque envoye verification revenu annee baisse pret appele inapproprie terme non professionnel representer entreprise accroch procede appel lieu emploi pendre quelqu repondrait quantite temps repondrer telephone rappeler entreprise non professionnel grossier harceler,retard_livraison,elevee
depot plainte demander validation conformement pratique equitable recouvrement creance loi rapport credit equitable conformement loi etat local correspondant vouloir noter demande validation preuve competente porter signature montrer obligation contractuel payer societe cavalry portfolio service llc tirer rapport credit temps rien collection rapport credit trouver bon consommateur savoir rapport credit trouver lettre utilisation site web recouvrement litige ftc envoye lettre validation envoye poste lettre joindre certifiee envoyee recue repondre lettre reponse verification demander verification demander validation fournir avis refus paiement envoye conformement loi pratique equitable recouvrement creance loi usc sec reclamation conteste validation demandee demande verification preuve adresse postal demander validation conformement section titre nommer demander respectueusement bureau fournir validation preuve competente porter signature montrer obligation legale payer vouloir fournir argent devoir expliquer montrer calculer,retard_livraison,critique
lettre recue assurance chomage numero identification personnel soumettre demande chomage contact departement colorado travail emploi signaler fraude ligne appele alle processus mettre fraude retenir numero securite social informe contacter informer fraude retenir jour tard recu instruction carte bancaire activer carte carte utilisee recu allocation chomage deuxiem fois recue carte dernier fois recue appelee banque appeler chomage appele chomage appeler banque courir vouloir fermer compte croire quelqu vole identite demande nom allocation chomage,retard_livraison,elevee
entreprise continuer facturer appliquer incorrectement pret paiement maniere facturer frais retard demander vouloir abstention repondre paiement base revenu ensemble essayer payer pret effectuer pret predateur pratique essayer faire paiement regulier probleme mois navient appliquer paiement correctement frais pret frais retard essayer payer ancien frais retard croire facture incorrectement prendre retard applique interet paiement retard facture appele plaindre convenir remboursement argent envoye payer retard paiement rembourser argent envoye facture reclamer paiement mois dernier facture facturee frais retard telephone regarder probleme recer voir effectuer paiement regulier mois dernier visse autour argent allouer applique correctement frer dire reparer probleme produire mois mois mois envoyer facture payer integralement appliquer maniere facturer changer frais retard offrir abstention astuce empecher payer pret extraire frais interet besoin situation entreprendre geree permanence accepter pret envoye entreprise besoin contacter agence cabinet avocat enqueter probleme serieusement aller appeler plaindre resoudre probleme mois,retard_livraison,elevee
societe pret hypothecaire effectuer paiement compte sequestr paiement assurance risqu domestique effectuer mauvais beneficiaire apprendre compagnie assurance envoye mail dire prime payee mois communication aimloan aimloan finalement effectuer montant paiement adresse correct beneficiaire police assurance restee actif paiement incorrect effectuer jamais rembourser compte appele aimloan reprise representant superviseur perdre innombrable heure telephone cours dernier mois resultat incorrect paiement total hypotheque augmenter examen annuel sequestre solde compte sequestr devenir negatif superviseur parler probleme aggraver probleme aimloan departement recherche probleme garantir adresse recu lettre courrier date indiquer enquete terminee erreur identifie correspondance appreciee patience preparer reponse repondre tard question pler appeler contacte appel superviseur affaire aggraver contacter heure contacte vendredi appele superviseur,retard_livraison,elevee
paiement vehicule mois actuellement jour retard aujourd santander consommateur usa continuer message menacer repo vehicule appele heure jour aujourd essayer apporter information financiere personnel paiement effectuer paiement demain premier fois vehicule achete retard annee ete harcelement pret predateur,retard_livraison,elevee
concerner ecriture litige montant compte frais frauduleux vol identite victime autoriser charge demander suppression frais financier lie montant frauduleux credite bien recevoir declaration precise demande faire vertu loi facturation credit equitabl amendement loi pret verite voir compte ferme acct compte solde compte etudiant acct compte solde acct compte solde acct compte solde dept acct compte solde dept acct compte solde dept acct compte solde dept acct compte solde,retard_livraison,elevee
achat effectuer internet console jeu expedition jamais confirmer mail atteindre reponse vendeur vendeur appele usaa banque personnel resoudre probleme representer encourager fichier litige arreterer transaction remboursement representer usaa enquete contacterait preuve jour tard obtenir appel telephoniqu departement reclamation usaa demander preuve delai reception ledit colis correspondre description command prendre photo contenu paquet preuve usaa renvoyer colis vendeur montre preuve colis envoye poste preuve soumettre contacter usaa litige departement appeler laisser message contact appel telephoniqu besoin deuxieme lettre avis commander soumettre reclamation deuxieme lettre avis determiner colis recu correspondre description preuve soumettre auparavant montre clairement ordre atteindre affaire lettre deuxieme avis banque ridicule faire exigence aimable preuve soumettre ete donneer aucun entreprise vouloir impliquer banque raison vouloir probleme juridique contacter,retard_livraison,elevee
carte credit signaler faux information bureau credit declare paiement mois manqu retard paiement femme indique devoir arriver cote credit chute presque point vouloir rectifier essayer refinancer maison gen vraiment,retard_livraison,elevee
femme titulaire carte principal utilisateur autoriser premiere carte ajoutee autour deplac legerement bouleverser mariage autour carte retiree chose fixe ajoutee carte arriere mois appel agence credit trouver carte signale correctement montrer rapport credit carte utilisee reprise savoir probleme rapport correctement agence credit probleme fin essentiellement coinc milieu prendre responsabilite carte credit montrer rapport choisir blame place utilisateur autoriser supplementair obtenir credit ligne signaler amende carte credit probleme location voiture rapporter agence credit recu lettre indiquer rapport correctement cas fois appel mettre jour confirmer information personnel jour attente mois ssn incorrect remarque appel telephonique ensuite mois remarqu utiliser numero carte credit correct compte associer erreur souffrance aujourd suite dernier enquete rien trouver semaine essayer appeler femme confirmer nom dob ssn attendre,retard_livraison,elevee
premier gestion financier appelee signaler dette devoir accident automobile faute jamais poursuivre participation jamais recue tentative recouvrement dette commencer plan paiement suite licence suspendre immediatement point recherche communication ecrite paiement bien jugement decret frais devoir appel telephoniqu societe harcele verbalement mari courant reprise,retard_livraison,critique
jamais recu pret demande contact pointage credit profiter besoin corrige supprimer rapport credit,retard_livraison,elevee
exeter finance continuellement viole section fcra specifiquement modifiee statut information rapport reelle erreur rapport information avis erreur confirmation continuellement conteste compte declaration differend agence evaluation credit differend ulterieur solde conteste jamais recu avis paperasse requérir defaut notification envoye courrier certifier loi donne droit marque rapport credit historique paiement date dernier paiement bureau credit refuser opportunite credit produit refuser demande voir documentation compt contrat vente sujet pertinent justifier rapport erron rapport continu preuve violer fcra reporting information negative inexact differemment bureau credit envoye lettre indiquer litige point frivole litige continu bureau credit piece fcra information precise enquete complet apporte consommateur information fournisseur mettre jour supprimer ledit information exact complete,retard_livraison,elevee
mardi compte courant recu notification telephone compte decouvert recherche compte raison decouvert credit provisoire inverse compte debite facture frais decouvert veille lundi retirer compte transaction distinct compensee attente grand livre transaction solde recu attache banque suntrust ordre manipule mandat transaction frais decouvert obtenir frais decouvert retrait inversion litige credit choisir transaction publier compte faire apparaitre raison frais decouvert appele banque demander supprimer frais montant depot litige credit obtenir compte solde negatif refuser appele service litige dossier plainte suntrust banque frais decouvert frauduleux representer assister depot plainte,retard_livraison,elevee
recu message texte numero inconnu indiquer alerte fraude charge suspect chasser carte prefere saphir alerte venir numero chasser alerte carte credit tentative appel service client utiliser numero carte arriere verifier alerte legitimite fois tentative appel service fraude ferme permettre opportunite connecter reell confirmer reponse terminee message texte indiquer recu indiquer carte fermee recevoir nouveau information supplementair fournie amener poursuivre timing reception nouveau carte attente transaction apprecier approche proactif detecter activite suspect comprendre service fraude temporairement reduit heure covid extremement injuste trompeur abusif fermer carte fournir supplementair alternative information autant site web indique heure fonctionnement reduite information supplementaire trouvee voyager etranger carte fermer maniere bloque payer hebergement voyage apparemment pourchasser soin fermer departement fraude,retard_livraison,elevee
mois essayer obtenir montant remboursement hypotheque selectionner service portefeuille sp explication montant correct besoin calculer condition entreprise continuer fournir devis societe agence recouvrement commencer acheter societe pret hypothecaire connaissance appropriee personnel gerer connaissance personnel hypothecaire agent pret question prendre jour repondu conversation expliquer probleme reponse achete hypotheque depot plainte deposee poursuite regle exterieur tribunal essayer expliquer pret premiere annee comprendre concept pret continuer citer montant principal calcul mois perdre essayer revenir arriere suffisamment connaissance processus pret,retard_livraison,elevee
hypotheque transferee temps hypothequ origine fournisseur service actuel selectionner portefeuille entretien verification rapport credit mois dernier entreprise paiement publier pret service retard societe bureau credit paiement repertorie sp rapport bureau paiement depose faillite fichier faillite maison beaucoup telephone etat reaffirmer maison reponse fichier faillite maison instruire obtenir avocat pler aviser,retard_livraison,elevee
date pret garantie mal gere lettre joindre nfcu piece joindre fournir detail necessaire conforme,retard_livraison,elevee
societe compte croire compte correct credit declare essayer assurer credit correct savoir article terminer rapport credit jamais signe frais convenir savoir donne information accer document creancier compte faire,retard_livraison,elevee
lettre envoyee experian notifier verification rapport credit inexactitude signalees retard paiement demande valider information fournir copie documentation jour reponse lettre envoyee exiger recevoir preuve validation enquet methode enquete,retard_livraison,elevee
revenu reduit arret economiqu cause pandemie synchronisation tardif soin carte credit demandee synchronisation supprimer paiement retard cause arret economiqu controle refuser,retard_livraison,elevee
choqu aujourd examiner rapport credit trouver retard paiement compte pret etudiant compte conteste rien envoye verifier legalement exactitude legitimite rapport continuer rapport incomplet inexact information inverifiable impossible enquete verifie exact avoir signaler jour retard paiement jour solde douteux rapporter gestionnaire pret etudiant poursuivre appliquer paiement compte consommateur correctement signaler violation droit honnetement vouloir perdre temps revenir arriere aimer supprimer credit jamais tardif rapporter,retard_livraison,elevee
sequium asset solution agence recouvrement tenter recouvrer montant dette presume compte connaissance client jamais recu notification ecrite placement information invalide rapport credit procedure reguliere inclure droit consommateur conformement fcra fdcpa loi facturation credit equitabl bien loi hipaer jamais recu avis ecrit dette presumee recevoir avis droit litige droit consommateur agence droit federal place rapport information desobligeante valide jamais valide,retard_livraison,elevee
annee payee pret mois paiement jamais retard solde carte credit score point perdre jour pret payer depose litige agence jour reponse vouloir payer voir score fico obtenir cout pret chose mal lire ligne carte solde eleve chang disparaître,retard_livraison,elevee
pret conventionnel valeur pret gere paiement manqu cloture releve paiement pret inclus assurance hypothecair privee paiement pmi demande ecriture supprimer pmi valeur pret jamais effectuer paiement retard paiement manqu pret jamais recu reponse paiement traite pmi inclure envoye deuxieme demande supprimer pmi reponse recue contacter agent reponse informee fournir recue declaration reponse contenir pmi,retard_livraison,elevee
lettre envoyee chose inconnu inexact rapport credit lendemain reponse recue impression ignor section irrespectueux indiquer clairement echec enqueter article jour donner raison supprimer immediatement article rapport credit demande compte supprimer immediatement sage dossier litige raison stress perte revenu mauvais cote credit cause information avocat impactee violation donnee equifax information trompee main,retard_livraison,critique
echange autour pret capitol recu montant total paiement echanger vehicule recer paiement journee complet soumettre temps cheque perdre place place decid prendre temps payer faute aimer remarque negativ credit retard donne jour paiement prendre charge retard marqu compte compte pler prendre remarque negativ compte credit,retard_livraison,elevee
pret hypothecair conventionnel ferme refinancement effectuer delai paiement pret recu lettre avis datee service pret vendre phh service hypothecair phh actuellement ordre consentement etat georgi echec conformer norme service communication ecrite recue releve hypothecaire releve facturation similaire hypothequ determiner numero compte effectuer paiement mensuel determiner solde hypothecaire actuel compte sequestr solde paiement information faire tentative recueillir information compte phh hypothequ succe consentement ordre phh hypotheque adherer regle important regisser gestion hypotheque activite connexe partie ordre consentement saisir phh hypotheque echoue conformer,retard_livraison,elevee
carte credit usbank frauduleusement facturee exterieur usbank refuser remboursement frais detail frais afficher frais entre manuellement frais transaction etranger associer categorie marchand description logiciel informatique dol rien jamais ete traire affaire ordonnee usbank simplement refuser explication autoliquidation jamais jamais rien commande certainement commande logiciel informatique,retard_livraison,elevee
experian faussement accuser utiliser agence reparation credit tierce croire tactique decrochage partie accorder jour supplementair conformer demande original croire violation flagrant fcra conseiller jour litige courrier article frauduleux demande rapport credit ecrit envoye courrier agence tiers evident abuser pouvoir fcra evasion enquete complet information incorrect rapportee compte supprimer raison experian experian continuer violer droit loi etat consommateur utilisation tiers utiliser excus non pertinent congre etat unir trouver processus ecrasant permettre droit consommateur utiliser nom tiers consommateur choisir declaration honteux droit reserve poursuivre justice bureau credit violation rapport credit equitable agir croire prouver utiliser mesure raisonnable assurer exactitude processus blocage rapport credit realiser litige decrochage travail couteux grand risque vouloir prendre note demander experian continuer faire avancer demande enquete original vouloir envoyer resultat journee legalement refuser,retard_livraison,critique
bonjour fin esprit credit plainte formel cfpb experian experian continuer liste information erronee rapport sœur pret etudiant annee dernier empeche obtenir refi maison mois sœur voiture paiement enquet achat voiture quelqu experian accidentellement fusionner rapport credit sœur contacter plainte deposee contacter procureur general ohio continuer fermer plainte marquee resolu resolu mois plainte deposee mensuel reponse experian indique probleme credit fusionner mois obtenir notification experian dire rapport point abandonner montrer sœur pret exceptionnel sœur ete approuvee ssdi fin annee dernier pret etudiant applique rapport supprimer mois calme apparer rapport pret etudiant applique location appartement spectacle rapport enquete enquete societe pret automobile donne pret voiture achetee rapport actuel entreprise rapport credit endommager argent perdre erreur continuer experian processus fixe depenser argent embauch avocat consommation dommage monetaire applique refi maison annee dernier jour fermeture sœur,retard_livraison,elevee
recu releve electroniqu compte bancaire synchrone mail lendemain matin montant significativement eleve compte connecter remarqu facture montant enorm interet achat interet facture montant interet montant payer temps mois plan interet croire convenir magasin rappel specifiquement banque synchrone employe autoriser place temps appele banque synchrone premiere fois approximativement expliquer inconscient sentir trompeur terme applique compte demande interet inverse directeur rayon nommer identifier employe rien supprimer politique interet etat interet inverse date fin periode promotionnelle jour date fin periode promotionnelle evidemment jour appele expliquer experimenter financier resultat difficulte economique demande grace rien aider essaye banque synchronisation chat ligne discuter rien terme journee donne numero appel deuxieme appel banque synchronisation expliquer experimenter,retard_livraison,elevee
societe vendre hypothequ xxxxxxx refuse accepter paiement hypothecair concerner acheminee correctement informee place effectuer paiement representer parole nommer informe protege jour declaration derogatoir directive respa resident californie recu alerte service surveillance credit informer depose maniere inexact note derogatoir jour retard paiement requérir periode respa vouloir information inexact supprimee historique credit immediatement affecter capacite obtenir pret amelioration habitat,retard_livraison,critique
finance acceptation credit corp michigan faible revenu faible pointage credit gere obtenir pret mois pret voiture emploi perdre payer assurance voiture emploi perdre prison cout combat emploi payer assurance voiture volee totaliser poursuite grand vitesse voiture police renversee perte total envoye acceptation credit rapport police deranger soin facture pret interet etat louisiane profiter savoir faible revenu exciter obtenir voiture payee paiement montant total voiture paiement assurance supplementair facturee fou savoir rien volontaire voiture totalise ecrasement continuer ajouter comptage pret essaye differend changement criminel vole voiture objet proce entreprise remorquage wifi boite perte voiture cout travail maison bien voiture emballe objet personnel perte total vol acceptation credit sciemment dechir contrat savoir faible revenu pouvoir profiter tard rapport credit montant voiture volee total poursuite police criminel alle proce payer prix ultime prendre adv,retard_livraison,elevee
demande refusee jamais recue lettre refusee changement coordonnees indiquer refus,retard_livraison,elevee
soc sec dob adresse prefere coll manag societe viole fcra interdiction vent transfert dette cause vol identite repondu demande fournir rapport enquete besoin resoudre credit declaration acte litigieux article apparaitre rapport credit preuve appuyeer general entreprise vendre transfert consideration lieu collection dette notifie section titr resulter vol identite applicabilite interdiction section appliquer recouvrir dette decrit paragraph date notification paragraph regle construction rien section interprete interdire rachat dette cas cessionnair dette necessite rachat dette resulter vol identite titrisation dette mettre gage portefeuille dette garantie connexion emprunt transfert dette resultat fusion acquisition achat hypothese transaction transfert substantiellement actif entite fournir information agence information consommation placer procedure raisonnable repondre notification recoit agence information consommation,retard_livraison,elevee
ressource action mettre abstention hypothecair notification consentement conscier tentative refinancement maison deuxieme semaine faire paiement mensuel representant contacter demander aimer abstention clairement indiquer abstention pret signaler jour retard bureau credit mois capable refinancer propriete refuse financement achat appeler ressource action informe legalement autoriser mettre abstention maison pret mettre abstention paiement manqu declenche abstention demandee appele informer avoir manque payer immediatement bientot savoir abstention point demande supprimer abstention jamais demande retard paiement signaler pret retard vouloir voir declaration joindre indiquer passer abstention devoir annulee vouloir consulter lettre joindre etat date opter abstention acte soin retard paiement moyen retard signaler statut actuel pret paiement manqu retard paiement moyen declare reconnaître demande abstention assuree entrainerer charge financier representer,retard_livraison,critique
vendre compte paypal limite occasion limite paypal soumettre information requis examiner compte compte duree limitee delai mois pouvoir fournir documentation necessair compte liber compte interdire temps soumettre information temps ecoule recu mise jour compte retirer fonds desesperement necessair contact support client e-mail service client numero telephone centr appel ferme agent attente transaction client transit compte livre liber jour tard recu notification compte definitivement bannir fonds retenir jour contacter support temps capable trouver raison interdiction,retard_livraison,elevee
conversation well fargo employe conversation direction confirmer chose connaître well fargo donner litige client reclamation pler expliquer entreprise implique scandale impliquer client scandale survenir malheureusement commencer processus refinancement well fargo point support reclamation well fargo employe ordre nier faux aujourd assigner dernier plainte cfpb intention reellement regarder manager parler necessairement vouloir betise entourer well fargo credit reporting agence apporter exemple mauvais service client continuer fort reponse stupide arriver mauvais tard appele manager tard journee engager comportement couper mentionner chose couper repondre question jamais demande crier telephone essayer ramener conversation fonctionner non gestionnaire experience similaire nommer obtenir terme utiliser faire savoir conversation ete interrompre reellement fonctionner conversation civil terminee bien fargo dire chose sens mat,retard_livraison,elevee
annee essayer obtenir compte carte credit supprimer rapport credit compte ferme banquier banquier raison principal paiement frauduleux compte simple facture payee compte ferme bulle charge off tache rapport credit compte ferme ouverture compte frauduleux licencier raison information rapportee differend litige branche executive rapporter rapport credit bulle frais retard faire depot espece banquier payer fermer compte maniere fermee suppose banquier faire confiance,retard_livraison,elevee
iv depense lettre bureau correct paiement retard information rapport credit litige enquete compte rien rapport credit mettre jour montre litige,retard_livraison,elevee
conseiller entreprise respecter delai paiement pret petit titre envoye reprise message text collecte information personnel message vocal laisse indiquer credit gele cours reference escalader compte,retard_livraison,elevee
lettre envoyee rapport credit inexact inconnu jour tard reponse recue demande compte supprime immediatement dossier litige raison stress cause,retard_livraison,critique
ford motor credit company date ouverture societe nommee reclamation payer solde retard societe apparaitre rapport credit inexact remarqu desobligeant violation loi rapport credit rapport inexact payer paiement mensuel retard entreprise echoue montrer service article devoir article service achete effectuer paiement retard achete article service nom adresse numero telephone numero securite social article service achete carte debit credit especes mandat formulaire paiement soumettre remarque desobligeante supprimer rapport credit base societe rapporter rapport continu remarqu desobligeant licence recueillir fonctionner etat origine actuel adresse actuel societe signaler rapport continu remarqu desobligeant signe autoriser document entreprise embauche sollicitation service entreprise achat signaler rapport continu remarqu desobligeant achat dette presume devoir entreprise consentement entreprise signaler rapport continu remarqu desobligeant notifier adresse telephone faire connaitre dette,retard_livraison,elevee
utilisation site web entreprise refuser fournir rapport ligne raison donne ensemble site web permettre acce ligne rapport credit limite envoi lettre demander rapport fournir photocopie preuve identite adresse requérir site web apparer collusion intention calculee supprimer acce cours rapport credit gratuit entreprise prete vendre rapport credit site web entreprise preuve identite photocopiee,retard_livraison,elevee
essayer debarrasser compte frauduleux equifax pouvoir rapporter information precise montrer besoin supprimer montrer journee retard carte credit montrer besoin supprimer montrer journee retard equifax montrer besoin supprimer montrer journee retard carte credit montrer besoin supprimer montrer journee retard carte credit montrer besoin supprimer montrer defaut actuel joindre permettre conduire carte securite social rapport original usurpation identite,retard_livraison,elevee
service gestion affili poste compte recouvrement rapport credit specialiste signaler incorrect section fcra intituler precision maximal trouver tirer rapport credit echec avi emission conformement code appel telephoniqu enregistrer salair convenir supprimer mawd pathologie idee dette validee accepter dette faible montant payer charge envoyee lettre revoquer autorisation autorisee contact information personnel sante phi lettre declare exiger instruire supprimer cheque recouvrement encaisse clairement declare commentair encaissement accord terme lettre datee appel suivre service facturation confirmer preuve fichier envoye mail direction demander detail confirmer essaye appel envoi avis recouvrement code conformite envoye confirmer numero adresse utilisation cabinet medical societe recouvrement creance cause prejudice financier emotionnel grave declaration information erronee inexact verification statut bureau evaluation credit viole loi etat federal avi,retard_livraison,critique
copie demandee rapport credit courrier bureau credit inclus carte identite carte securite social recent recevoir copie rapport credit demande autour rapport retrait terminer service surveillance credit ligne trouver information inexact retard paiement envoye litige bureau credit courrier certifier bureau temps recu litige aujourd recu rapport credit experian date rapport credit reponse differend recu avis dire vouloir envoyer rapport credit mentionner avis litige dire trouver changement dossier credit rapport credit recu reponse bureau credit point historique paiement inexact sentir travail bureau credit recevoir reponse simple litige bien jour bureau credit suppose repondre loi journee,retard_livraison,elevee
continuellement viole article fcrer specifiquement modifier statut information rapport interdire erreur reell avis information rapport erreur confirmation continuellement conteste compte declaration differend agence evaluation credit litige ulterieur solde conteste jamais recu avis paperasse requérir defaut notification envoye courrier certifier loi donne droit marque rapport credit historique paiement date dernier paiement bureau credit refuser opportunite credit produit refuser demande voir documentation compt contrat vente sujet pertinent justifier rapport erron rapport continu preuve violation fcra rapporter information negative inexact differemment bureau credit envoye lettre indiquer differend point frivole litige continu bureau credit information piece fcra exact enquete complet apporte consommateur information fournisseur mettre jour supprimer ledit information exact complete ensemble bureau,retard_livraison,elevee
charge apparaître decouvrir releve carte service protection paiement jamais signe contacter decouvrir montant credit convenir mois dernier montant charge informe programme membre demande charge important informe garder solde inferieur carte sentir remboursee charge lie signe connaissance annee voir decouvrir carte regler recours collectif partie arrier ignorer costume jamais utiliser plan avantage social ignorer jamais utiliser plan jamais besoin,retard_livraison,elevee
experian continuer signaler frais derogatoire compte an tard compte multiple tentative litige innombrable appel telephonique experian refuser supprimer information flagrant signaler information flagrant cra,retard_livraison,elevee
bank america systematiquement refuser compte credit temporaire litige frauduleux transaction lie conseillee bank america envisager cloturer compte numero reclamation deposee reclamation compte deposee reclamation legitim conseillee consequence declaree bank america reclamation moyen client periode reclamation reclamation recent banque ameriqu decourager depot reclamation consommateur reclamation legitim intimid decourage depot reclamation legitim peur banque retirer credit provisoire temporaire periode attente,retard_livraison,elevee
entreprise suivre ligne directeur deposees plainte cfpb plainte conforme deposee societe repondu declare probleme enquete recevoir rapport credit mettre jour resultat enquete jour tard recu resultat enquete lieu fille plainte fermee insuffisamment deposee nouveau plainte cfpb continuer rapport information incorrect creancier envoye plainte creancier reel plainte fermee plainte mener enquete approprie resultat enquete deposee plainte cfpb plainte fermee joindre piece preuve lettre capture ecran source application utilisee montrer preuve rapport information incorrect ajouter alerte fraude personnellement demande ajoutee comprendre erreur signale demande supprimer supprimer ajouter arriere demande supprimer adresse incorrect supprimer profil ajouter arriere fille refuser conformer vouloir savoir proceder proce continuer violer droit fille inclure plainte adresse echouee probleme echoue envoyer copie mettre jour demande litige,retard_livraison,critique
lettre recue indiquer demande enquete refusee demande enquete rapport consommateur permettre accepter acce entreprise rapport credit montrer donne permission ledit consommateur banque croître rejete litige enqueter montrer information personnel concessionnaire rapport credit jamais demande information demande vehicule appliquer pret automobile indirect rapport credit repertorie banque reprise accepter autoriser premiere fois banque alliee envoye lettre indiquer bien demande renseignement concessionnaire vehicule essayer financement credit bail vehicule date autoriser autorisation jamais essayer financer credit bail dudit vehicule,retard_livraison,elevee
compte ferme payer american express recemment signaler retard paiement correct,retard_livraison,elevee
annee vecue trouver grand endroit vivre proprietaire payer mois dernier loyer utiliser depot garantie appliquer jour tourne cle gauche nouveau adresse coordonnee gestionnaire ecrit morceau papier remettre dossier tenir surveiller semaine tard recu avis collecte courrier alle appartement gestionnaire garde depot garantie payer loyer mois dernier rappele payer loyer mois dernier appliquer depot garantie payer demande obtenir lettre expliquer depot garantie conserve hausse epaule vouloir voir copie joindre bail paraphe depot garantie etat utiliser loyer mois dernier proprietaire etat donne avis requérir journee renoncer droit imposer securite jamais avis recu document joint vouloir lire clairement depot garantie etat utiliser mois loyer,retard_livraison,elevee
voiture volee signale perte total recuperee reglement reclamation envoyee infiniti finance debut covid infiniti finance commuter operation virtuel leader temps retention excessif incapacite superviseur processus decalage contact soumettre paiement voiture demande complet infiniti finance fermer compte entier payer semaine complet suivre envoyer document envoye document recu confirmation recu dossier concessionnaire local plainte infiniti financ prendre quelqu signer formulaire collecter paiement financ incapable deposer argent fermer formellement compte leader jour retard frais rapport credit enquete conteste infiniti mois superviseur assurer delinquance frapper credit infiniti jamais ferme reclamation communiquee reclamation reclamation extremite recue mot rapport delinquance semaine remplir deuxieme jour plainte delinquance supprimer demande approuvee preuve courrier bureau siege social preuve exister telephone specifiquement appel telephoniqu superviseur mois excus delai prolong autorisation mettre ticket assurer credit atteindre entreprise fournir enregistrement appel telephoniqu,retard_livraison,elevee
matiere experian constamment garder credit garder credit croire vouloir utiliser experian recommander appliquer carte credit tomber credit chercher credit garder credit faible raison donner reclamation fichier correct description paiement manqu recer paiement manqu recer produit inconnu joindre capture ecran inconnu capture ecran tomber score payer pret pret constructeur credit personnel preter garder construire credit payer deviner credit considere haut risque gagner societe credit detruire credit ruiner point vie pandemie capture ecran dire appliquer carte credit capable obtenir score inferieur raison credit faible recherche credit conseil experian reduire credit capture ecran joindre fico scroe injuste continuer venir score fico fou auto fico repertorie fermer agence evaluation credit arnaqu preteur travailler augmenter taux utiliser auto fico score charge tal interet fou totalement injuste consommateur essayant appeler societe aller telephone score base information,retard_livraison,elevee
droit contester faillite essayer supprime conteste annee victime vol identite probleme dossier mixte nom relatif capable gerer partie difficile contester rapport credit inexact conteste bureau information contacteer ecrir conteste repondu lettre dire verifie palais justice alle palais justice ecrit lettre dire verifier information tiers crer renvoye recu reponse appele lettre document tribunal paquet mensonge commencer litige demarrer bon telephone totalement fcra traiter litige recu telecharge lettre reponse rappele recherche double verification statut ete localiser heure document telecharge temps revenir tribunal obtenir meilleur lettre indiquer clairement confusion jamais verifier information garantir exactitude dossier public chose erronee passer telecharge fichier joindre bon bien appele voir statut lettre necessair chose produire temps telecharge femme nommee vraiment utile aide,retard_livraison,elevee
pret renovation style maison ferme service financier homebridge drapeau rouge majeur produire mener cloture resolu plaindre decouvert jour fermeture niveau direction executiv obtenir resolu succe semaine cloture recu document divulgation frais gonfler construire cout renovation preteur ajouter frais readaptation jamais mentionner enquete initial demarrage processus pret plaindre directeur succursale croître supprimer jour cloture clotur calendrier amortissement premiere fois commencer attendre generalement augmentation duree portee automatique pret annulation pmi prix achat total cout renovation evaluation entreprise connaitre banque utiliser valeur moindre homebridge utiliser prix achat obtenir obtenir accroch pmi besoin desaccord reporter preoccupation gestionnaire renovation confirmer incorrect probleme englober programme confirmer debut bas valeur convenir justification argument commencer demande obtenir revise calendrier amortissement corriger ltv montrer point depart reduirait nombre annee atteindre pmi anc,retard_livraison,elevee
paiement echelonn representer hypotheque sun west appele collecter deficit raison paiement transaction clair hypotheque sun west ligne credit utilisee couverture trop payer paiement deficit paiement declare hypotheque sun west bureau credit jour retard suspense paiement incomplet paiement prendre hypotheque sun west discretion jour retard paiement jamais signaler bureau credit,retard_livraison,elevee
inconnu enquete serieus rapport credit demande verification methode enquete verification carte citi cbna ajouter enquete serieus rapport credit societe fournir preuve objectif permettre preuve autorisation ecrite connaissance enquete initiee personnellement document signe autoriser organisation voir historique credit rapport credit enquete viole loi rapport credit equitable section transaction initie consommateur,retard_livraison,elevee
compte courant applique adhesion compte approuver visa applique limite credit approuvee autorisee ajouter nouveau carte credit portefeuille numeriqu fournir information carte credit elu carte viser envoyee expedition acceleree carte visa recue fedex autour carte visa gele appelee service client voir arriver demande aller succursale presenter identite verifier carte appliquee autour arrivee marqu present carte identite visa banquier passer heure attendre banquier declare verrouillage leve compte autour carte bloquee appele service client aller succursale expliquer passer jour succursale noter ete necessair faire tour succursale presentee carte identite carte visa minute demandee revenir vendredi autour retourne succursale informe necessair appel equipe fraude donne numero immediatement appele voiture demande informee visa frauduleux appliquer carte resultat compte visa carte bloquee ferme rapport credit signaler signaler compte compte solde signaler visa temps paiement signal transunion compte souffrance jour signaler souffrance acc,retard_livraison,critique
liberte hypothequ contacter remercier service offrir refinancement pret hypothecair cout exception frais financement liberte hypothequ donne estimation pret cout cloture eleve bien eleve taux interet moyen national accord premier estimation interesse decid regarder preteur envoye beaucoup raisonnable estimation pret inclus credit preteur bien taux interet changer avis decide continuer hypotheque libert envoye document cloture final semaine tard signe obtenir date cloture prevue examen documentation cloture final rapidement realise estimation pret completement recue credit preteur partir cout cloture paiement double actuellement maison elevee effectivement contacte agent credit detail modifier numero exact changer tard besoin signe utiliser liberte hypothequ ethiqu essayer profiter refinancer temps taille bien couteau arriere entreprise contraire ethiqu essayer profiter veteran,retard_livraison,elevee
ben recoit beaucoup appel controle central portefeuille expliquer dame telephone facture medical reclame travail fournisseur soin primaire verifier envoyer copie assurance expliquer victime vol identite lieu appele fois menace femme enfant dire obtenir avocat gouvernement federal mettre prison payer avocat capable obtenir juge mettre barreau vie capacite detruire historique credit rapport credit montrer controle central portefeuille harceler appel fois matin autour midi tard soir autour essayer expliquer fois appeler deranger travail envoyer copie carte assurance montrer travail compagnie assurance pler aider probleme essayer garder harceler quotidiennement numero telephone base appele benir jour sincerement,retard_livraison,critique
samedi alle localiser adresse voir obtenir grand voiture famill obtenir contact equipe vente terminer signature contrat savoir impact produire futur preoccupation truc paperasse processus vente nommee convaincre assurance interne proteger achat chose passer dommage piece moteur beaucoup truc mot contrat service demande fois decide retirer tard assurance expliquer budget mensuel paiement voiture supposer mois cout protection assurance changement sujet supplementair decid garder assurance jour achat alle centre service vehicule bruit bizarre moteur peur conduire vehicule coupl jour realise payer reparation plainte centr service equip vent cote assurance jour garantir chose passer revenir raison bruit vehicule payer centre service aujourd controle vehicule signal moteur clignotant appel voiture prendre vehicule difficile obtenir rendez considere centre service assurance astuce digne obtenir argent client jamais mentionner ajouter pret centre service assurance,retard_livraison,elevee
proprietair illinoi service sequestre hypothecaire syndicat hypothequ hypothecair uhm lettre recue tot indiquer paiement mensuel sequestre augmenter resulter paiement piti augmenter raison devoir uhm estime deuxieme versement taxe foncier numero realite refleter exoneration proprietaire reussi appel taxe foncier facture taxe foncier reell estimation inferieur immediatement contact uhm chiffre resoudre necessair soumettre mettre jour facture taxe foncier illinoi adresse mail tete comte appele semaine attente deuxiem acompte taxe foncier facture arriver point soumettre document adresse mail recu avis echec livraison courrier avis soumettre plainte ticket site web soumettre document representer service client service chat fin action jour ticket appele uhm informe methode invalide necessair soumettre requete formel signature joindre document pertinent informe retard paiement retard dossier accorder jour delai grace examen resolution terminee appele uhm donne contournement appel uhm prendre,retard_livraison,critique
litige depose agence evaluation credit information inexact rapport credit jamais recu notification resultat enquete jour depose jour demande conformer bureau credit recu reponse,retard_livraison,elevee
communication ecrite envoyee lvnv funding llc datee demande documentation justifier information fournir numero compte agence national evaluation credit demande faire conformement exigence fcra devoir fournisseur information communication ecrite recue lvnv funding llc datee repondre exigence fcra place lvnv funding llc envoyee copie imprimee releve carte credit adresse adresse demandee justifier information declarent conformement provoquer communication important lvnv funding llc delai legal repondre fcra exiger lvnv funding llc fournir information preuve responsabilite terme application original preuve responsabilite allegue performance faire preuve information contenir rapport credit compte lvnv financement llc fournir aucun lvnv financement llc continuer rapport information non fondee violation rapport credit droit consommateur tenter tirer profit violer commercialement loi federal potentiellement deposer plainte penal passible poursuite lvnv financement llc viole,retard_livraison,elevee
envoye inadvertance incorrect immediatement notifie capital erreur bancaire ete annoncee transaction publiee rien representant recevoir lettre journee remplir immediatement attente ledit lettre recue lettre generiqu indiquer commercant fournir annulation transaction declaree essayee capital echoue fournir service essayer contact obtenir reponse aiguille idee capital contacte obtenir reponse coherent tiree cheveu meilleur produit service recu contacter capital fournir reponse venir conclusion generiqu,retard_livraison,critique
mari achete premiere maison gros cauchemar temps proprietair remplacer toit morceau bois probleme plomberie grave accumulation eau cour acheter installer drainage reparation fuite interieur cloison seche remplacer tapis vivre maison reve promettre fermeture dur travail tard nuit beaucoup larme atteindre necessite abstention pret moment forclusion essayer resoudre probleme preteur obtenir reponse essayer obtenir aide agent immobilier reponse sentir bien victime pret predateur angle informe maison zone inondation zone inondation information jamais fournir avoir achete police assurance contre inondation police payee utiliser compte commun telephone specialiste cloture pret politique achetee premiere fois acheteur maison vouloir assurer achat correct hypotheque requérir lettre recue financement americain indiquer couverture necessair envoi mail specialiste cloture demande couverture necessair telephone assurance contre inondation police initial demandee montant couverture necessair limite indiquee financement americain reponse mail,retard_livraison,critique
litige depose agence evaluation credit information inexact rapport credit rapport credit jamais recu notification resultat enquete jour depose jour demande conformer bureau credit recevoir reponse litige initial jour demande,retard_livraison,elevee
compte ajouter cree insu avis preoccupation responsable accuser complicite exercice malveillant presente marque probable jour voir discorde civil demandeur declarerer reclamation injuste rencontree deliberee determinee resistance contre mesure clart reclamer recouvrement creance recouvrement insuffisant beaucoup reporting supprimer injuste allegation prejudiciabl significativement deficiente requérir declaration certifie conformite parfait format metro rapport preuve testimonial preuve physiquement verifiabl preuve validation connexe plein verite exactitude exhaustivite actualite propriete identite vrai debiteur date solde audit calcul code source code recouvrement creancier declaration associee fragment final minimal portion identifier personnel statut remuneration requérir confirmation collecter standard obligatoire declaration approprie mentionne bien verification traiter aspect deficient manquant conformite declaration contestation nature conforme dette faire connaitre declaration illegale tran,retard_livraison,elevee
obtenir pret automobile portefeuille consommateur service annee paiement paiement retard payer principal jamais ete finalement rendre voiture venir payer dollar pler aider,retard_livraison,elevee
declaration equifax jour retard numero compte partiel vouloir consulter page joindre rapport credit joindre reference accord abstention date long lettre abstention confirmer abstention accordee lettre datee indiquer specifiquement requérir effectuer abstention paiement bureau rapporter erreur retard porter gravement atteinte pointage credit element execution supprimer rapport mettre jour violation information precise rapport loi information credit equitabl rapport information precise rapport credit,retard_livraison,elevee
depose impact economiqu paiement compte bank west jeudi vendredi fonds mettre disposition lundi prochain mercredi pst compte verifie trouver completement verrouille suspendre appeler ligne service client declare pouvoir aller etape succursale succursale demander aller caissier grille transaction recent effectuee expliquer paiement remettre question compte deplac etat fonctionnement banque regional precedent necessair etablir nouveau relation bancaire remettre question chequ precedent depose retenir semaine mise disposition rendre adresse deplacee gestionnaire retirer attendre minute caissier finalement rappele carte debit compte annuler fermer raisonnement chequ relance point mentionner considere fraude back office typique expliquer effectuer annuellement seuil brut seuil montant cheque relance montant echelle montant esprit completement derout institution financier realiser impact economiqu paiement fonctionner expliquer ledit solde disponible fonds reduit,retard_livraison,elevee
demande approuvee internet approbation demande declare appel approbation final recu approbation final felicite representant declare pouvoir activer carte ligne recu carte courrier incapable activer appele specialist departement transfer necessite envoyer formulaire fiscal soumettre documentation requérir origine requérir approuver croire injustement profil raison personnel audience representant cas vocal ete initialement approuver envoye demande carte physique documentation fiscal verifier probleme sentir injustement cibl aimer probleme examiner,retard_livraison,elevee
appartement resid appele gere demenagement recu facture final dommage tapis dommage tapis tentativ litige complexe appartement repondre mail appel telephoniqu envoye fichier tard fichier envoye nom agence recouvrement resultat illimit tentative litige charge charge charge inexact condition preuve fournir etat tapis appartement demenagement envoye mail reception facture final photo etat appartement demenagement collection compte dommage explication contact resultat agence recouvrement resultat illimit prendre mesure judiciaire payer choisir aller tribunal payer frais juridique facture final comportement opportuniste charge pandemiqu quelqu charge frauduleux probleme charge incorrect complexe appartement fournir raisonnement preuve appui charge fournir preuve etat appartement demenagement societe transfere collection fichier bien contacter agence recouvrement vouloir frais juridique litige supplement frais actuel intenter action justice payer,retard_livraison,elevee
rapporter information incorrect rapport credit transunion annee date dernier trouver nom compte place corriger erreur jour retard rapport pire changement statut jour retard lieu payer complet ajouter retard impossible pret arriver echeance payer integralement jamais demande occasion envoyer preuve original signature contrat preuve jour retard fois refuser dire trouver cause age marqu compte rapport credit affecter point score information contact rapport deconnecte anciennement,retard_livraison,elevee
concerner ecriture litige frais frauduleux montant compte victime vol identite faire autoriser charge demander suppression frais financier lie montant frauduleux credite bien recevoir declaration precise demande effectuee conformement loi facturation credit equitabl amendement verite loi pret voir compte ferme acct compte solde acct compte solde compte auto acct compte solde acct compte solde compte collecte acct compte solde acct compte solde acct compte solde,retard_livraison,elevee
contacter transunion tentativ reparation compte fraude rapport credit rapport fraude rapport compte inexact henring effort obtenir credit victime vol identite information repertoriee apparer rapport credit rapporter transaction effectuee resultat vol identite enquete banque date retrait date retrait banque date retrait date retrait banque date retrait carte credit voyage entreprise divertissement date retrait banque enquete date retrait vente societe financement date retrait date vente societe financement date retrait magasin vetement specialise date retrait banque non date retrait banque non date retrait banque carte credit date retrait date retrait cooperative credit date retrait banque dat demande carte credit date retrait date demande carte credit bancaire date retrait vouloir bloquer information rapport credit conformement article loi rapport credit equitable envoyer notification requérir information fournisseur joindre copie rapport credit recu entreprise,retard_livraison,elevee
carte credit militaire veteran retard paiement paiement automatique argent prendre compte droite prendre annee fatigue entreprendre mentir dent quelqu besoin obtenir rapport credit montrer payer rapport credit montrer montant argent payer paiement manqu manque paiement anscavec carte credit tard journee dernier paiement souvenir arriver hier prendre page paiement automatique payer paiementdms timevfor mois changement soudain vie travail faire paymebt tard jour militaire ete pay chose arriver jour mois appele demande pointage credit webt voiture payee temps paiement societe finance raison score alle ete type credit savoir prendre credit classe effectuer paiement retard donner equipe finance classe evaluation credit vouloir document juridique section agence evaluation credit montrer effectuer paiement retard remercier societe paiement automatique insignifiant ecrit bith agence credit fcrer sec envoye documentation juridique montrer correct savoir correct battre grand entreprise jamais,retard_livraison,elevee
an fils prendre cuaf raison blessure subir match baseball assurance salle urgence information collectee copay payer instruire ligue assurance couverture solde impaye couvert equipe ligue assurance venir trouver solde jamais couvert rapport credit recu declaration avis declaration credit recemment montre rapport credit appele assurer regler dette obtenir prendre rapport trouver moyen reparer ligue an conversation enregistree conseiller financier declare prendre rapport credit dette reglee payer declare lettre envoyee poste indiquer dette payee plein credit societe notifiee supprimer dette rapport credit clairement e-mail notification lettre nom agence prendre semaine voir supprimer verification rapport credit changement appele semaine semaine semaine suivre appel information redondant lettre jamais recue payee complet venir trouver lettre envoyee minute attente excuse capable lettre electroniqu initialement generer courrier electroniqu rappeler constamment,retard_livraison,critique
pret onemain pret predateur raison document paiement mensuel applique pret interet paiement mensuel moyen solde principal applique contact onemain demande occasion copie billet ordre comprendre paiement gros interet applique lieu solde principal envoye courrier electroniqu document entreprise tentativ comprendre agent payeur frais utile telephone reponse recue indiquer succursale local onemain mieux equipe travail besoin reponse question succursale appelee journee travail appel manqu tentative suivi effectuee appel infructueux magasin entreprise recer releve facturation site web solde date solde effectuer paiement totaliser applique solde principal frustrer decourageant accord entreprise pratique predatric meilleur loi placer proteger entreprise consommation difficile recherche information divulgation information liees pret frais associer taux interet partager information compte consommateur visiter physiquement succursale annee incroyable envoye demande mail montant paiement,retard_livraison,elevee
tentative repetee resoudre probleme envoye lettre equifa informer erreur rapport credit explicitement demande partie verifier information indiquee liste equifax exact vouloir fournir nom fournir donnee bon maniere fournir ordre poursuivre recours supplementair aucun party fournir nom fournir donnee maniere fournir reponse reponse differend recu lettre datee lettre joindre lettre contenir declaration incoherente differend lier trouver compte transfere compte societe poursuivre affaire societe declaration recapitulative information exact fournir detail extraire lettre lettre datee lettre equifax enquet pler aviser propriete compte transfer poursuivre affaire equifax contacter agence lettre lettre datee remercier equifax contactant incapable localiser information compte fournir lettre lettre datee remercier equifax recu demande recent equifaxr correspondance recent compte vouloir aviser incapable localiser,retard_livraison,elevee
autour centre contact aka renseigner bateau repertorie vente discussion selectionne pret approuver banque accepter avancer semaine tard centre bateau atteindre indiquer acheter paquet service ordre qualifier banque acheter programme protestation accepter pret ajouter obtenir taux initialement indique contrat signe scanner notaire etat present signature notarie faux livreur abandonner bateau occasion neuf achete permettre refuser livraison lire contrat terme ohio demande droit resiliation centr bateau refuser permettre annuler contrat achat appele banque informe probleme expliquer recherche annuler note compte fournir adresse envoyer resiliation demande acheter taux faux declaration partie programme banque savoir heure faux information utilisee induire pret option duree pret viole banque rien centre bateau mettre niveau avoir recu contrat montrer annulation pret exprimer inquietude ethiqu possession commerce bateau perdre argent credit executer pret genere accepter pret informe,retard_livraison,elevee
solde compte violation signalement souffrance solde ferme compte retard paiement compte ferme signalement solde incorrect rapport incorrect montant souffrance violation vouloir supprimer compte immediatement solde creancier convenir supprimer rapport compte paiement effectuer compte payer rapport credit solde compte supprimer immediatement annee retard paiement compte ferme retard paiement declare ferme solde methode verification utilisation rapport information inexact documentation fournir etat mettre jour violation compte vouloir supprimer immediatement solde compte verifie voir etat mettre jour rapport information inexact documentation fournir violation compte vouloir supprimer immediatement solde compte indexe compte charge vouloir assurer produire documentation min droit donne loi facturation credit equitabl enregistrement subvention debarrasser instantanement publication incorrect solde mine demander supprimer rapport credit executer identite,retard_livraison,critique
consommateur envoye lettre suppression transunion courrier certifier lettre litige envoyee demander rapport compte dette presume supprime rapport consommateur conformement usc exclusion autorisation approbation extension credit indirectement emetteur carte credit dispositif similaire exclure consommateur envoye lettre vert accuser reception agent signe dire recu loi federal societe viole consommateur transunion agent viole droit vie privee signature lettre envoyer conteste rapport article reprise reponse entreprise reponse precedent etat differend supprimer valide faux conformement usc societe valider dette presume devoir transunion non conformite capable demenager famille environnement embarrasser raison deni entreprise cause difficulte famille raison dette presumee signalee rapport consommateur conformement loi federal information factuel rapport consommateur vol identite prescription fraude violation droit vie privee caractere diffame,retard_livraison,elevee
portefeuille recov association recouvrement compte concerner demande envoyee precedemment valider dette equitabl pratique recouvrement creances acte recu liste detaille reclamation charge presume repondre directive commission federal commerce constituer validation dette approprie cas lancer brennan tribunal appel tribunal indiana statue accent ete ajouter neuf jour lettre recouvrement creance avocat envoye lettre declarer litige allegation dette nier exiger verification strict preuve enregistrement cesser effort recouvrement creance immediatement reception lettre lieu proceder obtenir jugement defaut reclamation recouvrement creance envoyee poste verification necessair viole maintenir violation fdcpa envoye verification adequat dette octobre avis reclamation bref intime specifiquement copie reclamation contrat credit consommation general americain avis joindre reclamation fournir verification dette sens convenir maniere contractuel fournir verification examen dette document revele identifier terme,retard_livraison,critique
compte bancaire carte credit institution bancaire utiliser application bancaire ligne bbva pire plate forme application bancaire ligne convivial difficile naviguer tenter faire paiement carte credit application recu message erreur paiement aller tenter effectuer paiement deuxieme fois site web message erreur appele representer paiement effectuer soiree paiement effectuer ligne voir tentative paiement naturellement effectuer jour tard paiement prendre compte bancaire atteindre temps grand releve carte credit representant bbva tentative precedente aller plainte supplementair banque soumettre deuxiem plainte separement traiter covid occupation jamais recommander communaute client banque systeme bancaire ligne application obsolet annee lumiere repos secteur bancaire temps appele point representant connaitre systeme bancaire ligne difficile convivial representant obtenir lot plainte demande vouloir noter service technologique plainte recevoir commentaire,retard_livraison,elevee
avis recu pointage credit agence evaluation credit alle fois semaine jour agence evaluation credit soumettre demande location rapport credit maison point perdre jour tran union utiliser compte jamais retard payer payer jour jamais porter solde utilisation carte master faire achat ligne proteger numero compte bancaire raison probleme usurpation identite passer trans union signaler fois compte jour solde comptable affecter gravement pointage credit,retard_livraison,elevee
achete support hamac recu produit envoye hamac support immediatement contacter vendeur envoye correct contacter paypal commande envoyee decrit article commande support hamac recu hamac paypal cas ferme egard commande incomplet recu paypal renvoye hamac societe agent repertorie etiquette adresse adresse societe envoye mail societe occasion demander adresse temps refuser donner article temps opportun societe refuser donner paypal regarder preuve ferme cas article retourne maniere proactif litige ferme jamais courant societe achete situer site web etat fonctionner loi etiquette adresse envoye demande societe mail adresse temps temps refuser donner supposer savoir situe societe courrier electroniqu retourner argent probleme frais expedition couteux arnaqu utiliser garder argent astuce raconter expedition cher acheter annonce utiliser paypal jamais lecon apprendre,article_manquant,critique
essayer faire achat epicerie walmart carte credit capitol one bloquee alerter refuser tentative achat epicerie walmart etape appel ligne epicerie departement carte credit capitol one prendre min obtenir telephone agent capitol one prendre minute supplementair debloquer carte credit revenir inscrire valide article achat panier epicerie initialement remplir deplace caissier demande reinserer paiement paiement accepter recu recu associer walmart recupere epicerie immediatement remarqu panier plein gauche registre capitol refuser carte demandee arriver caissier epicerie declare article reapprovisionn carte refusee article croyance remettre panier contact manquant caissier magasin jamais article panier carte refusee panier recupere caissier simplement facture recu annuler capitol carte bloquee tri article recu comparer recu article recu identifier article manquant ecrit article manquant revenir walmart approche caissier demande superviseur charge devoir covid pandemie superviseur incapable assi,article_manquant,critique
achat marchandise boite marchandise bestbuy etiquetee comprendre manuel arriver maison materiel montage manquant tentative marchandise informe article fonctionnel piece manquant piece manquant installation necessair bien retourne magasin article boite suggere tirer article manquer reetiqueter article manquant rapporter appareil non fonctionnel sembler rentrer maison pause article sembler malhonnete vouloir materiel montage depose litige activite banque citi mois appele plaindre semaine litige ferme faire reference politique magasin marchandise fournir recu montrer clairement rien manuel manquer,article_manquant,moyenne
rapport credit inexact liste mettre jour element manquant rapport credit besoin rapport credit refleter information besoin enquete supprimer,article_manquant,moyenne
achat effectuer date separee recu expedition partiel commande commande article manquer note dire article rembourser contacter vendeur recu article partiel deuxieme command contacter vendeur mensuellement article manquer vendeur continuer prendre soin courant venir message contacter assistant instruire assistant gerer commande rappeler proprietaire mois aller rien atteindre assistant rappele proprietaire proprietaire conscient prendre soin jour aller recevoir reponse tot message assistance proprietaire exprimer preoccupation article manquer proprietaire devenir defensif voie manque beaucoup article signe refuser regarder arriere conversation aider image clair tete parler regarder donner jour semaine aller reponse message mettre jour fichier reponse litige societe carte credit decouvrir carte valider litige inutile litige article manquer envoyer sac moyen envoye marchandise payee venir heureux decouvrir echoue garder date statut appel hebdomadaire charge valide appele agent envoye superviseur cas,article_manquant,moyenne
age age souffr droit souffrir individu qualifier classe protegee citoyen americain qualifier penalite amelioree souhaiter poursuivre service hypothecair phh mesure loi etat federal violation applicable cas instantan agence aide vouloir referer releve hypothecaire recu montrer paiement mensuel regulier solde principal impaye fonction calendrier amortissement pret imprimer payer facilement paiement mensuel revenir choqu paiement mensuel regulier modifier autorisation jamais signe changement document dernier correspondance recue demande article manquant aide hypothecair solde impay declaration elevee montrer principe jamais convenir jamais accord inadapte client ag annee pret mois charge agent credit pst mettre arriere fin hypotheque actuel salaire amende annee vouloir accusation criminel renforcee deposee agent biche phh service hypothecair crime assister bien phh hypothequ fraude hypothecair,article_manquant,critique
portefeuille recouvrement creance recouvrement creance harcelement debiteur carte credit emise divorce homme age vivre securite social temps difficile payer minimiser complication semaine passeer semaine maison appartement saccage carte securite social passeport permettre conduire article compte manquant marchandise achetee souvenir ouverture compte informe collecte compte commencer recevoir appel automatise jour telephone portable numero telephone repondu appel telephone portable immediatement appel terminer numero correspondre contact telephone portable numero bloqu resultat harcelement continu appel manqu important fournisseur informer recu paiement mois semaine fournisseur annuler couverture medicament attendre couverture inscription,article_manquant,critique
recouvrement dette harcelement debiteur carte credit emise comenity bank victoria secret divorcer vie securite social temps difficile payer ordonnance minimiser complication complication semaine passeer semaine maison appartement saccage carte securite social passeport permettre conduire article manquer compte victoria secret marchandise achetee souvenir ouverture compte comenity banque informee collecte compte commencer recevoir appel automatise jour telephone portable numero telephone repondu appel telephone portable immediatement appel terminer numero correspondre contact telephone portable numero bloqu resultat harcelement continu manque appel important fournisseur informer recu paiement mois semaine fournisseur annuler couverture attendre couverture inscription ouvert,article_manquant,critique
paypal clotur litige marchand faveur reponse marchand paypal preuve fournir produit marchand ete envoye promettre remboursement bot controle paypal processus litige attache cas echange ferme numero identification cas resultat cas faveur detail litige raison article decrit statut cas ferme resolution cas decide vendeur faveur information vendeur montant transaction usd identifier transaction adresse expedition etat uni identifier facture date signale note payee paquet plage sable age emballage varier suppose recevoir paquet recu paquet unique fichier information supplementaire article probleme piece manquant remboursement demande usd description article http date reponse note ajoutee reference reponse e-mail salut bon journee contacter nom grand honneur demande assistance vouloir accepter excuse sincere certainement niveau service livraison vouloir fournir assistance commande client correctement autoriser offrir remboursement article manquant permettre vouloir expliquer processus remboursement article unite remboursement article revenir arriere formulaire original mode paiement,article_manquant,moyenne
charge conteste recevoir article hier recu appel message dur comprendre homme accent lourd dire chose conteste repondre heure entendre numero telephone aujourd compte verifie acheter pouvoir transaction refacture recevoir article payer capital taille unique simplement refacture compte faux pler inverser pandemie personne zone rapport article manquant commande voleur obtenir article payer opportunite repondre appel faire accent manque clart,article_manquant,moyenne
litige achat banque alliee article numero litige article banque alliee article defectueux signaler achat non autoriser place defectueux avis recu dire achat autoriser initialement signaler fournir probleme credit documentation demandee utiliser prendre decision litige droit recu deuxieme fois demande document mois premiere fois demande banque alliee aujourd prendre note envoyer document correspondance chat bancaire allier date horodate utile capture ecran conversation,mauvaise_qualite,faible
entreprise contactee pret ligne aller depot pret argent compte chequ banque synovu jamais materiel publier ligne fraude post jamais donner information compte chequ quelqu mettre jour activite bancaire banque pret ligne societe entreprendre ligne offrir pret escroquerie entreprise banque reglementation police etendre societe consommateur mettre evidence avertissement typ savoir responsable reel faux savoir dependre directeur banque employe savoir utiliser entreprise fraude chequ repertorie livre entreprise emis numero cheque appel chequ emis covid virus savoir necessair pret argent deplacer medecin facture voiture pensee compte legitim banque negativ donne argent reel demander fois mettre argent carte entreprise pret credit mauvais etablir credit argent rythme rapide ordre aller prochain montant pret fin obtenir montant vouloir pret ressembler arnaqu banque synovu controle bancaire connaissance bon cheque provision prendre risque banque dependant verite pler essayer aider banque arnaqu identite volee,mauvaise_qualite,faible
question cash app naturellement service client numero trouver associer nom application cash logo appele numero numero disponible ligne appele journal necessair telephone android telecharge telephone connecter obtenir acce cash app besoin mettre numero code probleme correct mettre envoye tag mettre montant tag montant interroger reprise assurer argent revenir code transaction terminee accroch rappele alle telephone essayer annuler transaction vol dollar factur difficulte devenir fou faux entreprise utiliser entreprise gros application argent nom logo voler argent prendre internet,mauvaise_qualite,faible
envoye mail ordinaire mail ecole escroc gros professeur enseignant etudiant handicaper etranger besoin assistant rentrer maison salaire sembler sympa offrir acceptee envoye faux cheque depose banque aider payer depot garantie chequ depose envoye paiement cashapp envoye paiement sembler normal aujourd banque negativ appelee banque aujourd cheque depose donne argent moyen recuperer argent police complexe,mauvaise_qualite,faible
argent emprunt entreprise fois rembourser emprunt comprendre nature pret risque temps desespere appele raison crise fermeture entreprise gouvernement local federal ecrit appele societe explique situation raconte raison crise revenu venir envoye lettre revocation mettre payer banque envoye mail espece entrainement demande option remboursement impliquer redaction compte repond cree faux cheque obtenir compte argent ach arreter compte paiement presque trou toucher compte semaine frais decouvert chequ paie presque mois difficulte nourrir famille,mauvaise_qualite,faible
payer argent entreprise savoir annuler immediatement application especes ete remboursee argent ete debite carte debit,mauvaise_qualite,critique
escroc pirater information compte deposee faux cheque filaire auto argent banque essayer payer departement fraude prendre soin probleme usaa,mauvaise_qualite,faible
entreprise demenagement jamais fournir service demenagement facture litig frer poursuite banque annulee aujourd remarqu reclamation inverse faux document entreprendre demenagement dire faussement service terminer entreprise demenagement jamais fournir service requérir demenagement appele demenagement cesser repondre remboursement montant total entreprise jamais fournir service requérir contrat demenagement depot payer anticiper appele fois semaine reponse mail telephone force annuler demenagement embaucher equipe demenagement atteint demande remboursement complet service client general mail directeur vente cesser repondre appel mail mesure autoliquidation envoye paperasse chase bank dire service remplir facture reclamation inversee aujourd suite reception faux document,mauvaise_qualite,faible
passer commande internet transmission camion florid cout demande paiement integral mettre solde capital prendre semaine recevoir promettre telephone fois trouver delai donne nouveau date arrivee camion installer professionnellement conduire transmission telephone plaindre reparer salaire necessair garantie necessair envoyer camion base transmission refuser instruire fidelisation clientele specialist navir transmission envoye indiquer raison fournir information expedition expedie arriere copie facture connaissement confirmer telephone recu commission camion semaine magasin transmission reconstruir transmission pay contacter capital expliquer retourne defectueux transmission credite compte jour capital remettre facture facture contact reprise probleme capital vole arriere resultat contacte reclamation recuperer capital refuser compte credit,mauvaise_qualite,faible
westlake finical repo voiture fois lieu repo voiture desordre chose volee compagnie automobile aider probleme demander numero signaler dommage donner faux numero vraiment nourrir vouloir voir rapport aider dommage cause,mauvaise_qualite,faible
fermer depart verifier privilege decouvert raison covid fraude quelqu depose faux demande chomage nom mari e-mail web sombre mot passe exposer notifier banque ouest probleme mari compte regulier dernier fois approuver litteralement probleme ouverture retenir depot facturer frais decouvert article effacer clairement temps negatif compensation commencer appele rembourser frais decouvert facture fois detenu depot automatique facture decouvert argent compte actuel appele succursale centre appel suspendre,mauvaise_qualite,faible
attention protection consommateur signifier fraude enquérir bureau experian refuser supprimer demande supprime immediatement signifier jamais jamais appliquer credit ici automatiquement savoir devenir entreprise score credit eleve savoir jamais applique societe credit monde pler supprimer gentil garder furieux permettre genre continuer travailler dur innocent essayer vraiment dur obtenir vie redresserpa fois genre conception fradulent partie triste agence travail proteger consommateur emploi credit acceptation plaisanter frequenterer jamais jamais financent voiture jamais beaucoup voiture priod pler supprimer voir temps beaucoup pret voiture jamais besoin applique voir finance societ financier appliquee obtenir rapport faire fonctionner arnaqu bureau credit obtenir rapport signifier ruiner mentir societe enquete payee voler numero securite social faire liste placer rapport creditest creancier frauduleux faire payer liste faux information mentir rapport consommateur innocent jamais venir appliquer bus credit,mauvaise_qualite,critique
mettre litige visa carte poursuite recevoir service payer carte credit autoriser marchand payer fournir service marchand fournir faux mail famill autorisee utiliser carte indiquer vouloir litige frer vouloir litige frais contacter banque commercer techniquement carte credit autorisee quelqu compte annuler litige bien maison demandee voir declaration preuve ignorer demande ecrit chase bureau executif departement litige occasion reponse demandee voir document reclamation terminee litige plainte acce compte personne compte fournir declaration signee reclamation commercer vouloir poursuivre litige indiquer direction chose annuler litige mettre venir titulaire carte commercant contacte demander document vrai legitimement litige departement commercer illegal mois continuer envoyer chose deuxiem troisiem demande reponse svp aide recu service facture preuve,mauvaise_qualite,faible
erreur survenir victime chercher actuellement inscrire universite refuser obtenir pret erreur dossier credit contacter entreprise envoyee preuve montrer adresse pobox faux signature electroniqu compte supprimer dossier credit,mauvaise_qualite,faible
takena regarder rapport inconnu societe nommee harris harris perplexe situer rapport credit numero telephone numero compte adresse correspondance appele demande inconnu dette donne nom systeme information adresse telephone rien demande homme rapport credit reponse excus demande appel bureau credit supprimer sgould permettre etrang entreprise mettre dette rapport procedure reguliere jamais recu lettre accuser jamais refutation jour illegal avocat connaitr procedure reguliere acheter frauduleu faux dette chiffre procedure reguliere applique essayer pay obtenir nouveau vouloir protection loi allouer consentement vouloir resolu chercher remede mettre place protegez predateur harris harris facilitateur violation loi vie privee fcra fdcpa jamais signe formulaire liberation hipaa fete voir dossier medical fraude inexact faux appele dette blesser famille pandemie envoyer contrat signe rapport contrat commercial consentant journee fcra,mauvaise_qualite,critique
reprise service pret lakeview mentir collegue respect fournir document necessair fermer transaction appel emprunteur autoriser compte temps temps fournir faux promesse instruction donneer faux numero telephone fichier appel gestionnaire plainte refuser heure attente continuer indiquer fichier autorisation envoye fois semaine confirmation connaitre demande recue temps permettre remplir transaction final nuire entreprise,mauvaise_qualite,faible
choix precedent systeme applicable arriver bureau aujourd fournir excellent service information cer impliquer vol compte courant personnel incompetence banque transaction compte courant personnel utiliser cheque contrefait frauduleux banque ameriqu chequ depose chequ contrefait chequ legitim poste essentiellement chequ jamais exister chequier cheque eleve criminel numero cheque modifier chequ identique cheque original numero cheque modifier tentative present cheque independant cheque effectivement faux chequ banque ameriqu chequ depose chequ contrefait chequ legitim identique post numero cheque chang encaisser depot cheque poste fraude realisee detection interruption chequ bancaire banque americain cheque total affiche vol,mauvaise_qualite,faible
prendre connaissance pret cashnet user contracte utiliser information personnel victime usurpation identite traiter actuellement evenement resoudre compte frauduleux cashnet user reprise telephone email semaine dernier compte determine legitim declare devoir dette independamment compte pret salaire depose compte lier confirmer depose rapport police bien demande pret salaire utiliser faux numero telephone adresse mail bien faux employeur preuve suffisant confirmer ouverture compte responsable souhaiter cashnet user cesser collecte courrier confirmation fermer compte frauduleux,mauvaise_qualite,faible
bien fargo banque permettre attenuation exterieur demandee fois remboursement montant devoir reglement clair signe mecontent remboursement partie programme rien ruid franc jour commencer mentir banqu mieux aujourd jour vole camion depose plainte obtenir lettre besoin temps lettre banque droite inutile vraiment occ lift cap valeur max personne fou cpi faux compte fraude hypothecair changement paperasse pret papier mentir tour actuel arnaqu mois ameriqu besoin bien fargo causer mal tete temps cause aller affaire,mauvaise_qualite,faible
cabinet avocat reclamation devoir dette complexe appartement rayon refuser fournir adresse original creancier numero telephone verifier information reclamation appel creancier original appeler brett borland bureau rond rond croire fraude faux dette,mauvaise_qualite,faible
arnaqu appel telephoniqu ordre recouvrement faux dette carte mentionnee fermee nom jeune fille precedent mentionner nom changer carte menace intenter action justice tentativ recouvrement argent carte credit exister arriver arriver travail ignorer question posee rappele homme repondu utiliser prenom entreprise dette reell arnaqu,mauvaise_qualite,faible
transaction apparer faux entreprise mois appele payer credit paypal total savoir dire recevoir argent societe detener produit recevoir paiement effectuer societe liberation produit place continuer exiger argent depose litige paypal refuser reclamation transaction autorisee vrai realiser produit recu recemment demande decision appel avance rapide tot societe frais reduit demande requérir envoye adresse mail produit societe participer recevoir argent solde tresorerie paypal bien sceptique envoyer argent societe demander confirmer arnaque produit envoye mail demander argent retourne compte paypal attendre produire plainte arnaque participant credit paypal refuser litige trouver faveur societ,mauvaise_qualite,faible
portefeuille recuperation associer llc recu faux lettre dette portefeuille recuperation associer present rapport credit lettre recouvrement dette lettre etat objectif informatif tentativ collecte dette communication collecteur dette tentative recouvrement dette portefeuille recuperation associer ajouter declaration licence collecter dette michigan laisse voir lettre tape dette achete lettre garde chaine portefeuille recuperation associer dactylographie faux lettre envoi senior argent gratuit arnaqu nom machine ecrire portefeuille numero telephone machine ecrire code creancier lettre chose mot vendeur portefeuille lettre etat carte credit compte solde acquérir portefeuille recuperation associer llc portefeuille recuperation associer etat compte vendre portefeuille recuperation associer grand difference vendre acquérir portefeuille recuperation associer rapport credit compte collection diminuer credit score utiliser temps rapport credit portefeuille recuperation associer envoyer faussement lettre courrier argent gratuit collecter jour supprimer rapport credit lettre envoyee autorite approprie audition autor,mauvaise_qualite,faible
achete article prix eleve utiliser klarna preteur recu ledit article decrit ete victime arnaque quelqu ligne changer nom adresse esperer perdre colis argent mesure obtenir colis bureau poste paquet tas faux carte enregistreer ouverture carte sentir enregistrement journal appel message appele klarna recuperer argent recuperer plate forme remboursement vendeur geler argent dossier ferme retrofacturation geler paiement ferme dossier aller arriere recuperer argent klarna aide perdre stresse vouloir obtenir remboursement deplacer coinc rock dur endroit aider droite signaler fraude postal service inspection postal etat uni signaler preuve bureau procureur general emballage vouloir klarna droit recuperer argent deplacer preuve video ouverture paquet bien possession colis,mauvaise_qualite,faible
compte courant ligne effectuer depot initial document recu carte debit jour signe facture depot bancaire ligne paiement transfert banque banque atm acce droit depot mobile depose cheque utiliser depot mobile cheque cheque paie durement gagner troisiem rabais compagnie assurance maladie chequ legitim compenser banque emettric banque heure depot donner opportunite prouver legitimite chequ reclame contrefacon decid fermer compte bloquer acce fonctionnalite bancaire depot essaye atteindre banque departement concerner obtenir resolution place traitee fraudeur raconter histoire depose faux cheque fournir preuve legitimite cheque depose argent perdre processus precieux droit constitutionnel viole procede action justice trouvee dommage prouvable reputation assurer dommage banque dire trouver dommage acte discuter circonstance aujourd remplir plainte recherche histoire banque resoudre inquietude croire banque engagee activite frauduleux,mauvaise_qualite,faible
dame vole identite travail donne min information poursuivre entreprise poursuivre faux carte identite info obtenir pret ligne credit carte credit pret etudiant partie annee travaillee voler personne info compte piece joindre fils compte signaler ligne fermee credit carte supprime raison fraude applique compte arriere recemment jamais numero compte carte vouloir toucher cas juge accorder collection responsable dette achetee signaler valide dame compte numero compte besoin supprimer immediatement bloqu obtenir alerte fraude achat truc maison revenir empecher fermeture regarder fichier payer temps besoin supprimer immediatement ftc attache veritabl piece identite attachee carte attachee voleur faux piece identite facture joindre rapport police lettre ftc joindre notair joindre direct mois mois travail annee,mauvaise_qualite,critique
entreprise frauduleux dire entreprise recu carte paiement faux medicament bien police implique poursuite cours facturation probleme transaction poursuite supporter fraude numero reclamation entreprise,mauvaise_qualite,faible
ordinateur portable achete ligne mort expedie ordinateur portable remplacement placer carte credit attente ordinateur portable defectueux recu apparemment perdre ordinateur portable defectueux tourner livraison frais jour delai semaine depose litige decouvrir facture carte fermee copie reception facture recu prouver livraison resolu voir charge donnee,mauvaise_qualite,faible
debut decouvrir carte piratee commencer minute mettre argent compte bancaire debut obtenir donnee commencer envoyer faux copie facture refusee payer excellent client cabl telephoniqu pirate navigateur site sie contacter atteindre port etranger personne etrangere preuve tentativ contacter societe application loi disque dur compromis finalement carte paiement annee dernier appele decouvrir nouveau carte obtenir information mois dernier recu facture cabinet avocat demander paiement depot document judiciaire ecoeurant obtenir credit temps caed ruine besoin repare obtenir chose pler reparer eternellement reconnaître volontiers aller tribunal document accuser faux decouverte hacker telephone pirate appel decouvrir detourne incapable atteindre,mauvaise_qualite,faible
annee commence universite nouveau ami vouloir voir billet concert vendre ami raconter bon experience achat billet envoye message recupere achete billet frais paypal montant temps envoye argent vendre billet compte supprimer capable message depose plainte paypal decriver raison exact altercation besoin argent rembourser refuser histoire reclame billet credibl recu contrefait,mauvaise_qualite,faible
appel telephoniqu conster collecter dette carte credit reclamee devoir entreprise appeler telephone constamment numero telephone appele telephone epouse frer parent sœur droit telephone lieu travail gauche entreprendre reclamation collecter compte ordinateur appele hsbc partenaire appele semaine repondu demande entreprise supprimer numero nom appeler membre famille continuer appel maniere agressif payer suite civil deposee prendre tribunal signaler entreprise reprise continuer appel societe situer ville natal maison disque appeler ville utiliser faux numero,mauvaise_qualite,faible
licence nml detener pret otage montrer controle processus pret trainer rapport credit pret attente telephone fournir preuve paiement preuve preteur argent revenir image demolir jour ouvrable mentir jour ouvrable heure grossier bouche plein nourriture gomme inverser convenir matin parler harceler nat expliquer envoye document requérir concessionnaire envoye document demande reclamer jamais envoye hypotheque mettre volontairement jour concessionnaire document fournir connaitre armee actif maniere traiter manque respect militaire croire deliberement trainer pret parler vouloir acompte dollar totaliser plainte chute arriere organisation boire non lucratif acompte supplementair mauvais attitude recevoir acompte aide revenir revenu femme chose prequalifiee lieu hypothecaire correct sequestre montant document reclamation loi federal mandat estimation annee impot payer ecole exoneration impot reclamation charge impot exoneration impot loi federal obtenir document indiquer beaucoup impot,mauvaise_qualite,faible
credit refuser base information erronee fournir perte resultant achat article obtenir meilleur achat carte credit meilleur achat utiliser faux information fournir refuser credit accepter litige ligne litige information erronee numero telephone permettre rapport litige raison temps attente long pendre heure limitee fonctionnement apparer niveau securite necessair empecher entite acceder rapport credit necessair compte marchand numero securite social fournir voyage meilleur achat etat refuser ratio base credit revenu dette bon impossibilite,mauvaise_qualite,faible
societe service preteur fci allegue proprietaire hypotheque demande abstention service raison perte revenu entreprise refuser donner abstention reconnaitre demande faire cours derniere annee demande repetee service preteur fci note presentation lieu accorder demande deplacee accelerer effort pret exclure decouverte document contrefait fournir faux tentative saisie decouverte vouloir noter correction effectuee faux hypotheque inconnu acte registre hypothecaire completement massachusetts knowledge fci simplement etat ignorer irregularite flagrant acte constituer enonciation statue criminel tentant recouvrer dette travers frontiere etat utiliser sciemment faux documentation cas massachus,mauvaise_qualite,faible
probleme bureau evaluation credit fonctionner parallel rapport entreprise examen preci faux cfpb supposer enqueter executeur experian decouverte faire maison financiaxxxx audience reconnaître coupable deposee plainte fraude delinquance rapport entreprise mettre jour reclamation autorite experienn ecrire delinquance corrompre servir action consommateur calomnie credit refuser credit,mauvaise_qualite,faible
entreprise offrir aide service client credit pret inciter aide famill petit bebe venir tuer credit faux entreprise abuser information credit information capture ecran aider lutter contre dette savoir passer essayer obtenir aide obtenir chose sentir aider souffrance faire experience controverse abus samedi vouloir faire changer monde aimer voir,mauvaise_qualite,faible
cher cfpb lettre recue agence recouvrement reponse societ recouvrement creance faire savoir etat loi federal besoin information jachere demande original signature original declaration facture recoit respect inconnu agence recouvrement carte credit jamais envoyer documentation demandee envoyer noir blanc declaration regarder faux systeme imprimer demander agence recouvrement envoyer recoit signature achat effectuer carte credit inconnu dernier demande vouloir contacter arreter envoyer lettre notification carte credit appartenir respectueusement,mauvaise_qualite,faible
recu mail indiquer nouveau demande serieus synchronisation carte credit national compagnie aerienn recherchee litige meilleur moyen soumettre plainte gars autoriser demande difficile savoir synchronisation formulaire applique credit autoriser executer credit recemment regarder entreprise ligne plainte faux societe appelee synchronisation carte credit national compagnie aerienn apparaître personne compte enquete difficile aider grandement apprecie,mauvaise_qualite,faible
applique produit commande reception marchandise produit defectueux produit retourne recu appel devoir entreprise expedition produit expliquer representer produit defectueux retourne accepter charge donne montant credit solde refutation demander societe credit ajouter demande credit rapport rapport credit appele montre compte tire besoin credit appeler compte bureau credit supprimer credit appele supprimer enquete afficher heure mois appel societe electriquement retiree faire ajustement appele nom responsable compte voir enquete credit fois rien place minute,mauvaise_qualite,faible
delai manqu piece joindre agent immobilier attention alli salaire financier allier fraude financier negligence bonjour allier financier reel decideur reponse pgs achete allier finance financier payer solde depart recu avis allier pret financier payer concessionnaire terminer accepter allier avis honneur financier allier devoir fou escroc negligent essayer negocier offrir equitabl allier mois allier ali ignorer completement zero solution personnel decrochage negligence poursuivre allier financier rapprocher vraiment manqu delai ager immobilier attn allier salaire financier allier fraude financier negligence bonjour allier financier decideur reel reponse essayer negocier offrir equitabl mois allier arret allier financier illegalement consentement tal offrir allier financier besoin match offrir transfert pret allier option allier offrir financier offrir especes payer allier financier voir piece joindre neuf paiement paiement allier jamais enregistre comptable allier financier compte definitivement negligent poursuivre allier financier,mauvaise_qualite,faible
inquieter vouloir deposer plainte agence recouvrement service credit sunrise bien agence recouvrement contacteer verifier reclamation dette recouvrement service credit sunrise reclamation recue recouvrement dette tete lettre collecte passer part obtenir carte credit article retourner entreprise temps apparent charge bancaire montant frais compte charge solde cours agence recouvrement frais sembler traiter ajouter information statut frauduleux dossier credit calomnie ruiner credit annee transaction particulier essayer placer date statut frauduleux dossier credit vrai intentionnel probleme facturation banque fois consommateur achete releve article jamais montrer detail article achete retourne passe appel telephonique service clientele bien banque essayer obtenir aide mauvais compte debit obtenir credit gros article retourner situation aspirateur marque defectueux achete article envoye retourne fois cartouche rester,mauvaise_qualite,faible
bsi financier fiable gestionnaire hypotheque paiement sequestr refinancer mois assigner servicer temps prime annuel assurance habitation devoir montant payer conduit lettre multiple compagnie assurance habitation menacer annulation capable contacter quelqu jour prime initial devoir politique jour prevu annuler raison bsi nerf envoyer lettre besoin acheter assurance habitation nom police annulation venir compagnie assurance envoye fax bsi notifier mail paiement notifier traire jour recu reponse mail demande payer facture taxe foncier devoir reponse envoyee rappel mail accer centre messagerie enregistrement envoye mail raison mauvais qualite site web point entier escrow proteger preteur contre forclusion raison garantie fiscal paiement fiable facture bsi,mauvaise_qualite,faible
hologramme carte apparaitre bien jamais ferme compte arnaqu carte vol cellule clon reseau acheter chose vendre faux prendre argent quelqu pirate ipad montrer utiliser service charge cl voiture clonee porte obtenir voiture balade joyeux voler voiture addition cellulaire constamment lach vetement achat envoye cher argent vole atteint police mentir preuve achete paire sandal quelqu continuellement article achete faux article remplacer article vole voiture hachee remplacer partie collegue indirectement victimise aide ciblee police complexe appartement appartement voiture intentionnellement feuill porte quelqu apt argent vol bijou couper vetement marque,mauvaise_qualite,faible
mois realise victime vol identite cause cyber hacker compte frauduleux compte bestbuy active periode temps etat actuel instruction resolution processu depose plainte vol identite victime rapport ftc rapport police victime plaindre affidavit police sherif dept fbi plaindre bien institut financier carte bancaire impliquer litige declar compte resultat vol identite document joint preuve difficulte cbna arriere contester compte solution insister compte frauduleux nom service carte prestation cbna jamais correctement repondu montre legitim processus enquete conclusion correspondance bien demande cbna valider verifiabl terme lettre litige prouver compte montrer carte utilisee envoye demande original releve facture mois demande montrer faux signature demandeur fermer releve mine similaire montre facture payee automatiquement banque jamais associer compte bancaire divulguer situer utiliser configuration compte paiement automatique,mauvaise_qualite,elevee
conteste supprimer agence evaluation credit rapport verification compte agence recouvrement rien envoye confirmer compte precedemment conteste supprimer appartenir societe recouvrement legale ajouter collection verifier envoyer notification consommateur faux compte,mauvaise_qualite,faible
solde carte credit declare rapport credit depose litige non utiliser utilisation rapport credit article supprimer signaler rapport credit conteste supprimer temps rapporter negatif experian continuer rapport negatif article appartenir contacter reponse creancier experian declare litige article experian loi etat temps litige experian information compte verrouillee voir droite information litige correct vie famille rue raison faux information rapport tourne manque emploi maison raison grand loi requérir inpost faire travail info culasse information fournir information perdre,mauvaise_qualite,faible
client citibank annee premiere fois litige fraude premiere fois essayer obtenir information cas resolu frais fraude compte publier origine montant declaration fraude citibank frais inverse service fraude citibank declaration enregistree demande envoyer lettre preuve frais non autoriser lettre envoyee resultat avis compte frais fraude donne resultat litige demande reclamation refusee recevoir preuve envoye faux recu commercant prendre photo besoin envoyer lettre appel lettre appel envoyee rayon fraude litige departement reconnaître reception lettre appel probleme depot lettre reception demande double enquete fraude confus enqueteur departement litige trouver lettre appel confirmer representer precedent envoyer envoye enqueteur besoin lettre appel cas superviseur representant dossier information superviseur informe lire fichier envoyer info escalad debit resultat unite jour ouvrable information reponse,mauvaise_qualite,faible
occasion distinct ecrire ligne cfpb essayer obtenir remarqu desobligeant supprimer rapport credit supprimer temporairement autoriser publier nom temps dur difficile contacter agence recouvrement enfreindre loi rapport original creancier dette question verifie ecriture adresse physique compte plainte collecteur dette continuellement place rapport compte agence evaluation credit supprimer nom modifier entreprise detener dette reemis nom detention illegal rendre application hypotheque impossible garantie recouvrement creance verifie creancier origine montre aleatoirement rapport credit suppression occasion separee dernier fois autorisee agence recouvrement compte recouvrement appartenance verifie autoriser faux nom recouvrement creancier initial detenteur dette precis,mauvaise_qualite,faible
appele service recouvrement amsher remarque rapport credit declare vendre faux dette frauduleux,mauvaise_qualite,faible
trueaccord envoye mail separ an dette envoyee capture ecran mail contact premiere fois dette contacter entreprise rapidement parler donne numero telephone contrecœur donne operateur numero telephone indique verifier numero telephone donne numero telephone actuel utiliser an verifier numero telephone essayer obtenir verifier adresse refusee operateur donner information accepter supprimer contact mail recu etat origine chequ chequ ecrit presente paiement refuser banque achetee dette entreprise loue trueaccord collecter solde frais cheque retourne utiliser chequ magasin autour dette impaye affaire trueaccord tenter frauduleusement faire faux dette,mauvaise_qualite,faible
vente matelas recu mail acheteur interesse mail afficher information nom mail telephone contacter telephone travail envoyer cheque banque courrier conscier chequ banque arnaqu envoye cheque banque mentionner assistant cree chequ payer demenageur cheque depose chequ depose argent disponible chequ info ajouter destinataire banque expediteur lundi midi argent disponible compte messager demander argent disponible oui donne adresse envoyer demenageur matelas option bancaire envoyer argent utiliser donne preuve transaction ledit calendrier ramassage mateler temps lendemain regarde compte raison deuxieme chequ relance trouver chequ chequ envoye sm retenir aujourd retenir supprime temps sentir mauvais situation recherchee ligne trouver arnaque aide cheque banque inquiet xxxxxxxx lendemain matin appel rapport bancaire verifie banque remboursee argent banque fraude cas declare transaction autorisee escroquerie fraude detail disponible faux cheque banque conversation,mauvaise_qualite,faible
rapport credit illegal corelogic afficher illegal autoriser utilisation illegal rapport credit jamais compte donner quelqu autorisation extraire rapport credit mettre prendre charge piece joindre lettre envoyee reconnaître logique base continuer afficher information illegale innacurrat information rapport relation enquete illegale corelogic declare alerte fraude demandee envoye lettre absolument faux alerte fraude bloquer rapport credit activite frauduleux jamais envoyee lettre utiliser nom couverture numero securite social changement adresse jamais document joindre reconnaissance demande compte illegal supprimer corelogic faux declaration faire nom corelogic faux lettre envoyee,mauvaise_qualite,faible
bien payer fargo micro centre carte credit plein interet facture inconscient essayer utiliser carte demandee annuler charge refusee montant derisoir argent payer apaiser pointage credit affecter negativement raison voir faux frais interet rapport negatif credit homme nommer bien fargo differend rapport negatif prendre plainte soumettre ignorant cfpb fonction reell prendre jour obtenir reponse courrier plainte,mauvaise_qualite,faible
information credit declaree date exact recouvrement dette montant correct dette dette correct incorrectement facturee insu autorisation service livre erreur facturation defectueus assurance facturee assureur facture suite assureur payer suite,mauvaise_qualite,faible
appele annuler commande demande remboursement telephone repondu place attente minute reponse expliquer vouloir aider aller ecran cote gauche type ecran anydesk superviseur aider homme venir ligne type montant recherche type rembourser tape beaucoup zero faire remboursement retourner argent sage payer montant impot envoyer information faire virement bancaire nom entreprise compte aba routag nom banque citi banque montant dollar demande transfert investissement personnel fournir frais recu signe continuer appeler jour demander disparaître banque faire transfert appel envoyer carte cadeau probleme soir recu mentionner inquietude envoyer lendemain jamais recevoir envoyer indiquer argent mal tourne adresse retourner argent envoyer bon adresse probleme virement bancaire appele cooperativ credit quelqu compte piratage transferer argent compte marche monetair compte courant obtenir argent recu remarque adresse identifier origine realise usi,mauvaise_qualite,faible
sujet victime compte bancaire premier tech credit union ftcu fraude situation decouvert numero compte epargne premier tech credit union victime arnaqu quelqu croire twitter obtenir information identification faire depot mobile supprimer compte argent detecte ftcu semaine bancaire sell valeur negativ compte decouvert frais montant total montrer releve bancaire voir compte technologique verrouill banque college revenu etudiant ftcu banque autoriser retraire autoriser jamais autoriser ecrit signe demande protection decouvert courtoisie paiement fraude transaction produire controle risque declenche retrait attrape controle gestion risque bancaire envoyer retenir communication montant cheque depot disponible immediatement recevoir message texte indiquer situation decouvert banque arrete transaction depot faux cheque auteur clair retenir place dernier cheque dossier police enregistrer numero dossier police comte officier considerer confiance responsable decouvert inutile,mauvaise_qualite,critique
copie obtenir rapport credit transunion faux compte rapporter capital banque rapport credit jamais compte capital banque appelee fixer courir autour cercle rien probleme correct faux numero telephone numero telephone jamais capital banque user date ouverture responsabilite compte individuel type compte compte renouvelable type pret solde carte credit date mettre jour solde eleve limite credit statut paiement compte courant terme payer mensuellement demande entreprise rapport credit fournir information cours dernier journee rapport demande entreprise ete fournir information demandees information identification fournir information identification demandeer fournir,mauvaise_qualite,faible
aujourd capital aide pretendument sauter paiement pretendumer defenseur client trouver condescendre humiliant definition opposee avocat femme extremement perturber manque professionnalisme reponse franchement opinion sembler repeter numero temps jamais repondu question finalement couper communication demande conversation telephoniqu entrer commentaire compte note croire trouver negatif plainte cfpb ftc departement reglementation financier etat floride reservir federal envoye refuser repondre plainte impacte financierement credit sage frais probleme inhiber capacite gain financier pret achat vehicule savoir aide malheureusement rien evidence interesse concerner repare nom incorrect femme probleme ete corriger reprise prouver mensonge verifie nom femme publier prenom initial milieu immense proportion manque paiement saut demande assurer aujourd immediatement assurer appele defenseur client declare mensonge revise,mauvaise_qualite,critique
induire erreur escroc internet poser quelqu vouloir aider etudiant financierement envoyer argent apprendre allocation semaine compagnie course envoyee cheque demande depot especes application suspect appele banque demander cheque compenser oui savoir cheque prendre semaine effacer argent depose cashapp envoye nom utilisateur cashapp compte extremement suspect regarder chequ envoye appele banque demande numero compte repertorie fonds disponible savoir faux cheque essentiellement donne faux transfert cheque faux argent tiers especes site web gauche rembourser banque contact cashapp support quantite insensee demander pler remboursement transaction arnaqu notoirement repondre forum page mauvais application argent escroquerie traiter sentir responsable victime crime internet recupere argent marchand fin regle negociation defaut fournir produit service voler argent envoye cashapp fois probleme automatis desole rien message prendre perte arnaqu serieusement endommager financier,mauvaise_qualite,faible
commencer escroc info automne vendre collecteur dette annee fatigue battre dernier mois creancier commencer envoyer faux information pret dire devoir annee dernier pret auto satisfait vendre carte credit carte credit bon position devoir ancien pret type pret creancier origine citibank jamais charger citibank compte courant numero compte ancien compte courant ferme essaye piratage mettre jugement comt vivre loin numero depot dossier faux numero telephone appel verifie harceler savoir deposer plainte,mauvaise_qualite,faible
diagramme joint montre amazon montrer avis trompeur ordre leurre client faux sens securite amazon prime recompense visa carte credit emise chasse banque pourcentag avi ajouter sens mathematiquement amazon fierement afficher afficher moyen reell indiquer meilleur avis note devenir meilleur avis meilleur avis etat uni point indique amazon chasse navigateur emplacement erreur avis indique cree etat uni top avis etat uni sens base montant avis carte montant avis anglais avi devenir top avis simplement aimer beaucoup user aimer avis probablement lire avis multiple signe faux precedemment travailler oui prouver signe base montrer revue probablement faux revue boostee dire top usa automatique drapeau rouge revue mot bot compte generalement court grand quantite appeler prendre methode revue utile evidemment traducteur erudit douloureusement evident revoir contenir information utile profession appel grand injection information inutile,mauvaise_qualite,faible
achete valeur dollar piece automotib acimer terminer defectueux garantie vie honorer voiture dangereux conduite pieg mortel devoir rien demander remboursement piece,mauvaise_qualite,faible
chase bank libere fonds faux compte cheque appele demande retenir cheque escroc supposer payer installation decalcomanie autocollant campagne marketing probleme fonds liber remarqu irregularite appele banque immediatement arreter transfert effectuer transaction attente desole arreter fonds inverse lendemain fonds inverse faux compte cheque victime escroc completement injuste divorcer mere enfant essayer gagner argent supplementair menage banque responsable liberer fonds chequ frauduleux,mauvaise_qualite,critique
jour regarder continuellement appeler utiliser numero faux numero indicatif regional numero ville repond collecteur facture appel heure heure jour identifiant entreprise travailler actuellement appeler continuer appeler,mauvaise_qualite,faible
revenir arriere service financier phoenix appele indiquer devoir rapport credit signaler demande creancier origine adresse connaitre dette appele facturation merveilleux representant expliquer situation confus jamais travailler finance phoenix envoi debit an informe envoyer creancier impay appele finance phoenix ensemble homm nommer voie homme nommer declare jamais travailler type dette date specifie jamais medecin grossier telephone accroche avoir arret repondre signale superviseur appele service hospitalier verifie jamais travailler finance phoenix envoye releve solde joint appele phoenix financial enregistrement telephone portable faire savoir information mauvais femme pendre visage crier phoenix financial declaration adresse jamais adresse voir adresse medecin original creancier match regarder phoenix service financier affaire consommation voir plainte proce faux inexact societe recouvrement creance cooper refuser supprimer rapport credit,mauvaise_qualite,critique
premiere note hypothecair non eviter description incorrect propriete femme achetee maison lot pied lot correct lot societe pret hypothecair fraude commettre fois signature robotique contrefacon insertion acte morfgage refuser donner modification erreur erreur hypotheque omission myer bien note original note vendre fois envoyee faux note veritabl encre humide,mauvaise_qualite,faible
recois appel telephoniqu dette appartenir nom appeler mauvais numero appele heure hier appele matin dimanche matin dette appartenir quelqu,mauvaise_qualite,elevee
capital utiliser logiciel trading achat carte credit societe appelee logiciel jamais travailler capital responsable aider proteger achat achat article defectueux loi protegeer achat compte charge gauche comprendre raison carte utilisee faire achat croire loi utiliser carte credit travail faut client appele capital soin quelqu pler aider faire loi beaucoup pler voir preuve joindre,mauvaise_qualite,faible
numero litige deposexxxx paypal bureau protection consommateur compte reponse prendre argent montant dollar feutr vendre produit contrefait paypal informer police vent produit contrefait paypal prendre argent admettre crime dissimuler autorite enquete police paypal informer societe reclamation produit contrefait ordre mesure juridique prise paypal revendiqu vendre produit contrefait contrefaire crim loi paypal commettre crime couvrir crime approprier argent obtenir investissant argent projet crim blanchiment argent paypal explicitement reconnaître argent obtenir vendre produit contrefait place signaler police prendre argent loi punir apprendre crime initier informer autorite considere participant prendre argent reclamer reparer dommage subir conformement loi fonds remettre autorite police enquetee allegation dissuadee bureau protection consommateur paypal prendre mesure dissuasiver,mauvaise_qualite,faible
lettre reponse datee joindre piece phh service hypothecair phh fournir suite faux declaration trompeur long faux preuve faussement prononcee joindre affichee page communication long phh continuer identifier numero compte reference client domaine voir piece immobilier exister interet immobilier sujet propriete sujet numero compte affiche page communication phh declare impliquer compte origine mesure commenter preoccupation origine voir preuve piece declare penalite parjure forclusion dossier relatif transaction original oui non authentifies non fondre phh savoir transaction original fraude factum produire illegalite sujet recuperation affiche page communication phh declare proprietair unique compte compte fiducie investissement titrisee serie certificat hypothecaire voir declaration piece phh plaidoirie omettre numero dossier depose nom omettre identite,mauvaise_qualite,faible
recemment transmettre dossier plainte transunion compte facture magasin meuble compte ferme annuler remplacer canape lit defectueux declare inutilement garde compte actif jour precedent compte finalement facture erreur paiement annee autoriser compte ferme informer paiement ete refuser remplacer defectueux achete canape lit deliberement garde compte actif modifier date compte suppose supprimer retirer rapport credit transunion completement incompeter mener enquete approfondie information inexact donnee transunion mettre jour enquete sincerement apprecie cfpb enqueterer serieusement affaire completement mal geree neglige transunion respectueusement,mauvaise_qualite,faible
pret cours auto finance devenir xxxxxxx perdre semaine travail appele tdaf offrir mettre paiement retenir lettre pied hopital reprendre paiement mois dernier lettre recue apparer faux enveloppe certifiee date livraison date reell livraison lettre declaree venir presque paiement ballon commencer recuperation enveloppe recu signe destinataire recuperer position feuille pied venir paiement ballon securite social jamais rembourser frais rapport credit repertorie devoir offrir bancaire assistance covid,mauvaise_qualite,faible
lexis nexus donne faux information lexis nexi information rapport solvabilite donneer employeur potentiel aboutir poste proposer employeur informe obtenir information emploi fournir lexis nexis essayer toucher lexis nexis impossible atteindre lexis nexi refuser fournir copie rapport place envoyer type numero code completement inutile numero code maniere insister droit consommation numero fournir faux,mauvaise_qualite,faible
recu appel quotidien hebdomadaire synchronisation banque commencer identifier appeler indique numero message vocal appel etat gauche synchronisation appel bancaire service client service rapide synchronisation compt bancaire appel bancaire service client guichet automatique demande entrer compte bancaire complet carte credit complet ssn dernier chiffre complet ssn pull compte commander agent option enregistrement commencer demander vouloir creer compte paiement immediatement demande entrer carte debit prendre tour demander information personnel voix automatise donner option clair obtenir agent service client donner information personnel clair drapeau rouge escroquerie fraude appel telephoniqu synchronisation banqu reel completement inappropri exiger client information telephone identifier internet rapport recevoir appel frauduleux banque synchronisation minute obtenir direct telephone demande telephone appele donne faux nom essayer toucher appel legitim soupconneraier recouvrement dette messagerie vocal nom etat tryi,mauvaise_qualite,critique
recu depot cheque certifier compte credit bancaire envoyee chequ demande transaction transaction banqu confirme fonds disponible utilisation realise chequ certifier contrefait notifier service fraude bancaire compte gele ledit fonds attente banque continuer envoye transaction deuxiem transaction envoyee lundi banque notifier immediatement cheque contrefait fonds disponible appele jour fonds envoye arnaqu banque continuer attente transaction,mauvaise_qualite,critique
contacter telephone equifax demande serieus non autorisee compte credit equifax aide necessair enquete maniere agent aimer soumettre litige agent refuser droit soumettre demande enquete tour compte direct etat totalement enquet non autorisee venir chercher adresse succursale fermee creer faux compte tentative information enquete difficile lieu donne agent information insister aider situation stressant demande numero confirmation litige enqueter refuser simplement violation droit,mauvaise_qualite,faible
tentative information frauduleux supprimee bureau credit demande supprimer compte bureau credit raison inexactitude alleguer plainte civil reponse generiqu renvoyee fournir information absolument factuel decision defense valide rester inchange decision declaree faussement rapporter information resultat fraude carte credit vol identite tactique engageant utiliser reponse generiqu reellement fournir preuve enquete reclamation bien soumettre information basee sentiment base loi regulierement refuser reclamation compte supprimer credit presente copie rapport police document victime fraude vol identite fournir nom vol reponse sentir plainte civil implique echouer examiner loi actuel gouverner cas prouver civil sentir soudainement faire cas civil cas simplement souhaiter reellement facturer compte raison activite criminel lieu ouvertement demande tort collecter argent systeme juridique travail consequence immunitaire violation loi facturation credit equitabl statut moindre etat carolin nord defi,mauvaise_qualite,critique
accord conclure installer ombre maison lain feu enleve maison drap ombr vie maison beaucoup degats fumee rester installation supposer commencer realite installation debut cauchemar commencer installation court communication attachee citibank expliquer detail revenir temps beaucoup ombre defectueux payer paiement initial commencer travail prendre paiement debut travail facture citibank immediatement appele autoriser paiement travail terminer correctement tourne beaucoup probleme porte francaise etage maison aucun porte ouvrir valence ombr epaisse refuser dire defaut ombre selectionnee professionnel conseiller ombre fonctionner porte montrer droit maison appelee citibank litige charge prendre mois revenir enlever ombre permettre porte confiance remplacer ombre chose comparable fonctionner conflit commencer declaration venir remplacer ombre absolu moteur ombre cher initialement payer pret rembourser produit beaucoup cher venir retirer completement aller entreprise beaucoup,mauvaise_qualite,critique
commettre fraude entreprise cree faux numero pret embauche telephone fax tentative collecte nom place nom femme faux pret jamais signe document pret approximativement recu avis demande intention forclore droit guerison lettre exigeant avocat poste contester dette informer pret jamais applique demander valider dette recu recemment fabrique demande pret nom preteur demande signature manquant demande heloc copie signee demande recue copie demande soumettre deuxieme lettre avocat redige courrier informer tentative recouvrement frauduleux exiger deuxieme fois valider dette echoue valider dette apparemment desengage entreprendre raison fraude recu lettre exiger argent lettre redige avocat envoye poste courrier certifier informer pret heloc payer totalite avocat demande liberation privilege arreter effort recouvrement acte fiducie liberation echoue heloc payer confiance acte capture exiger frauduleusement argent refuser lettre acceptee preuve avocat paiement deuxieme avis,mauvaise_qualite,faible
nombre massif appel automatiser jour numero lieu reclamer pret hypothecair faux appel professionnel lire script essayer hotswap loi lexington reparation credit reclamer cote credit empecher devenir proprietair maison appel signaler deteriore mois empire vraiment ennuyeux,mauvaise_qualite,faible
paiement accepter commercant paiement carte credit echec livraison plainte pratique bancaire deloyale processus litige fraude bank america redacteur professionnel contracte mettre jour commercant fourniture service supplementair paiement commercer requérir paiement complet ligne paiement bank america carte credit bofa commercant echoue livraison contrat excuse excuse repondrer tentative contacter livrable commercant livre demande remboursement complet fournir courrier electroniqu commercant accepter remboursement traire compte carte credit bofa commencer reclamation fraude bofer repondu temps opportun demande information bofa signature mois periode examen reclamation commercant repondu racine litige reclamation fragile note non responsabilite remboursement emis developpement produit travail initial livrer produit travail accepter produit travail service reclamation bofas demande information supplementaire journee demande deraisonnabl signee lettre deuxieme avis,mauvaise_qualite,faible
litige recouvrement portefeuille compte associer repondu faux reclamation enquet plainte echoue fournir preuve competente dette presumee faux declaration vouloir enqueter transaction presumee declaration presumee supprimer connaissance faux compte,mauvaise_qualite,faible
inconnu utilisee faux carte identite retiree compte separ detenir guichet unique banque retrait transaction effectuer physiquement xxxxtd adresse emplacement bancaire adresse emplacement banque florid alleguer vol interieur compte routage travail routag floride retraire numero prendre retrait compte personnel retrait prendre compte compte professionnel floride lier direct banque florid total especes remettre fraudeur soumettre bordereau retrait aucun ecriture correspondre ecriture baclee ressembler gribouillage contrefacon signature clairement admettre succursale local rse savoir departement fraude bancaire numero permettre conduire ecrit arriere bordereau depot vraisemblablement ecrit employe nom succursale banque mal orthographier signature bordereau retrait manifestement forgee ressembler signature departement fraude banque recommander restreindre compte esprit appele remarque frais ligne attente publier banque donne argent fraudeur compte bancaire argent disponible retourne investissement interne banque,mauvaise_qualite,faible
depot plainte experian experian traite demande litige envoye courrier certifier compte litige debut recu complet source experian date soumettre resolution estimee date numero rapport numero compte adresse entreprise experian signaler compte conteste mettre jour revise information compte compte modifier rapport faux date ouverture compte date ouverture rapport date recer refleter compte recer vraiment rapport sold original compte inexact compte refleter compte terme mois inexact demande preuve fournir validation inexactitude faux information rapport credit depose litige lettre envoyee courrier certifier accuser reception recu confirmation recu lettre validation aujourd reponse recue experian conscier inexactitude continuer rapporter compte dossier credit compte specifiquement experian valider dette refusee valider dette experian renvoye notification indiquer compte ete mettre jour compte rapporter information inexact precedemment signalee,mauvaise_qualite,faible
well fargo auto envoyer actuellement document faux numero police cpi date inexact politique placee compte pret voiture retard resulter paiement allocation programme equipe soin client appele well fargo refuser well fargo conseiller tiers nommer reponse information compte well fargo fournir formulaire mediation demande obtenir mediation exterieur well fargo donne numero telephone groupe mediation well fargo obtenir aide groupe mediation mediation renvoye well fargo cpi care team demande formulaire mediation capable aider lettre frauduleux reclamation recevoir formulaire mediation appele well fargo car team responsable allocation paiement droit formulaire mediation accepter lettre frauduleux rejeter litige paiement inexact fournir reglement well fargo auto cpi historique paiement complet pret valider dollar uniquement frauduleux frais prime int reclamer correction erreur well fargo auto long banque well fargo reclamer site web adresser compte facture tort double commande premium faire plate forme chose,mauvaise_qualite,faible
cash express utiliser tactique gagner argent dette harcele telephone faux cabinet avocat appel menacer action justice dollar frais juridique agir immediatement blessure corporel entreprise non pertinent recouvrement dette envoye faux document indiquer action justice intente e-mail documer signe recu avoir attrape reglement cash express chose informe tactique continuer,mauvaise_qualite,critique
fille voler tricher tricher faire sembler faire don demande telephone argent envoyer telephone envoyer photo interieur envoyer faux demande argent montant convenir prix transfert necessite bloc travail demande telecharger argent transfert application argent nom application nom application envoyer ami expliquer ledit compte arnaqu prendre,mauvaise_qualite,faible
recu avis collecte gestion credit jamais service service cabl annee dernier nom mari esprit service transfer nouveau adresse adresse fraude arnaqu mauvais lot perdre affaire nouveau creer faux compte information personne entreprise activite frauduleux obtenir information personne,mauvaise_qualite,faible
applique hypothequ banque ameriqu fournir information demandees initialement donnee date cloture provisoire semaine envoye document necessaire revise presque quotidiennement document relatif probleme majeur page signature rapport lutte antiparasitaire vendeur acheteur mandatant signature signe electroniquement signature humide demande information inspecteur evaluateur jamais entendre partie travailler annee terrain respectif demandee envoyer preuve reparation domicil contrat repertorie effectuer plombier electricien agree agent immobilier envoye information dire licence verifie probablement faux agent souscription cauchemar explication raisonnable obtenir contournement action douteux service souscription fonctionner bien agent pret taux interet changer verrouille convertir pret pret conventionnel qualifier chang banque americain fermee nouveau societe hypothecair declaree comprendre banque americain capable nouveau societe hypothecair declare dossier propre moment espoir traitement rien rien,mauvaise_qualite,faible
facture ligne credit marchand temps jamais entendre jamais facturer ligne credit notifier maniere chasser carte credit essayer faire achat ligne jamais approuver depose litige poursuite question charge attente representer aide envoye nouveau carte solde montant correct sembler resolu recu avis chasse retrofacturation annuler responsable immediatement appele chasse jamais trouver numero telephone marchand repondu mail envoye representer equipe assistance chase temps parole declar responsable raison adresse correspondre ancien telephone groupe annee adresse pirate temps identifier identifier boitier appareil falsifier masqu aide logiciel mettre banque carte credit utilisee morgan probleme chasse protege chasse sentir traite differemment apparemment arriver reportage chass traiter jamais manqu compte paiement examen etat financier trouver depot marchand montant compte courant essayer contacter predictit demande autorisation depot,mauvaise_qualite,critique
compte application tresorerie pirate prendre montant deuxieme compte bancaire transfert envoye compte autorisation montant envoye faux compte bitcoin essayer montant remboursement litige transaction declar besoin fichier rapport police enquet depose rapport police fraude transaction non autorisee,mauvaise_qualite,faible
vendre piece monnaie contrefaite societe exploitee nom annonce argent prendre paypal inclure formulaire rapport police detailler montant dollar paypal systeme proposer obtenir remboursement rembourser envoi conduire systeme messagerie wild goosechase moyen contacter jamais capable reell bien demande reprise refuser vouloir expedier piece monnaie frais contrefacteur attendre remboursement contrefacteur refuser loi piece monnaie reelle valeur ajoutee bien contact paypal ete signaler quotidiennement cours execution publicite departement police service secret fbi cours arnaque exploitation publicitaire,mauvaise_qualite,faible
entreprise avis lettre joindre recevoir lettre envoyee frais publicite decouvert coquin vol compte argent lettre envoi frais publicite lettre envoyee description frais facture solde decrit cobrado declaration mauvais qualite transaction reponse non decrite coquin lire evidende coquin,mauvaise_qualite,faible
recemment transmettre dossier plainte concerner compte facture compte ferme annuler remplacer canape lit defectueux declare inutilement garde compte actif veille compte jour finalement facture erreur paiement annee autoriser compte ferme informer paiement ete refuser remplacer defectueux achete canape lit volontairement garde compte actif date modifiee compte suppose supprimer supprimer rapport credit completement incompeter mener enquete approfondie information inexact donnee mettre jour enquete sincerement apprecie cfpb enqueterer serieusement affaire completement mal geree plainte original neglige compte recu cfpb resolu plainte suppression rapport compte malheureusement compte actuellement actif rapport experian litige initier rapport experian demander suppression compte rapport credit informer rapport credit compte supprimer experian continuer plainte neglige enquerir compte suppression confirmer vouloir demander cfpb,mauvaise_qualite,faible
appele compa bmw service financier llc paiement mensuel inferieur renegocier plan paiement montrer jouer agent face difficulte devoir coronavirus envoyer plan report mois charge financ charge age pret avide societe troisiem classe site web ecrit aller aider client immobilier rien fournir faux empathie public recu mail bmw montrer faux empathie temps test epidemie virus corona faux avide gagner argent declaration faux pler laisser emporter veule declaration sarcastique,mauvaise_qualite,faible
xxxxxxx preuve revenu raison photoshoppee donner compte courant soumettre faux information fournir information venir documentation decision photoshopee information fournir prouver fermeture organisation compte preteur discriminatoire discrimine personne fonction race age culture religion,mauvaise_qualite,faible
compte citi vendre illegalement faux compte violation titre usc fcra interdire vente compte signaler frauduleux signaler faux compte cree citi decouvert criminalite citi alle vendre compte criminel agence recouvrement violation loi federal voir joint alerte fraude cra documentation ir agent special agent special specifiquement communiquer vol californi floride utiliser information identification mexicain utiliser boite lettre snagg courrier entrer retourner travail sophistique,mauvaise_qualite,faible
pler voir document joint arriver alle banque ameriqu retrait systeme atm dernier compte courant alle utiliser metro local achat metro carte metro donne dame boa distribuer systeme atm entendre argent faux sidere entendre mot immediatement donne capable collecter argent faux facture bloquee cause grand embarras personne agee detresse entendre dernier petit dollar faux grand entreprise boa mettre confiance institut bancaire immediatement alle boa affaire aborde regarder fraudeur prendre remboursement desempar moment effort branche enqueterer affaire notifier semaine communication e-mail innombrable fois revenir branche obtenir resultat final litige simplement declare boa grand entreprise changement consommateur dernier recherche remboursement maintenir niveau stress cause,mauvaise_qualite,critique
concerner achete article meilleur acheter article defectueux meilleur acheter echouer envoyer nouveau article cout article usd decider renvoyer article meilleur acheter obtenir etiquette echouer resoudre probleme meilleur acheter vouloir prendre responsabilite expedier article arriere mois finance frais charge frein mois raison monde achete meilleur achat extremement prudent,mauvaise_qualite,faible
compte bancaire identifier connexion gel identifier connexion mettre jour compte verrouillage appele alle directeur succursale chose compte envoye fraude faux compte apporter chequ exact succursale refuser regarder appele chiffre ligne principal acceder compte quelqu chercher nom numero fichier appele semaine temps semaine nouveau information heure appel pendre immediatement donner numero compte,mauvaise_qualite,critique
essayer litige pension alimentaire enfant rapport credit lettre indiquer compte dernier paiement effectuer information rapport credit mauvais date paiement correct effectuer compte ancien rapport credit faux paiement date ouverture montre preuve envoyee bien contacter pension alimentaire enfant obtenir bon reponse pension alimentaire enfant dire envoyer information agence evaluation credit agence evaluation credit dire obtenir bon information supprimee envoye information correct declaration agence credit corrigee transunion essayer expliquer differend agent accroch rappele superviseur rejouer conversation revenir jamais besoin aide arreter obtenir place direct,mauvaise_qualite,faible
lettre envoyee demander envoyer verification dette nom commun courrier rentrer maison nom fichier fusion dette lettre envoyee societe demander envoyer document indiquer continuer envoyer document genere ordinateur faux besoin frauduleux supprimer rapport credit blesser obtenir credit alimentation cas pandemie entreprise familial profiter mal devoir dollar factur telephone portable flotter presque jamais compagnie telephone plan telephone mere document envoye paiement compte doc frais fraude carte credit paiement quotidien reel,mauvaise_qualite,faible
mari envoye femme reclame vente chaton page web entier reclamation eleveur annee merveilleux chaton atteindre mail demander chaton reponse rapide bien informee finalement recevoir photo question repondue sentir aise decide acheter chaton expedie utiliser mode paiement zelle jamais entendre banque option zell application sembler legitim transaction effectuee lendemain recu mail indiquer arrangement prendre transporteur animal contacter livraison recu mail quelqu pretendant chaton prepare voler arkansa procede achat necessair option caisse animal compagnie climatisee acheter mail donne caisse haut mail declare argent livraison rembourser air incroyablement bizarre dame aise ete divulguer payer payer expedition decision transporteur rien pler rembourser argent aise jamais repondu envoye mail repond evidemment mari traitant escroc depose plainte zelle banque responsable revenir,mauvaise_qualite,elevee
ecrit litige information apparaître rapport consommateur numero compte information identifier source compte information litige expert credit national type information conteste categorie information conteste information dossier public information compte credit inconnu date associee article conteste lettre date explication article conteste recu notification reponse fraude plainte reponse societ faussement inscription dette rapport credit lettre remettre nommee esp adresse nom duplicite codifier identite reclamation dette frauduleux conjuration faux identite apparaitrer rapport credit plate forme rapport credit reference public creer faux identite capot anime sujet controle securite reglementair employeur faux nom apparer donner faux impression faux identite cause perdre consideration contrat augmenter investissement societe recherche capable decouvrir nca plainte multiple nature similaire objet enquete reprise acte frauduleux fbi contacter societe envoyer lettre notifie consommation agricole,mauvaise_qualite,faible
commencer processus refinancement espece utiliser processus decide amerisave commencer immediatement extraction credit dur accepter proceder amerisav place societe promettre taux divulguer terminer evaluation payee evaluation completee rapport recu maniere inattendu nouveau declaration divulgation taux changement flottant evaluation precedent taux demande flottant informe agent credit taux verrouiller evaluation fournir information demandee agent credit temps opportun mouvement question demande pret processeur assigner dernier fourniture demandee information employeur indiquee demande sensible temps demande fournir fois demande talon cheque paie information contact direct heure dernier rappel recu demande reprise entreprise arret communication changement statut plate forme ligne dernier mail recu mail recu semaine reponse mail informer changement disponibilite simplement demande transferer gestionnaire mail appele messagerie vocal gauche superviseur agent pret envoye mail expliquer statut affecter disponibilite,mauvaise_qualite,faible
incomm service financier refuser transaction gard argent incomm donner reponse equivoqu nier responsable tentative achat incomm financier refuser incomm financier garde argent lieu retourner preuve carte refu incomm garde argent faux service client offrir solution pris action resoudre plainte document plainte localiser http,mauvaise_qualite,faible
stewart zlimen junger contacter rien envoye dette direct probleme majeur sante fournir info ssdi rien valeur demande arreter contacter ensemble demande fournir envoye journee contacter reponse recherchee probleme sante majeur medicament maladie annee femme maison samedi frapper porte trouver serveur servir proces apparaître information venir ecrit reponse meilleur info demande contact reponse obtenir truc demander appeler decouverte necessair obtenir aide juridique proce informe rien depose tribunal comt declare tenter recouvrer dette aller demande contact serf faux proce aide juridique declare harcelement besoin nom personne ferme licence avocat stewart contacter femme harcelant serveur entree batiment securis bourdonner etes maniere force batiment recouvrement creance ordre gouverneur collecter essayer recouvrer dette temps garniture placer fonds capable prendre dette acheteur dette indesirabl,mauvaise_qualite,critique
service pret specialise commettre vol identite fraude vol identite signale agence evaluation credit paiement effectuer faux dette hypothecair vendre faux dette compte frauduleux verification erreur fraude flagrant stratageme racket couverture faux dossier cree aka livre cuisine avocat vereux saisir illegalement entreprise domicil comptabilite frauduleux fabriquer faux dossier cer florid couverture fraude construire voler valeur net maison extorquer argent creer faux rapport faire faux paiement commettre contrefacon vol identite dossier garder fraude vie obtenir argent accord perte part gouvernement faire faux reclamation dommage voler domicil deguise affaire habituel violation etat rico faux declaration loi loi etat code peni loi demande reponse ecrite,mauvaise_qualite,elevee
compte vendre illegalement faux compte violation titre usc fcra interdire vendre compte signaler frauduleux signaler faux compte cree decouvert criminalite alle vendre compte criminel agence recouvrement violation loi federal voir joint alerte fraude cra documentation ir agent special agent special specifiquement communiquer vol californi floride utiliser information identification utiliser boite lettre snagg courrier entrer retourner travail sophistique,mauvaise_qualite,faible
jamais conclure accord juridique voir piece joindre contrat licence service reservation voir montant piece joindre achat adhesion club vacance lune miel attente obligatoire jour ouvrable exciter aller ligne acce nouvellement acquérir option vacance malheureusement immediatement trouver achete represente ligne ortal maniere negativ contrast direct reconnaissance representation document signe voir piece joindre chose trouve faux comprendre prix gros remettre avantage majeur adhesion accer membre prive site web livre composer voyage ligne garantir prix disponible hotel reservation temps accepter avantage principal adhesion grand disponibilite hebdomadaire location copropriete prix gros generalement attendre economiser vacance beaucoup offrir disponible avis faible valeur jour reservation comprendre avantage voyage supplementaire inclure offre gros relation derivee maitre grossiste voyage forfaire hotel croisiere publier regulierement site web courrier electroniqu accuser reception membre,mauvaise_qualite,critique
bien fargo appel administrateur cpi transfere bien fargo pendre raison jamais rappele temps bancaire administrateur temps question but mal demander exterieur attenuation transferer autour jerk vraiment fatigue bien fargo penser mensonge lettre utiliser courrier federal mensonge envoye fraude escroquerie concu intention concevoir schema artifice fraude obtenir argent propriete signifier faux frauduleu pretext representation promesse vendre disposer pret echange modifier donner distribuer fournir fournir fournir procurer utilisation illegal contrefacon faux piece obligation securite article represente insinuer tenir contrefait faux article but execution schema artific tentative lieu bureau poste depositair autoriser courrier matiere matiere chose envoye livre service postal depot cause depose matier chose envoye livre transporteur prive commercial interetatiqu prendre recoit matiere chose sciemment causer livre facteur courrier instruction lieu indique,mauvaise_qualite,critique
cherche gars pret nommer appele societe pret nommer pret flux leger base confiance travail signifier deposer argent compte renvoyer carte regarder information bancaire faire ligne temps compte depose renvoyer demande recevoir ledit probleme credit deposerer compte depot instruire chose necessair faire apparaitre compte argent banque principal depose envoye extremement convaincant aider construire credit compte appele lendemain repondre hopital demander quelqu pendre appel bloqu envoye photo releve bancaire demande faire reclamation facture payee envoyer argent assurer aspect legal temps savoir plein puanteur echange mot fermer information compte necessair transferer argent compte banque mensonge copie rapport police conversation dire mettre argent carte beaucoup releve bancaire prendre reclamation loyer savoir idiot savoir desespere numero noir savoir signifier flux lumiere pret blesser grandement famille pler aider paperasse faux pret rapporter credit consommation,mauvaise_qualite,faible
fils achete pret moto proprietaire compte bancaire synchrone effectuer paiement regulier velo defectueux rendre volontairement banque synchrone signe formulaire rachat volontaire banque synchrone accepter velo contacter banque synchrone formulaire reconnaître signe velo indique transporter localiser raison pandemie coronavirus refuser supprimer information incorrect rapport credit velo plein possession banqu synchrone accepter entierement probleme relatif banque synchrone fils obtenir hypotheque emploi banque synchrone supprimer information incorrect negative rapport credit,mauvaise_qualite,faible
service lire rapport credit bureau matin information realisee rapport transunion incorrect suivre transunion invite creer compte mettre jour commande employeur bien bientot trouver disponible ligne contexte verification identification creation compte information carte credit partagees pensee similaire question environnant poser adresse actuel passee,mauvaise_qualite,critique
dette devoir autour carte credit bancaire synchronisee utilisee annee devoir industrie restauration covid option limitee paiement dette revenu disponible fonds jour pluie appel continu haut fois jour utiliser numero telephone usurper numero appele obtenir numero reponse numero jamais appele faux ligne enregistrer,mauvaise_qualite,faible
essentiellement envoye formulaire remplir verification fraude lieu renvoye demander envoyer mail envoyer preuve fraude adresse physique entreprise rien affiche mail envoyer preuve donne adresse mail demandee conformer garder argent preuve documentee paquet exister usp personnalise faux fournisseur suggerer way programme jamais essayer ledit paquet voir clairement paquet fraude exister pler aider,mauvaise_qualite,faible
affaire rejetee tribunal demandeur depose dossier defendeur rejete joint joint represaille soumettre faux faux facture ward merite validite charge frais chance adresse tribunal probleme soumettre inspection maison montrer maison desarroi complet dommage jamais aborder soumettre facture dire dommage documente mois auparavant faute attachee procede falsifier trompe frais voie devoir maniere soumettre facture fabrique exigee payer facture remettre facture totc collection thunderbird conteste souhait passer soumettre dossier tribunal rejet document soutien reclamation facture fabriqu document judiciaire limite fichier depassee,mauvaise_qualite,faible
compte negatif conteste experian rien faux compte compte continuer credit compte conteste credit experian croire enqueter venir resultat negatif rapide,mauvaise_qualite,faible
citibank envoye lettre informer fermeture compte coffre fort avis declar contacter service client obtenir information recu avis atteindre succursale citibank situee directeur succursale directeur succursale informe voir avis fermeture compte systeme lettre sembler faux copie lettre transmettre service fraude citibank faire savoir information information prendre mesure date avis compte epargne chequ ferme avis mentionner compte coffre fort suivre fermeture compte carte credit citibank envoye lettre usp demander information date reception demande reponse,mauvaise_qualite,faible
transaction accidentel faux site web montant immediatement appele citibank annuler transaction attente employe banque traite litige initialement citibank demande litige transaction appel multiple citibank refuser transaction inverse lettre envoyee detailler arnaque bien citibank refuser inverse mois enquete faux site web accidentellement traire envoyer confirmation transaction faux site web envoyer bien achete citibank protegeer client transaction frauduleux,mauvaise_qualite,critique
entreprise clinique physiotherapie ambulatoire situee georgie carte identite fiscal bande volee compte bancaire frauduleux banque capitol appele banque horizon malheureusement directeur banque dupe fraudeur autoriser mettre serie chequ vole georgie entreprise deposee compte bancaire capitol connaître adresse physique georgie cheque depose compte alerte processeur bancaire numero paiement tiers eft compte frauduleux montant total revenu detourne vol exce criminalite lieu cours mois prendre ferme crime note important banque capitol mettre avis semaine crime compte compte personnellement demande gel proteger revenu malheureusement banque echoue agir proteger interet petit entreprise autoriser argent tire commettre crime chequ tresorerie rendre payable personnellement fichier joindre serie documentation inclure lettre detaille avocat georgie mettre evidence crime banque erreur demande banque argent proprietair legitim assignation comparaitre comte georgie demande bancaire,mauvaise_qualite,faible
depose plainte recent probleme faux declaration representation information mettre jour plainte decouverte etablissement accredite releve note imprimer achevement credit heure autorite authenticite offrir aider trier option aide financier recruteur scolaire achevement garantir cours faire commencer salaire pret annee pret initialement emprunt approximativement date payer pret vie actuellement pret initialement prendre plainte recent referee homm vie entier homme eleve nom important nom bebe signifier nom guerre insulter quelqu refere plainte recent etat contact serveur actuel navient navient connexion page payer pret etudiant absolument pret etat pret etat college etat annee frequentee deviner accredite dechir chang nom universite ancien batiment utiliser resider obtention diplome commencer ecole college credit heure transferee rien etudie travailler dur academiqu honneur rol faux ecole faux credit rien chancre endettement payer obtenir photo harcelement,mauvaise_qualite,faible
effectuer achat vendeur achat capital montant carte credit piece commande piece masque facial piece envoyee vendeur partie envoyee achat jamais envoye recu piece marchandise mauvais qualite montre site web marchandise utilisable caisse capital espoir aider obtenir credit numero dossier majuscule expliquer raison obtenir credit article expliquer vendeur envoyer etiquette adresse fin majuscule demande contacter commercer travailler commercer fournir adresse,mauvaise_qualite,faible
lettre recue finance regional texas declarer plaisir bienvenu famille pret terme appele rayon directeur succursale informe appliquer pret savoir declare donner information aller bureau informe min donne copie chequ signature informee faux idee obtenir permettre conduire ecrit faux numero telephone faux adresse mail signe pret chequ payer type ordre paiement chequ identite instruire signature tiers lieu accepter connaitre cheque especes etablissement demande chequ direct envoye courrier pret applique societe finance commun oui fraude impliquer societe fonctionner marquer compte alerte fraude besoin attendre paquet fraude demande rapport police entreprise appele xxxxpd inquietude frappe credit resolu rentrer instinct sentir chose terriblement mal appele xxxxpd signaler contrefacon societe cheque pret xxxxpd donne liste chose endroit appel lieu alerte bureau credit lendemain googl page trouve information appelee finance regional donner information demande entreprise,mauvaise_qualite,faible
article achete amazon utiliser chase article carte credit amazon article membre principal article moyen achat defectueux capable retourne amazon couvrant cout expedition article commande paire pantalon qualite inferieur defectueux resoudre probleme marchand recu reponse tentative contact amazon incapable prouver remboursement payer etiquette expedition dire article remplir prive qualifier amazon prime note capture ecran article montrer article principal appele societe carte credit litige charge attente minute jamais assister delai legal assistance inefficace causer faute vouloir societe carte credit amazon remplir devoir fiduciaire depense beaucoup probleme temps pantalon cout,mauvaise_qualite,faible
bonjour rapport compte nom etat continuer essayer litige compte raison information erronee date montant statut dernier activite chance credit bureau demande revenir mettre jour croire systeme informatique essayer prendre information bureau faire compte veridiqu montrer dernier paiement completement mentir savoir compte exister rapport recemment essayer louer appartement regarder rapport droit frustr erreur incapacite resoudre probleme bureau faux lire loi fcrer comprendre violation droit consommateur pler aider resoudre probleme joindre copie rapport compte copie reponse bureau credit besoin information supplementaire preuve identite vouloir contacter,mauvaise_qualite,elevee
emploi postuler entreprise deposer cheque retrait envoyer cheque directeur regional transformer faux payer banque rembourser argent maniere compenser faux cheque banque ferme compte probleme mettre activite frauduleux antecedent credit capable ouvrir compte bancaire ailleurs desole produire but rembourser argent impression banque faire vouloir prendre activite frauduleux antecedent credit banque acheter maison,mauvaise_qualite,faible
poste vente machine souder client contacter donne numero telephone texte machine contact demander beaucoup vouloir machine souder prix convenir aller envoyer cheque banque prix demenageur livrer machine new york jour recu montant cheque banque usp courrier prioritaire chequ depose express jour chequ compenser appele banque confirmer cheque bon confirmer probleme argent banque not inquiet temps faux client contacter demander envoyer solde demenageur venir ramasser machine zelle transfert fonds transfert jour recu avis banque chequ banque deduire compte fonds essayer reprise contacter fraudeur evidemment repondre appele depose plainte chequ cas zelle reclamation recherche zell transaction internet arriver beaucoup zelle rembourser jamais zelle web onglet lateral comprehension fraud arnaqu paiement autoriser generalement capable recuperer argent reference cas corps hack ordinateur evidemment fraude crim adresse mail nom nom destinataire,mauvaise_qualite,faible
recu reliacard banque concu transmettre allocation chomage etat colorado beneficiaire age retraite applique allocation chomage ressembler faux carte ressembler vrai lire internet arnaqu flot envoyer carte senior ordre obtenir argent principal preoccupation carte activee contacter ligne bancaire mourir fois essayer appeler,mauvaise_qualite,faible
probleme connexion application semaine pret hier verifie site web site web rappele annee derniere recevoir formulaire document papier pouvoir appeler obtenir reponse automatique beaucoup interet payer vouloir formulaire documentation papier fonctionnement site web verifie societe plainte inquiete payer mensuellement faux entite aimer obtenir declaration mensuel declaration annuel papier,mauvaise_qualite,faible
bail prefer commercant prendre argent compte bancaire connaissance consentement essayer contact paiement effectuer dossier dossier payer fois verifier boite lettre facture mois payer appeler obtenir faux adresse mail fois envoyer adresse mail mail revenir incapable envoyer vrai adresse mail marchand location prefere affilier,mauvaise_qualite,faible
transfert argent retrait especes alle ria emplacement transfert argent choisir montant transfert usd verifier argent rentrer maison remarque faux facture appelee ria refuser donner faux pile argent ete touchee être rentrer maison decompte savoir intentionnellement grossier premiere fois essayer utiliser emplacement service ria,mauvaise_qualite,faible
accepter offrir sollicitee essai adhesion transunion mensuel annuler adhesion lien annuler essayer annuler mois transunion faux lien annuler adhesion cliquer lien rien essayer douzaine fois mois simple recherche googl option plainte annuler appel essayer attente forcee long attente obtenir agent anglais bien entendre agent conteste donner long divagation inutile tentative solliciter frustr pendre recours collectif attente produire,mauvaise_qualite,elevee
lettre recue datee dette supprime rapport credit essaye appeler numero fournir arnaqu dirigee service telephoniqu utiliser numero dette initialement supprime rapport credit refuser payer credibilite excellenc dela croyance mauvais montant faux numero atteindre,mauvaise_qualite,faible
astra recovery serv refuser supprimer compte frauduleux rapport credit preuve vol identite donne fournir identification pret personnel numero securite social prendre violation donnee faux contrat signature identification,mauvaise_qualite,faible
verifier credit resultat negatif credit savoir chose vouloir supprimer compte credit conteste supprimer faux compte,mauvaise_qualite,faible
bonjour nom arnaqu majoritairement contact demande contact bureau protection financier consommateur cfpb hier departement contact etat departement bancaire contact besoin quelqu aider resoudre probleme offrir opportunite publicite fournir cheque depose compte malheureusement banque banqu ameriqu cheque effacer suite retirer argent chequ terminer dette contrefaite raison fraude cas departement fraude banque service police local appele banque reprise arreter transaction retraire depot banque mettre geler compte autoriser depot aller autorisation compte bancaire fraude autoriser argent aller compte comprendre banque autoriser activite compte fraude essayer arreter continuer argent compte perdre cheque paie semaine essayer economiser cheque relance malheureusement disponible aider changer compte ir raison surcharge banque garder cheque relance besoin terriblement temps savoir atteindre aider resoudre travail heure soin sante ete reduite raison covid desespere arreter banque prendre cheque besoin survivre temps,mauvaise_qualite,faible
annee dernier victime vol identite supposer quelqu utiliser nom identite devenir collection trouver rapport police complet rapport vol identite ftc identifier vol lettre litige copie rapport credit loi credit equitabl acte ftc avis fourniture copie identite info faxe numero fax fournir envoyer preuve joindre avance rapide semaine agence evaluation credit collecteur service temp supprimer rapport credit service supprimer autour pensee cauchemar bien avance rapide aujourd recemment obtenir appel telephone societe recouvrement appeler departement rapport credit supprimer bien collectionneur original vouloir supprimer vendre agence recouvrement dept rapport credit societe recouvrement appeler dire devoir dette actuellement refuser fin envoye documentation necessair preuve vol identite note cle aimer fournir pler beaucoup telephone accord information fou voir clairement fraude jamais vecu kansa compte jamais vie clairement difficile voir lieu vecu question representer telephone,mauvaise_qualite,faible
concerner plainte banque ville processus contestation injuste resultat transaction frauduleux compte recemment conclure accord commercial achat depanneuse reparation automobile commande service achat depanneuse vente enchere depanneuse entreprise presume effectuer transaction monetaire commande carte credit finaliser transaction camion livraison achat camion carte credit carte credit carte credit montant supplementair facture achat reparation reclame commercer societe carte citi gere argent reclamation cout inspection presum comportement frauduleux suspect agence reclamer retrofacturation societe carte credit documentation approprie prendre mesure equitable examen complet documentation evident citibank fournir resolution vague litige commercant favoriser accepter faux document frauduleux document legitime commercant citibank pretendument acheter pretendument livre ete acheter aide cheque banque commercant fournir faux pur non verifie,mauvaise_qualite,faible
devoir adresser tribunal federal hypotheque debut maison forclos faux pret transfert signature poursuivre rentrer maison essayer resilier salaire contact maison terminer societe recouvrement harcele exiger retourne tribunal regle ete vendre selene financ alle juge federal ordonner hypotheque ete periode paiement mois recu paperasse commencer payer hypotheque signer paperasse redige maniere incorrect mois payer encaisser cheque banque silencieusement ferme papier avis repondrer question envoyee courrier lettre certifiee texa preuve propriete maison reponse pourferm maison vouloir savoir maison conformer ordonnance juge federal reponse hypothecair savoir titrise commentaire aider pler,mauvaise_qualite,faible
carillon banque incident distinct client capable utiliser aucun carte debit carte credit cours dernier mois recemment atteindre carillon carte debit refuser suffisamment fonds essayer nier probleme continuer envoyer preuve capture ecran probleme marchand presse probleme repliqu marchand carte credit debit defectueux demande carte credit carillon transaction bancaire client achat effectuer aide carte credit carte metal emis clair carte metal probleme unique remplacer circonstance demandee prendre mois faire achat suite enquete communication coupee carillon envoye mail dernier jour impossible utiliser carte debit credit compte argent depot direct aller impossible acheter mandat loyer impossible acheter epicerie ligne telephoniqu etat volum appel eleve reponse essayer chercher reponse ligne bot ligne derniere semaine temps multiple mail service client reponse besoin aide compte bancaire bloquer gele probleme incroyablement frustrer cinquiem fois mois carillon fonds membre responsabilite fin,mauvaise_qualite,faible
contacter citibank montant retrait non autoriser produit compte courant citibank signaler fraude dept citibank victime escroc appel signaler escroc appele employe reclame nomme offrir aide ajouter fonction securite proteger compte marche installation programme appele application ordinateur portable appele logiciel telephone portable partenair capable acceder ordinateur faire retrait compte chequ citibank telephone tracage escroc ordinateur arreter obtenir compte ordinateur telephone portable heure terminer enquete alerte appel recu banque tentativ non autorisee retirer argent compte courant bloqu appele verifier identifiant employe partage faux identite escroc realise compte bancaire compromettre programme desinstall ordinateur portable application supprime telephone portable immediatement escroc appele fois deconnecte accer lien ordinateur portable appel telephone portable recu identifier appeler citi effectivement gener citibank date service fraude deposer litige retrait citibank enqueter contact demande chance cou,mauvaise_qualite,critique
contacter experian faux information placeer rapport credit demande entreprise mener enquete systeme information attirer attention adresse nom nom systeme adresse vouloir supprimer rapport credit place mener enquete reell agent erreur orthographe investir question essentiellement demande orthograph nom adresse mettre rapport credit extremement contrarie vouloir supprimer enregistrement endommager faux information detruit vie,mauvaise_qualite,faible
quelqu utiliser identite pret carte credit payer montant incroyable compte dur enquérir serieusement besoin aide connaitre confiance insensee pler aider vie difficile recevoir faux lettre banque approuvee recu carte credit faux travail supposer reparer croire besoin fonds roulement entreprendre faire refuser supposer acheter maison savoir voiture bientot repo obtenir aide pler reparer numero telephone travail savoir,mauvaise_qualite,faible
troisiem association federal pret epargne cleveland troisieme adresse federal comte floride hypothequ instrument livre page date depot comte floride garantie special acte instrument livre page conceder transmettre beneficiaire propriete page joindre acte match propriet decrit acte droit transmettre description legale page joindre garantie special match description legale autorisation document page reponse lettre troisiem plainte pret epargne federal defectueux date ours signature reponse lettre lire joint piece plainte conseiller cfpb applicable agence regulation hypothequ propriete conceder droit transmettre demander cfpb occ applicable agence regulation prendre mesure immediate direct troisiem federal modifier description legale concedant hypotheque propriete correctement refletee not hypotheque document voir page page joindre acte garantie comparaison description legale assistance immediat question lettre reponse troisiem federal joint piece lire ours date signature cfpb bureau,mauvaise_qualite,faible
contacter service recouvrement allier dette dollar nevada devoir jamais numero client donne resoudre probleme rien essayer verifier information personnel signee immediatement surveiller entreprise possibilite vol identite excellent acsi mettre rapport credit dette signaler dette simplement bientot mettre dette dollar rapport credit dette reiterer rapport premier deranger changement faux representer societe societe vraiment dette besoin fermer porte coincidence malheureux amene pratique vol identite horrible surveille,mauvaise_qualite,critique
autour litige initier decouvrir montant transaction resultat recevoir produit defectueux essentiellement commercer fournir commande produit gratuit defectueux specifiquement canape sectionnel decouvrir litige apparemment ferme compte ligne envoyer correspondance considerer information envoyeer poste boite postal illustree recu date joindre decouvrir representant allegu recevoir documentation joint accuser reception appele litige compte ligne reflete litige ferme demande superviseur revenir heure date reception rappeler superviseur appele statut cheque litige fax piece justificatif suivre representant rayon communiquer charge phase litige revenir compte compte refacturation compte presum superviseur assurer surveiller compte charge revenir compte aujourd superviseur presume communiquer documentation soumettre fin compte communication ete inefficace resolu probleme,mauvaise_qualite,faible
bien fargo banque envoye message dire activite inhabituel fin carte numero reclamation fargo detection fraude dept charge min arreter fichier carte reclamation envoyee carte lendemain obtenir carte mois remplissage litige remplir aucun litige frauduleux mettre faux reclamation ordre acheter envoye obtenir fichier reclamation recuperer reclamation non frauduleux frauduleux banque compte obtenir carte mois utiliser compte compte ferme jamais ouvrir compte bien fargo banque jamais argent compte ferme dire charge revenir rien lire ordre commercial facture commande article conteste mois reclamer argent bancaire jour contrat entree comptabilite appele accord application etat divulgation complet homme vivre faire montant litige compte chose mal monnaie conteste numero entree comptabilite bancaire frauduleux vague dose raison faire accord application inyo contrat juridiquement contraignant indiquer droit reserve ucc homme vivre unique beneficiaire,mauvaise_qualite,elevee
achat article page web appele utilisation autorisee paypal article trouver site web faux essaye communiquer e-mail temps jamais recu reponse soumettre reclamation paypal refuser dire facturation litige enquete donne montant compte credit ordinateur payer jamais recu lendemain paypal envoye argent supposer plainte demandee ete rappelee demander reprendre credit recu argent rembourser paypal recois mail appel telephoniqu paypal dire compte deficitair compte gele recevoir paiement appele quelqu plainte annule retournee paypal remboursement banque hier recherche processus rien mal devoir paypal recu argent essayer reprise departement limataton paypal mettre attente jamais revenir honnetement savoir,mauvaise_qualite,faible
notifier societe surveillance credit montant collecte affiche credit service collecte nom societe enquete apprendre affili compte telephone portable equipement utiliser numero securite social vole processus creation compte affilier prendre copie identification suspect affili executer verification credit affili executer verification credit utiliser ssn vol compte refuser verrouillage place societe credit annee admettre ensemble compte frauduleusement temps pointage credit eleve chute heure travail date travail reparer fichier rapport credit rapport police rapport ftc concerner long prise supprimer information frauduleux credit affilie engager pratique contraire ethiqu impliquer ouverture compte stupefier croire necessair enqueter completement ignorant compte frauduleux an semaine informe autoriser service lever soleil lieu collecte avi credit suspect utiliser ssn utiliser faux adresse adresse adresse professionnel client ligne fixe annee payer temps compte verifie exister,mauvaise_qualite,faible
emploi offrir donne cheque frauduleux depose banque americain societe entreprendre arnaquee emploi banque americain declare aller proteger cas client fraude cheque permettre faux cheque depose cheque verifie bon permettre retirer argent depose rapport police arriere banque americain audac compte tenir charge offs credit ruine besoin compte arreter signaler depot plainte bureau credit majeur cfpb ftc societe accepter plainte inacceptable donner banque americain chance bon chose fermer compte arreter completement signaler plainte dossier credit prendre loin besoin aller faire retirer rapport credit envoi lettre faire savoir gars vouloir venir pler arreter signaler bureau credit attente reponse,mauvaise_qualite,elevee
mois mois bail ancien appartement notifier gestionnaire quitter mois prochain contrat anglais bien demande frere mieux anglais gestionnaire bien notifier dernier jour appartement frere confirmer dernier date deduire frais depot accord avoir demande ecrire bien mettre ecrire frere alle lendemain boite deposee exterieur bureau bureau ferme heure deplac appartement abandonner cle bureau recu lettre appartement demander loyer presque frais donner avis payer mois dernier mois sejour considererer besoin mois notification charge mois periode notification essayer gestionnaire menace payer agence recouvrement ruiner credit attendre poursuivre justice tribunal envoye faux facture agencer recouvrement jamais contacter ecrire jamais appele faux facture manier evident utiliser pouvoir menacer profiter faible competence communication linguistique,mauvaise_qualite,faible
recu document montant facture chose dire devoir interet wagon societe cot professionnel petit mot moitie departement bureau tresor service fiscal service actuel service fiscal exceptionnel delinquer obligation federal nom departement sant service humain place compte agence recouvrement avocat impliquer numero cas mensonge argent obtenir presque reglement donne cheque trouver cheque ameriqu mentir bien disant mensonge payer illegal frauduleu faux faux privilege genere procure signe faux frauduleu alleguer collecteur dette resultat vol identite decharge immediatement contester validite facture faux dette hdc connaissance defaut instrument instrument secondaire instrument direct agent suppose donner paiement donner repos essayer creuser accord prendre montant argent service execution reglement chequ venir fiance volontaire illegal etranger action malveillant essayer profiter gentil avocat poignarder dos montant abusif fraude fonds frau,mauvaise_qualite,critique
contacter banque alliee demande extension joindre precedemment contestee paiement retard signaler banque alliee envie represaille plainte valeur taux endettement titre inverse lese raison fraude agence vente piece prendre commerce voiture revente vehicule autorisee remplacer piece defectueus appeler vehicule citron dire coincer auto valeur bien valeur citron identifier rapport empecher vehicule vendre vehicule vendre fournir faux rapport indiquer probleme rappel airbag cas voiture prendre vehicule georgie effectuer travail garantie occasion distinct directeur vente contacter acheter vehicule bon etat dossier entretien finalement devenir interesse echanger vehicule ressort responsabilite acceptee concessionnaire tomber cas demande prolongation provisoire honneur banque alliee,mauvaise_qualite,faible
societe rapport credit systeme credit sud ouest appeler jour jamais message numero bloc rappeler numero regarder ligne centaine personne beaucoup faux dette,mauvaise_qualite,faible
verifie boite postal carte debit citibank contact immediatement figurer jamais traiter citibank definitivement jamais compte courant appele compte trouver compte ferme contact departement vol identite jour ferme vacance necessair atteindre compte ligne voir lot fraude compte personne ouverture faux compte caisse chomage mettre compte dire fonds venir aujourd verifie boite postal compte chequ appele numero vol identite donne inutile premier fois appele lieu geler bureau credit demande deposer plainte sembler prendre serieux,mauvaise_qualite,critique
arnaqu essayer louer appartement escroc envoye cheque banque loyer depose chequ envoye difference cheque depose devenir faux contacte poursuite essayer annuler transaction rien initier transaction,mauvaise_qualite,faible
demande pret soumettre doc hypotheque residentiell primaire nmls regarder doc fiche paie pret approuver evaluation salaire date cloture bientot conseiller agent credit nmls mari travailler temps plein actuellement temps plein bientot chequ paie soumettre clairement mari employe saisonnier agent credit pointu temps plein amende payer evaluation acompte jour cloture agent pret revenir avoir ligne directrice pret chang fha gouvernement besoin mari pret temps plein approuver doc pret venir faux entreprise obtenir approuver rien approuver cloture journee admettre fois attrape couter temps argent cout evaluation cout pre demenagement avoir cout informatif rembourser faute declare agent immobilier bien envoye mail dire pouvoir rembourser temps investir,mauvaise_qualite,faible
rapport police depose rapport police realiser compte notifier banque etape negativ succursale trouver compte bloqu carte fichier travail litige banque fournir information revenir information utiliseer chequ depot faux signature correspondre retirer compte fonds consentement besoin aide cause information vendre societe appelee bloquer ouverture compte bancaire mal nom compte bancaire,mauvaise_qualite,faible
lettre recue well fargo banque well fargo nom compte adresse lettre compte informe cheque depose compte encaisse soupconne contrefacon identite well fargo fraude habile nom compte depose faux cheque faux compte appele immediatement recu lettre demande operateur identite fraude habile ligne demande fournir direction venir partie mesur securite eviter produire tentative identite fraude habile nom fournir arriver grand preoccupation nuire situation financier garder document accer prive acceder information electronique mot passer protege,mauvaise_qualite,critique
abonnement payant abonnement mois cout total entreprise envoyer colis mois mois mois retard attendre mois supplementair obtenir colis colis arriver venir produit mauvais qualite article manquer mois prochain paquet chose article air mauvais qualite decid demande remboursement bon service client fichier litige compte bancaire raison manque communication cas ferme argent perdre societe arret envoyer produit envoyer colis envoyer mise jour journal compte voir historique commande abonnement precedent obtenir,mauvaise_qualite,faible
capital one appel telephoniqu enregistrer demande impliquer essayer faux situation complice agent force ordre voler carte debit lettre retourne capital one plomb complice appel jour crime bavardage prof essayer ensemble,mauvaise_qualite,faible
equifax autoriser journal raison nom utilisation entreprise verifier nom utilisation entreprendre exemple presenter abreviation raison verifie demande verification defectueux mur operateur superviseur actualiser question verifier maniere reparer systeme defectueux pler aider,mauvaise_qualite,faible
gestionnaire hypotheque arvest hypothequ central applique nouveau frais fax declaration recent actuellement frais fax compte reconnaitre processus paiement deuxieme appele arvest frais encourir suivre collegue rappeler detail heure appele deuxieme arvest associer aujourd mesure prendre contact collegue declare frais applique simplement numero erreur compte prendre soin incapable reperer etat prendre compte concerner franchement contrari type comportement predateur arvest demande associer produire detail numero applique compte appel probablement savoir payer frais predateur illegal concerner compte evalue frais errone croire totalement inexplicable discretion arvest appliquer faux frais illegal compte attendre proprietaire compte assurer frais être supprimer penalite pire apparer arvest engager comportement illegal recevoir argent retourner dommage,mauvaise_qualite,faible
faux agence information consommateur appelee sagestream llc pointage credit entraine taux interet beaucoup eleve savoir faux rapport credit legal,mauvaise_qualite,faible
vendredi recu texte bien fargo demander verifier activite carte immediatement regarder information compte ligne fargxxxx atm retrait heureusement retrait refuser numero appele faire savoir frais frauduleux carte demandee charger charge charge charge one fargo atm demande carte oui demande donne carte quelqu carte annulee suite attendre minute reclamation refuser choqu rapide decide declin reclamation supposer cas refuser malheureusement transaction produire washington actuellement direct washington supposer banque enquete approfondi beaucoup argent voir pandemie penser utile precher site web reponse impact jour alle bien fargo banque quelqu telephone vraiment manqu trier empathi situation croire nom asseoir discuter arriver surprendre examiner cas minute demande faire faux carte oui hacker skimmer obtenir information aide soumettre demander avis entendre quelqu entendre,mauvaise_qualite,critique
ecrit protection contre fraude fournir chase annee precedent achete utiliser carte credit chase nom marque chaussure bien connaitre site marque clairement site precedemment montre vente vente rare chaussure achetee semaine prochain chaussure arriver atteindre detaillant enregistrement achat place devenir clair discussion fabricant correspondance mail fournisseur site web falsifier confirmation produit contrefaire clairement fraude chass annoncer protection contre fraude enquete confirmer paiement effectuer systeme construction entreprise transaction clairement frauduleux chass refuser honneur protection contre fraude excus paiement effectuer entreprise pressee poursuite garder mot bien detailler contrefacon protection contre fraude chasse aujourd experience porte carte jamais retenir couverture contre fraude vrai fraude clair jamais mettre reclamation similaire chasser,mauvaise_qualite,faible
recu appel fraude enqueteur quelqu essayant emprunter nom donne dob numero permettre conduire copie demandee licence envoyee mail faux mauvais date expiration jeune homme photo recu couple lettre bancaire refus demande pret faire ignor contact experian demande gel securite trouver demande pret autoriser,mauvaise_qualite,faible
abbott osborn echoue valider jour dette document original mentir juge donneer trompeur autorisation utiliser demandeur faux nom document legal droit auteur brevet marqu violation courrier rayer faux processus serveur intrusion fraude fil courrier soupconne harcelement pandemie violation loi pratique recouvrement dette echec validation jour dette document original ignor cesser abstenir ordonnance fraude courrier electroniqu soupconne harcelement pandemie equitabl pratique recouvrement creance violation loi echoue valider jour dette document original ignor cesser abstenir commande fraude courrier electroniqu soupconne harcelement pandemie equitabl pratique recouvrement creance violation loi,mauvaise_qualite,faible
arnaqu essayer louer maison commencer alle banque obtenir argent recevoir payer recevoir argent regarder gars arnaqu clairement passer bien fargo correspondance compte considererer echange frauduleux dollar perdre joindre faux e-mail bail bien mene nouveau maison besoin argent savoir part,mauvaise_qualite,faible
accuser frauduleusement faux entreprise ligne montant citibank enqueter affaire appelee enquete induire erreur enquet cas ferme recuperer argent deuxieme occasion signaler meilleur achat compte facture chose achat faire venir mensonge total donner client credit provisoire echouer enqueter affaire citibank assurer gouvernement federal gagner argent client banqu argent individuel securis institution argent faim obtenir argent client bon banque falsifier information induire client erreur annee bancaire paresseux incompeter chose,mauvaise_qualite,faible
continuer recevoir courrier indesirabl formulaire mail envoye lettre demander arreter recevoir courrier indesirabl jour femme ordonner arreter lettre appel femme probleme transfere illegalement compte argent faux compte,mauvaise_qualite,faible
compte frauduleux essayer reprise faire prendre charge obtenir document ordonnance tribunal bureau procureur montrer quelqu utiliser faux identite,mauvaise_qualite,faible
savoir probablement petit victime fraude chequ contrefaire banque emploi faux cheque mauvais numero acheminement signaler suite place compte bancaire suivre protocole bancaire resoudre preuve evident chequ contrefaire mauvais numero acheminement mauvais cheque stock mauvais adresse banque argent enquet facture automatique payer carte credit cheque contrefait connaitre numero acheminement reussi chequ traire prendre compte courant signaler coordonnee,mauvaise_qualite,elevee
signaler information frauduleux credit compte montant compte reprise contacter consentement ouverture compte annee scolaire compte quelqu utiliser information photo inscrire compte fraude besoin compte deuxieme montant compte compte consentement utiliser adresse social numero telephone compte supprimer troisieme compte montant compte compte essayer contacter suppression compte consideration temps dur raison paiement covid solde regle repondre besoin supprimer demande frauduleux difficile besoin credit supprimer temps dur temps raison fraude temps covid faux credit publication compte supprimer,mauvaise_qualite,faible
bonjour continuer mettre compte pret automobile quelqu vole identite cree faux carte identite achete nom vehicule contacter fois continuer ajouter compte rapport credit rapport equifax faux rapport compte autoriser besoin supprimer compte arreter remettre illegal ajouter faux information rapport credit quelqu creer faux carte identite posee continuer mettre compte rapport credit compte usurpation identite victime compte frauduleux continuer placer rapport demander arreter placer compte rapport equifax autoriser preter pret automatique violer droit civil poursuivre prendre compte rapport credit equifax jamais vouloir affaire aider information frauduleux continuer insister jamais compte illegal continuer ajouter faux compte rapport solvabilite vouloir supprimer compte contacter loi poursuivre justice affidavit vol identite soumettre aider supprimer proce depot compte frauduleux vouloir supprimer,mauvaise_qualite,elevee
appele paypal carte prepaye depense net depot paie compte courant frais discu zone entreprise frais recurrent venir lieu hote faux entreprise langu mer difficile comprendre donne reponse correct reponse utile commande remboursement argent resoudre probleme pler aider,mauvaise_qualite,faible
cartouche achetee cartouche epicerie vente voir carte credit article achete politique autoriser client article temps magasin decouvert cartouche defectueus tentative dimanche epicerie situee recu original parler femme gerant magasin politique chang coronavirus produire accepter retourne bien produit pouvoir changer politique effectuer achat retourner moment magasin refuser accepter clairement expliquer defectueux expliquer tousser abondamment accepter place litige transaction societ credit capitalone capitalone credite reclamant lettre envoyee chercher reponse marchand achat notifier exiger reponse voir joint recu lettre capitalon datee prendre jour autoriser repondre litige compte refacture court fenetre reponse capitalon fournir lettre reponse faxe temps opportun document justificatif copie recu original photo marchandise,mauvaise_qualite,elevee
compte courant frauduleux ligne nom arizona prochain compte professionnel banque banque essayer verifier compte faux numero telephone fournir verifier compte gel plaindre chequ provision trouver probleme cheque initialement depose payer solde final banque terminer enquete ferme compte frauduleux donne cas recommander contacter rapport police site web traiter vol identite,mauvaise_qualite,faible
lettre recue entreprise indiquer dette precise dette correct appelee essayer utiliser tactique communication loi informer quelqu dette dette original faux societe pret essayer illegalement collecter faux demander cfbp impliquer faux processus recouvrement creance contacter bureau procureur general virginie contacter cabinet avocat arreter collecter faux dette,mauvaise_qualite,faible
equifax reporting compte illegal credit compte temperament jamais emprunt argent jamais emprunt argent fcrer collecteur dette preteur envoye cesser abstenir lettre pratique trompeur approvisionnement tombe pret contrat lettre etat argent equifax declarer creancier rapport credit compte ferme accepter faux collecteur dette supprimer compte completement rapport credit point restauration pointage credit envoi copie rapport credit montrer liste pret temperament acheteur dette liste equifax pret acheteur dette,mauvaise_qualite,faible
entreprise continuer essayer utiliser faux numero heure contact jour demande arretez appeler fois idee dette vieux presque donne arret verbal abstenir continuer harceler,mauvaise_qualite,faible
cher cfpb senat illinoi cour suprem procureur general juge federal tribunal etat pler trouver plainte ancien titre republique florid fonds refu fournir compensation titre police assurance propriete situee raison titre fatalement defectueux perte total propriete anciennement fraude transfert frauduleux fraude enrichissement injuste vol propriete argent vol identite crim demande indemnisation titre politique emis souscrire xxxxvieux titre republique montant propriete volee propriete entree contrat pret mal etiquete signe billet ordre hypothequ pretendument finance achat maison jamais remettre question argent venir raisonnablement croire entrer transaction legitim loi protegee recherche tromp croire achat pret recu savoir transaction important declenchee signature signe document originaire transaction divulgue doctrine judiciaire constituer vraisemblablement transaction accord pret presumemer pret argent necessair rembourser date indiquee note attirer transaction totalement pret,mauvaise_qualite,elevee
annee plainte equifax rien mise jour correct ridiculement faux adresse vieux numero telephone obsolete interieur section information personnel rapport credit adresse publication equifax jamais vecu jamais affaire regarder adresse ligne adresse etablissement sante mental pret poursuivre equifax adresse frauduleux diffamatoire situation equifax refuser mettre jour section alerte fraude rapport credit alerte fraude vieux numero telephone obsolete equifax refuser supprimer numero telephone obsolete plainte adresse physique deplacer frequemment equifax publier long liste adresse physique adresse pertinent exact aucun adresse interieur section information personnel rapport credit corriger adresse jamais vecu particulierement derangeant outrageusement ridiculement faux faux rapport credit jamais correct indiquer adresse physique jamais utiliser adresse physique,mauvaise_qualite,faible
depose bureau procureur general arizona concessionnaire toyota partie recours collectif toyota vehicule conduire cours dernier mois conduire repare vendre rappel timing fixation toyota vouloir savoir toyota financier captif societe financier toyota differer paiement pret probleme diminution valeur vehicule non utilisation vehicule defaut remarquer plainte partie mentionner charge annulation garantie prolongee accord signifier reparer voiture annuler garantie valeur facture partie principal information entreprise nom adresse toyota telephone adresse mail adresse site web partie supplementair partie supplementair trouve aimer ajouter entreprise vouloir appuyer bouton precedent revenir arriere information entreprise page appuyer bouton ajouter plainte vouloir expliquer circonstance entourer plainte achete neuf achete principalement remorque remorquage achetee heure notifier mois rappel raison pompe carburant defectueus decrochage conduire voiture devenir probleme dangereux conduite voiture mois dernier gare condition vehicule pret,mauvaise_qualite,elevee
arnaque envoye cheque demande envoyer argent bien fargo obtenir carte cadeau remplir plainte banque chequ faux remboursement argent arnaqu aider aider transaction bien bien passer banque fargo contacter service client aider arnaqu,mauvaise_qualite,faible
bonjour acceptation credit continuer mettre compte pret automatique quelqu vole identite cree faux carte identite achete nom vehicule contacter fois continuer ajouter compte rapport credit rapport faux rapport compte autoriser besoin supprimer compte arreter remettre illegal ajouter faux information rapport credit quelqu creer faux carte identite posee continuer mettre compte rapport credit compte usurpation identite victime compte frauduleux continuer placer rapport demander arreter placer rapport compte autoriser preter pret automatique violer droit civil poursuivre prendre compte rapport credit vouloir jamais aider information frauduleux continuer insister jamais compte illegal continuer ajouter faux compte rapport credit vouloir supprimer compte contacter loi poursuivre justice soumettre affidavit vol identite aider supprimer proce depot compte frauduleux vouloir supprimer,mauvaise_qualite,elevee
nom compte usaa compte compte conjoint femme fille fille compte quelqu obtenir acce compte information connexion mot passer depot maison faux cheque gribouillage signature jour femme compte verifie remarqu activite frauduleux pirate informatique essayer acheter carte cadeau banque detenue usaa refuser charge bien petit retrait appele usaa notifier activite suspect compte necessair gel usaa achat payer carte cadeau depose rapport fraude semaine recu appel disant fraude representant surveillance ressembler fraude rouvrir reclamation hier recu appel disant usaa confirmer quelqu charge autorisee sur fille pirate usaa essayer quelqu accede compte fille responsable frais frauduleux declares realiser ressembler frais frauduleux payer argent vol,mauvaise_qualite,faible
achete tapis sol tapis rouler ligne site web utiliser carte viser well fargo tapis livre assembler probleme courir kilometre courir rouleau casse tapis rouler cesser fonctionner reprise appele mettre attente long periode long heure min attendre obtenir quelqu repondre appel video envoye devin piece defectueus attente reparation tapis rouler defectueux tentative obtenir nouveau piece installee capable utiliser tapis rouler court periode temps casser mettre attente long periode donne demissionn dechir debut annee achete tapis roulant charge faire apparaître carte credit decouverte charge charge non autorisee apparaître declaration appelee bien fargo supprimer charge enqueteur toucher visiter site web appele achat produit service autoriser utiliser but carte montant recu nouveau carte credit bien fargo activer confiance autorisee acce frais non autoriser compte origine disparaître verifier date achat elimine accer ligne recu lettre type bien,mauvaise_qualite,critique
quelqu cree faux compte mail continuer recevoir mail indiquer verifier compte compte verifie apparemment service assistance mail trouver type carte bancaire supprimer quelqu commettre fraude mail surprendre utiliser nom,mauvaise_qualite,faible
produit achete retourne defectueux mois defectueux article confirmer recu,mauvaise_qualite,faible
occasion distinct ecrire ligne cfpb essayer obtenir remarqu desobligeant supprimer rapport credit supprimer temporairement autoriser publier nom temps dur dur contacter agence recouvrement enfreindre loi rapport original creancier dette question verifie ecriture adresse physique compte plainte collecteur dette continuellement place rapport compte agence evaluation credit supprimer nom modifier entreprise detener dette reemis nom detention illegal rendre application hypotheque immobilier impossible garantie recouvrement creance verifie creancier origine montre hasard rapport credit suppression occasion separee dernier fois transunion autorisee agence recouvrement dette compte recouvrement verification appartenance autorisee faux nom collection creancier original detenteur dette exact,mauvaise_qualite,faible
service pret specialise commettre vol identite fraude vol identite signale agence evaluation credit paiement effectuer faux dette hypothecair vendre faux dette compte frauduleux verification erreur fraude flagrant stratageme racket couverture faux dossier cree aka livre cuisine avocat vereux saisir illegalement entreprise domicil comptabilite frauduleux fabriquer faux dossier cer florid couverture fraude construire voler valeur net maison extorquer argent creer faux rapport faire faux paiement commettre faux paiement vol identite dossier garder fraude vie obtenir argent accord perte part gouvernement faire faux reclamation dommage voler maison affaire deguisee violation habituel etat faux declaration loi loi code peni etat loi demande reponse ecrite,mauvaise_qualite,elevee
solde carte credit signaler rapport credit depose litige non utiliser utilisation rapport credit article supprimer rapporter rapport credit conteste supprimer temps signaler negatif equifax continuer rapport negatif article appartenir contacter reponse creancier declare litige ledit article loi etat temps litige equifax verrouille information compte vue droite information litige correct vie famille rue devoir faux information rapport tourne travail manqu maison raison grand loi requérir inpost faire travail equifax culasse information fournir information perdre,mauvaise_qualite,faible
site web envoye premiere fois site web entendre flux tourner arnaqu argent perdre moyen revenir site web heberge probablement faux portefeuille numeriqu adresse piece envoyee site web,mauvaise_qualite,faible
faillite declaree annee record demande credit non autorisee mauvais adresse signale adresse precedent annee adresse cimarron mauvais solde eleve rapport compte utilisation credit,probleme_transport,moyenne
bonjour envoye litige bureau credit information declaration incorrect multitude compte incorrect appartenir jour lettre reponse faxe telecharge courrier rien pleinement conscient milieu journee pandemie mondial reponse inacceptable point ignor bureau credit profiter situation difficile processus main œuvre demande rapport injuste consommateur traine envoye bonjour etonnement consternation remarqu entreprise reporting information vrai preoccupation raison nom commun profil fusionn quelqu profil systeme adresse rapport credit jamais vecu savoir chose faire erreur pretendre savoir calme bizarre multitude compte rapport faillite honnetement produire verifier enregistrement voir adresse correspondre dossier revision demande compte presume dire emporter divergence chose question date reference faillite statut depose montant decharge supprimer dossier public fichier credit fichier extraire utiliser acce,probleme_transport,critique
faute orthographe nom mauvais adresse rapport credit long antecedent professionnel incorrect,probleme_transport,moyenne
reliacard non activee utiliser allocation chomage ete demande envoye demande preuve fax separee compte inactif changement adresse ete cause carte envoyee mauvais adresse ete renvoyee premiere fois cause retard important reception carte demandee adresse utiliser carte personne dernier continuer faire mal enfant,probleme_transport,moyenne
facture xxxxxxxxon capital carte credit entreprise vetement luxe xxxxxxx second recu mail appele departement fraude carte immediatement minute charge effectuee montant credite enquete lancee charge postee considerer charge valide coursier entretenir utiliser detailler reclame livre appartement signe portier maison capital rien exemple montant important argent combat lancer enquete mener resultat perte heure vie sentir jete froid capital gauche debrouiller,probleme_transport,critique
mauvais nom repertorie rapport credit mauvais adresse repertoriee mauvais compte ferme repertorie jamais compte,probleme_transport,moyenne
hypotheque origine garantie assurance bien choix transporteur citer facture compte sequestr facture prime hypothecair avis impay attente annulation effectif recours payant poche recevoir argent compagnie assurance ecrit politique propriete conscient envoye payer hasard societe lieu ignorer aller hasard societe tot recu avis gere obtenir remboursement aleatoir compagnie assurance envoye rapidement envoye envoye appliquer compte sequestr payer vrai compagnie assurance savoir chose compagnie assurance jamais envoye paperasse essayer fois appeler envoye excuser date passee heure retenir systeme numero pendre fois fois entendre sonner voix fond choisir ecrit portail ligne date fournie numero telephone adresse mail contact recu reponse unique mail confirmation indiquer demande recue documentation mail confirmation envoye repond,probleme_transport,moyenne
pret refinancement etudiant recemment demenage adresse modifiee compte personnel donne nouveau adresse correct signale incorrectement bureau credit majeur bien petit probleme demande serieusement essayer supprimer ledit serieux falloir corriger fin contact serieusement adresse correct probleme fichier information inexact fichier credit information personnel envoyee courrier mauvais adresse vouloir aider corriger adresse adresse incorrect signale serieusement numero appartement manquant,probleme_transport,moyenne
http violation section contrevenant responsable affectee violation dommage subir raison violation exiger contrevenant confisquer somme dollar signe document cloture refi hypothequ recu privilege payer note satisfaite trouver dossier transfert date depose comte coin superieur gauche document enregistrement mauvais adresse adresse document legal courrier indesirabl adresse penser mauvais adresse recu chose quelqu gache document approprier depose bureau enregistreur comte envoye nfcu aide appele mail envoye message site web enregistrement aujourd superviseur envoye mail atteindre departement service payer lettre complet venir departement appele travail envoye pret vehicule departement tenir attente appeler travail contacter cfpb faith nfcu resoudre probleme impliquer,probleme_transport,moyenne
experian litige departement litige reclamation numero rapport creancier date montant gener cher plainte federal pratique recouvrement creance alleguer abusif pratique trompeur service effectuer facture echoue jour jamais envoye facture service recevoir explication habituel avantage compagnie assurance dr premier facture recue agence recouvrement interet quotidien facture cas differend appele agent assurance reclamation appelee ligne attente reconnaître agent reclamation mauvais adresse promettre soumettre facture reclamation accepter agence recouvrement poursuivre action prendre mot ignorer facture agence recouvrement attendre facture prendre action promettre appelee demande ecrite reclamation essaye contact demande succe plainte lettre appelee reponse lettre plainte frais distinct deroutant jamais numero facture detaille message telephoniqu automatise solde indique service facturation dollar solde indique solde offrir solde salaire,probleme_transport,moyenne
utiliser compagnie telephone changement compte facture permanence option origine parler facture travailleur local continuellement surfacture fonctionner probleme produire repare bien mois facture facturee alle magasin associer partir poindre fed compte temps deplacer operateur parler representer compte expliquer situation gentil probleme fermer compte aide emettre facture trop payee mois cloture compte solde impaye mois aller chercher lettre dire facture venir prendre magasin obtenir eclaircissement representant aider compte ferme appele essayer gerer situation expliquer circonstance obtenir reponse dette vendre fois essayer fois resoudre derniere bon intention payer facture etabli super plan relation bancaire avenir brillant dette essayer collecter espoir prendre charge,probleme_transport,moyenne
besoin plainte rouvrir appele bridgecrest heure date timbre telephone accroch total min fournir information demandee precedemment deposees cfpb plainte appel obtenir pauvre fille repondre appel ecoute appel place service recouvrement dette suppose transfert recupere telephone necessair adresse mettre jour lettre envoyee poste envoye mauvais adresse drole deplac transfert courrier recu lettre aujourd date inconnu scan telecharger faire savoir appeler souhaiter appel cfpb note suppression compte question bon volonte geste tentative recherche annuair employe individu exister bridgecrest demande transferer service recouvrement debit garde place attente tenter obtenir reponse prendre appel telephoniqu public impossible facile mail lettre envoyee poste proff obtenir message mentir trompe harcele bridgecrest lettre mise demeure montrer suppression compte journee mail envoye poste depot plainte violation frca adresse recue adresse mail mail bien,probleme_transport,moyenne
externalise jamais entendre travail convenir idee presenteraient recu alerte credit entreprise automobile recouvrement facture vendre societe recouvrement creance appelee synerpris jamais contacter probleme jamais envoye facture contactee acquérir mauvais adresse envoye lettre envoyee collecte processus standard envoyer lettre evenement contacter accepter salaire retirer recouvrement reclamation marque desobligeant supprimer credit semaine ajuster,probleme_transport,moyenne
equifax garder trompeusement litige probleme resolu agence recouvrement signaler mauvais adresse retracte desinformation retourne fichier raison fraude mot convenir echange supprimer enquete difficile equifax continuer demande objectif article complicite negligence information compromettant solvabilite adresse employe voyou numero telephone telephone portable mail equifax autoriser employe voyou changer fichier information ajouter mauvais adresse changer numero telephone faut,probleme_transport,moyenne
alle cours execution promotion changer fournisseur telephone portable payer solde fournisseur telephone portable actuel ligne envoyee carte cadeau convenir service changement courrier jamais payer montant impay collection declar devoir transfere jefferson capital system llc rupture facra faux declaration devoir nouveau dette contractee changement transporteur lieu besoin payer besoin supprimer credit chang promotion payer aller centre commercial jour intention changer convaincre mentir ruiner credit,probleme_transport,moyenne
recu alerte derogatoir majeur potentiellement negativ facture derogatoir majeur potentiellement negativ visite approuvee payee administration ancien combattant contacter administration ancien combattant contacter long telephone compte payer complet representer fournir detail numero cheque date envoyee paiement montant eft conjonction appel telephoniqu demande fournir lettre discutee appel telephoniqu envoye resume declaration paiement indiquer service payer litige credit entierement soumettre numero rapport experian experian resultat rester negatif fournir resume experian litige paiement surprendre demander aide ailleurs autant fournisseur etat facturer service transporteur assurance maladie autoriser payer,probleme_transport,moyenne
pret refinancer becu cooperative credit local vehicule achete occasion achete couverture assurance complet vehicule compagnie assurance national recu dernier avis banque fournir preuve assurance vehicule becu traite entreprise travail appelee verifier preuve assurance facturer prime assurance recevoir preuve assurance fournir preuve assurance xxxxxxxxx site web bien avis final manque information piece critique fournir numero reference carte assurance avis capable soumettre carte assurance site web recu confirmation mail couvertur carte assurance soumettre information appele becu centre assurance assurer recevoir preuve assurance agent service client capable confirmer couverture assurance agent deplace etat becu agent service client vouloir attendre telephone agent assurance florid confirmer preuve assurance recue notification pret facture couvertur assurance appelee centre assurance becu capable aider verification externalisee assurance appelee ligne service client agent service client,probleme_transport,critique
annee axo banque carte debit fermee hasard demi douzaine fois explication carte debit donnee compte annuler note carte autoriser jamais autoriser action refuser donner information autoriser envoye carte remplacement mauvais adresse dire adresse utilisee envoyee adresse correct montrer,probleme_transport,moyenne
service fournir confirmation assurance privee couvrir recevoir appel telephoniqu probleme fournisseur encaisser paiement recevoir communication recu facture agencer recouvrement compte envoye encaissement preavi demande litige appele fournisseur aujourd heure appel appel patient generalement courrier facture envoyer recouvrement compte suffisamment probleme collecter assurance chose aider collecter paiement envoi recouvrement contacter compagnie assurance aujourd tort croire destinataire age payer totalite facture raison faire savoir reclamation soumettre paye donne confirmation paiement confirmation paiement montant impay,probleme_transport,moyenne
depose temps chomage saisir mauvais adresse mauvais ville zip jamais jour obtenir carte bancaire carte relia commission main œuvre appliquee mettre adresse appelee quelqu rappele declare quelqu contacterait aujourd appele envoye lettre carte numero recu service entendre rien numero recu entendre rien verification changement statut depot direct obtenir depot banque argent total obtenir accer vraiment besoin faire attraper facture proprietair foncier entendre fonds carte pler aider dernier telephone,probleme_transport,moyenne
achete article societe nordstrom visa carte credit retourne article grand valeur courrier jamais probleme boite contenir marchandise montre contenir totaliser information suivi montrer date premier boite recue agent mois deuxiem boite messagerie nordstrom rembourser argent carte credit jour mouvement transporteur preavi attendre recevoir article inacceptable attendre perpetuite transporteur main probleme prendre transporteur prendre credit client souffrir payer controle article facture interet interet deraisonnable payer interet article revenir semaine clier essayer appeler fois resoudre superviseur principal enqueter service financier declare rembourser argent arreterait interet accumuler montant litige consommateur nordstrom honorer politique tracas imposer fardeau consommateur incompeter arret service messagerie,probleme_transport,elevee
soumettre annee litige equifax obtenir information incorrect rapport credit aider faute orthographe nom mauvais adresse numero telephone compte reconnaitre besoin aide resoudre,probleme_transport,moyenne
violemment malade alle medecin chose mal envoye obtenir test test demande assurance obtenir pre approuver rien payer prevu rendez collecter argent compagnie assurance temps informer franchise payer quitte bureau payer test verification reclamation fournisseur medical compagnie assurance payer compagnie assurance commencer recevoir appel telephoniqu agence national recouvrement paiement facture agence recouvrement solde facture appeler vouloir obtenir dette valide vouloir contact original entreprise pouvoir appele obtenir dette valide facture partie recuperation national confirmer mauvais adresse temps dette valide temps contester facture rapport solvabilite viole pratique recouvrement creance agir supposer informer facture faire savoir ete payer declaration collecteur dette jamais entreprise compagnie assurance payer gros cheque savoir partie payer temps payer penser prendre charge argent recu assurance,probleme_transport,critique
compte courant commun citibank ligne compte credit mari compte commun remarque rapport credit compte rapporter negativement montant charge aucun mari recu avis facture document correspondance citibank appele citibank finalement connecter representer service recuperation informe citibank mauvais adresse fichier correspondance courrier mauvais adresse washington mari vecu annee mari recu correspondance probleme courant probleme rapport credit probleme conscient rien faire representant citibank fax preoccupation departement rapport credit differend facturation differend demande representant payer montant bon representer declare option etat frais compte demande resoudre probleme representant citibank probleme fax demande departement lettre faxe departement demander resolution demande supprimer information credit negative changement compte regle reponse recue fax consequence embauche probleme correct envoye lettre,probleme_transport,moyenne
femme achat ligne produit complement alimentaire societe appelee facture recu rien recu colis travailler transporteur postal refuser livraison expediteur vouloir entreprise faire facile profiter garantie tentativ annulation achat programme entier tenter contacter service client appel repondu minute attente deconnexion agent trouver conteste travail amex inverse charge multiple societe succe fonctionner amex fermer compte femme carte reeditee numero mettre charge recurrent changement nom entreprise numero commercer soumettre charge indiquer fichier carte amex eviter ancien numero carte travail numero societ bien documente escroquerie fraude voir udl pler aider societe amex,probleme_transport,moyenne
utiliser zell fonctionnalite offrir institution financier application mobile envoyer achat chiot site web appele argent envoye numero telephone associer achat chiot payer vol voler chiot paiement recevoir confirmation paiement recu chiot donne chequ veterinair transporteur occuper livraison vol point sembler legitime recu message telephoniqu individu agence transport animal occuper livraison vol chiot demande envoyer assurance argent rembourser chiot livre sens parler fournir adresse mail site web entreprise argent prepare payer besoin chiffre chose envoye information confirmation jamais conseiller payer frais commande obtenir montant chiot payer rembourser atteindre demander remboursement donne être mesure payer vol payer donner remboursement demande preuve paiement vol vol conseiller vouloir remboursement chiot cesser repondre message texte appel ete soumettre demande remboursement reponse ete appelee information financiere,probleme_transport,moyenne
carte credit appliquee recemment refuser credit informe trouver dossier negatif rapport credit equifax prendre annee assurance continuer augmenter taux deplac fournisseur renouveler declare collection prime renouvellement tour rapporter agence evaluation credit entreprise prendre service travail payer conflit equifax rapport societe recouvrement envoyer objectif contester aveuglement rapport ete appele representer extremement inutile demande superviseur disponible irresponsabilite client credit consommation sant determine refutable donnee non verifiee client entreprise maintenir dire paiement responsable donner clairement raison enquet verifier societe recouvrement rapporter transaction premier place cours txn valide suppose changer compagnie assurance eviter antecedent credit être entache sorte logique,probleme_transport,moyenne
contacter equifax compte acce effectuer reinitialisation usine unite pensee probleme ordinateur atteindre operateur internet probleme equifax dernier representer rayon reinitialisation mot passer assister capable connecter demande mot passer connexion cot information donneer representer creerer blocage ticket entendre quelqu jour ouvrable compte connexion entendre formulaire entreprise communication capable information connexion declaration incorrect rapport credit telecharger document justificatif compte acce equifax exiger mise niveau mensuel payant abonnement command vue faire modifier information compte resultat compromettre accer violation donnee myequifax voir compte gratuit,probleme_transport,moyenne
faillite declaree annee record demande credit non autorisee mauvais adresse signale adresse precedent annee adresse mauvais solde eleve rapport compte utilisation credit,probleme_transport,moyenne
visa compte compte ferme e-mail appele envoye lettre envoyer visa releve post designe payer strictement regle banque probleme banque compte ferme reception declaration heure acce releve ligne raconte annee compte ferme ligne accer bloqu banque email bloquer banque journal ligne payer acce cas instruire occ enregistrement appel document action trouver choc employe banque tiers impliquer instruire abstenir acceder compte envoye courrier electroniqu president bureau ignorer correspondance appelee tiers appele ignorer besoin base visa ligne personnel credit cesser abstenir lettre envoyee contact bureau certifier acceder indirectement compte maniere information forme formulaire non professionnel mentir programme difficulte essayer sabotage appel enregistrer trouver montrer abstenir contacter acce poste compte xxxxhird passer etape necessair essayer paiement courrier retourne mauvais adresse declaration voir piece joindre site web banque essayer mailing,probleme_transport,moyenne
pret immobilier ferme payer integralement aujourd recevoir remboursement sequestr contact dovenmuehle occasion recevoir cheque derniere conversation derniere semaine chequ emis reception courrier fois rappele demander cheque trouver precedent telephone jamais reellement emis montant jour detenu fonds clair violation respa besoin tenir responsable tomber famille balle reprise appeler bureau service client aller force chercher conseil juridique atteindre site web systeme messagerie message envoye bonjour cloture vendre maison aujourd demander remboursement sequestr solde prendre jour recevoir remboursement attente recevoir cheque message recu cher reponse demande compte sequestr fonds restant excuser retard enregistrement reponse indiquer pret payer remboursement complet sequestre emis envoye fichier adresse postal vouloir permettre jour ouvrable arriver liberation approprie document privilege pret prepare delai envoye bureau enregistreur comte vouloir contacter autorite fiscal assurance,probleme_transport,moyenne
essayer obtenir adresse incorrect appartenir rapport credit supprimer lettre envoyee mois equifax recu courrier mouvement vouloir supprimer mauvais adresse preuve adresse residentiell joindre equifax,probleme_transport,moyenne
cher bureau protection financier consommateur cfpb deuxiem contact experian ecrit information incorrectement inexact incomplete non autorisee dossier credit premier lettre envoyee poste deuxiem lettre postee adresse domicile double mauvais adresse lieu emploi signaler incorrectement demande credit non autorisee compte credit temperament incomplet inexact creancier non reconnaître information contact compte repertorier information desobligeante trouver processus problematiqu nouveau erreur transaction pret causer probleme rapport solvabilite correctement liste cfpb nom preoccupation cfpb copie soumettre copie permettre conduire georgie adresse actuel cfpb soumettre copie cheque paie redevance refleter adresse domicile adresse precedent aucun vouloir supprimer adresse rapport appartenir erreur signale cfpb soumettre demande ecrite mauvais adresse signale adresse duplique employeur actuel cfpb soumettre copie cheque paie redevance refleter lieu emploi actuel refleter adresse domicile ple,probleme_transport,moyenne
conteste plaindre bureau credit annee dernier enquete bureau credit mene guerre apparemment signaler numero securite social consommateur face agence evaluation credit experian presente numero score beaucoup eleve credit bancaire pull produit point signaler balance beaucoup point banque inferieur pull recemment refuser approbation produit pret demande depot present telephone portable transporteur cellulaire associer bon historique paiement demande reprise bureau credit envoyer enquete rapport compte negatif jamais fournir information compte payer rapport passer delinquer souffrance passer supprimer information negative bureau credit donne annee bon chose refuser place salair guerre numero securite social garder credit prison determine prendre restaurer bon reputation bon credit merite bureau echec fin accord ternir bon reputation pler mettre jour supprimer information incorrect information source largement inexact incorrect,probleme_transport,moyenne
ftc violation mine meilleur connaissance date suppression date enquete type entreprise vent societe financement information contact bymailonly date enquete date suppression type entreprise entrepreneur renovation domiciliaire information contact date enquete date suppression type entreprise societ financement automatique information contact date enquete date suppression type entreprise banque information contact non date enquete date suppression type entreprise societ financement automatique information contact date enquete date suppression type entreprise societ financement information contact non enquete compte original creancier societ vendre type compte collection date compte statut compte origine creancier societ vendre compte type collection date compte statut statut paiement serieusement date echeance souffrance mandatair attribuer agence recouvrement conceder credit apo statut service recouvrement interne solde mettre jour solde original mettre jour paiement mensuel montant souffrance solde eleve terme mois resp,probleme_transport,moyenne
service titulaire carte chase apparer retenir remboursement montant vol achete aide carte credit,probleme_transport,moyenne
tentative correction mauvais adresse liste experian liste adresse frauduleux adresse direct adresse jamais vecue lettre envoyee certifiee demander experian supprimer lettre compte rapport credit experian appartenir bien recu document original experian fcra prouver compte appartenir compte supprimer,probleme_transport,moyenne
carte credit nom mauvais adresse saisir contact trouver midland funding llc collecter argent compte frauduleux,probleme_transport,moyenne
vendre vieux dette factur telephone portable societe recouvrement creance actuel utiliser temps societe transport telephone portable declarer faussement vente societe recouvrement creance affecter continuellement credit pointage credit vie chance reduite amelioration solvabilite statut limitation dette devoir,probleme_transport,moyenne
signaler mauvais adresse,probleme_transport,moyenne
lettre envoyee poste bureau credit differend information frauduleux inexact rapport credit rapport obtenir reponse probleme resolu jour echec conformer lettre bureau credit repondu information inexact supprimee conteste mauvais adresse dossier credit appartenir transunion violation droit repondre lettre jour souffrance lot compte frauduleux inexact pler supprimer negatif compte inexact mauvais adresse,probleme_transport,moyenne
demande assistance suppression rapport credit collecte errone subir correct autoriser consulter medicalement veteran couvert payer reclamation medecin paiement accepter considere paiement complet erreur salaire aujourd decouvert fournir salle operation envoye reclamation mauvais adresse fournisseur entrer place adresse reclamation appele conseiller soumettre reclamation premier demande dudit compte travail arreter collecte agence aargon agence aargon refuser arret collecte pointage credit compte chute point aujourd appele aargon agence collection collection resultat compte rapport credit depose septieme litige aujourd train essayer collecter acceptation paiement aargon collection solde agence facturation facturation individuellement difference calendrier paiement illegal remercier attention question,probleme_transport,critique
document soumettre soumettre deuxiem fois mauvais adresse nom compte,probleme_transport,moyenne
reference compte bancaire terminer mail annee dernier demenage californie releve reception remplir formulaire usp officiel demenagement courrier capable livrer adresse residentiell demenage annee dernier appartement familial transporteur postal livrer courrier traverser ville centre postal recuperer courrier faute reception releve demenager dernier minute cote perturbateur temps payer reception releve historique paiement excellent paiement,probleme_transport,moyenne
compte chequ fiducie chequ requérir compte chequ blanc emis banque ordonner banque chequ blanc adresse incorrect chequ blanc intercepte quelqu ecrit cheque frauduleux drainer compte date total declaration alerte appel avis envoye conseiller fraude compte probleme compte ligne pret utiliser fonds appele service client assistance compte connexion enregistrer compte compte argent negatif compte facture frais solde faible frais cheque immediatement reclamation telephoniqu service reclamation depose rapport police appele banque recu fraude paquet informe reclamation refusee soumettre litige dire envoyer chequ command mauvais adresse immediatement recu deuxieme refus vouloir honorer commande fraude chequ commencer,probleme_transport,critique
mauvais adresse compte,probleme_transport,moyenne
affichage mauvais adresse nom adresse compte ajoutee,probleme_transport,moyenne
nom date naissance adresse ssn information appartenir quelqu erreur vol identite erreur vol identite rapport vol identite depose numero compte reference associer rapport credit reapparu compte equifax supprimer rapport credit reapparu negativement partag documentation utiliser creancier tribunal chercher action justice debut affaire civil serieusement alimenter arriere declarer compte responsable aider information personnel obtenir mail vole numero telephone adresse information associeer numero compte correspondre information personnel exact mauvais adresse numero telephone ancien acce mail pirate raison associee bureau protection financier consommateur cree compte ligne mail cree ete pirate mail vole,probleme_transport,moyenne
cher credit cfpb cours credit matin choqu etonne gars echoue resoudre probleme supprimer information personnel erronee credit nom variation erron adresse inconnu mauvais nom adresse inconnu compte inconnu envoye demande document support montrer continuer rapport information erronee echoue resoudre probleme bien negliger simplement demande obtention information continuer rapporter mauvais nom vouloir corriger nom afficher piece joindre supprimer adresse inconnu supprimer mauvais nom nom variante supprimer liste compte inconnu vouloir corriger,probleme_transport,moyenne
pret achete xxxxxxx pret pentagone federal loi cooperative credit etat new york police assurance vehicule ajoutee police limite vehicule exce exigence preteur couverture minimal remarqu charge ajoutee principe pret appele ajouter assurance ecart cpi precedemment achete penfed contact sembler comprendre erreur partie demandee telecharger carte assurance carte montree politique lieu voiture conduire beaucoup mois passer ajustement declare besoin fixe confortable continuer payer chose interet exister faire double paiement garder compte jour assurance declaree transporteur penfed assurance fournir inexister envoye politique carte identite avis connaissance consentement semaine centiem fois appele pendre rappele donne courir partout departement frais supplementaire assurance agir predateur way point assurance jamais necessair requérir acheter assurance preteur frappe cerf xxxxxxx soumettre reclamation compagnie assurance rapidement estimation effectuee paiement,probleme_transport,moyenne
abonnement macy carte credit frappe dur score credit impeccable raison erreur insouciance facture achat equipe macys macy charge cart credit approbation ponctuel magasin abonnement macy echoue livrer releve carte credit recu effectuer paiement final complet recevoir identifiant releve carte credit excellent dossier remboursement effacer jour echeance reception information score credit inferieur consulter pret bancaire service client macy informer carte annulee releve carte debitee demande reponse declaration personnellement visite magasin renseigner informe solde emis imprimerie montant initial paiement mentionner detail deraisonnabl trouver departement service client macy carte credit releve envoye mauvais adresse mail releve alerte message texte envoye erreur terrain cree bureau score credit inferieur dossier paiement impeccable vouloir consulter piece justificatif joindre,probleme_transport,moyenne
trouver nom compte compte prepay marier compte inxxxx nom compte prepay annuler femme ajouter service telephoniqu utilisateur autoriser ajouter nouveau ligne numero service actuellement documente appel confirmer information envoyee message texte date numero service ajouter option mail demande ouverture compte erreur compte nom cree frauduleusement maniere important femme autorisee regarder copie rapport credit erreur facturation hopital compagnie assurance prendre soin remarqu collection externalisation convergent connaître operateur telephoniqu ajouter service effectuer paiement formulaire reflexion passer mise jour rapport credit remarqu compte collection negatif rapporter date femme appelee externalisation convergent trouver information representer non professionnel grave barriere langue pret aider decide atteindre voir capable obtenir information temps trouver compte compte prepay compte ferme consentement autorisation femme seve,probleme_transport,moyenne
carte envoyee mauvais adresse,probleme_transport,moyenne
rapport adresse erronee jamais associer croire resultat vol identite adresse new york incorrect,probleme_transport,moyenne
plainte probleme equifax continuer visage equifax entretien eleve effort continu partir assurer rapport precis reflete rapport equifax equifax agence evaluation credit personne utilisation force reponse precise information opportun partagee institution financier courir rapport credit mois abonner equifax remarque apparaitre section dossier public rapport credit equifax savoir entreprise fournir appele voir dame telephone bureau credit compagnie assurance fournir transporteur information transporteur appeler appeler premiere vie auto habitation compagni assurance habitation annee appliquer type enquete assurance arriver dame fournir information pertinent equifax post information rapport credit section dossier public rapport cicatrice rapport financier criminel vie entier chose equifax passer heure essayer garder rapport credit regle equifax continuer signaler faussement mensonge historique credit continuer obtenir pret financier client insatisfaire equifax depenser,probleme_transport,moyenne
reparti medecin bureau affaire collection rapporter agence evaluation credit resultat dette service medical fournir dette contestee assurer couverture patient fournir installation assurance resulter detecte annuel informe deuxieme service requérir ajout signe requérir joint affectation avantage ordre recevoir service medicalement emotionnellement essayer temps reclamer raisonnable desempar assumer service installation resultat annuel jamais donne option litige dette mois service employeur chang compagnie assurance jamais entendre avancer dette assignee medecin bureau affaire procede rapport recouvrement creance agence evaluation credit impact negatif resultat credit demande recent medecin bureau affaire verifier dette fournir autorisation partager information medicale personnel tiers soumettre joint cession avantage atteindre verification validation medecin bureau affaire pratique recouvrement creance vouloir consulter joindre fournir apercu aider resoudre probleme amiable medecin entreprendre,probleme_transport,critique
lettre recue service recouvrement credit argent croire police assurance automobile precedemment detenu assurance progressif appelee societe representer nommer demande montant represente conseiller compagnie assurance renouvellement politique temps expliquer precis conseiller progressif annulation police raison augmentation significatif commencer chercher assurance payee fin police date demandee envoyer copie page declaration nouveau police fournir numero fax envoyer information envoyee date deplace continuer recevoir notification agence recouvrement rappele xxxxxxx heure parlee rappelee page declaration envoyee telecopie conseillee chercher fournir mise jour semaine parler preoccupe appele assurance progressif representer nommer demande envoyer copie page declaration mail confirmer date entree vigueur nouveau politique envoyee envoi document appele confirmer heure conseiller besoin soumettre demande ecrite annuler politique,probleme_transport,moyenne
compte ecart ferme reclamation compte annuler donner reponse voiture totaliser compagnie assurance chequ jour attente cheque jour trouver compagnie assurance appeler santander cheque mal tourne adresse attendre obtenir cheque eventuellement compagnie assurance chequ annuler jour lendemain cheque chequ recu montant affiche compte court presque personne finalement compte revise compte corriger ferme ouvrir solde appel obtenir reponse,probleme_transport,moyenne
cher credit cfpb equifax cours credit matin choqu etonne gars echoue resoudre probleme supprimer information personnel erronee credit nom variation erron adresse inconnu nom erron adresse inconnu compte inconnu envoye demande document support afficher continuer rapport information erronee echoue resoudre probleme bien negliger simplement demande obtention information continuer signaler mauvais nom vouloir corriger nom afficher piece joindre supprimer adresse inconnu supprimer nom variation nom errone supprimer liste compte inconnu vouloir corriger,probleme_transport,moyenne
essayer mois dernier creancier bureau credit mettre jour information personnel bureau apporter modification souhaiteer information personnel signaler mauvais adresse rapport credit besoin adresse supprimee immediatement jamais adresse besoin adresse supprimee immediatement jamais adresse besoin adresse erronee rapport credit immediatement essayer rien changer,probleme_transport,critique
differend ecrit entreprise idee credit jamais entendre non tromper adresse chose completement faux compte pler aider,probleme_transport,moyenne
prendre couverture assurance complet bien informe swbc entierement couvert fournir preuve ecrite telecharge document physique envoye adresse indiquee compagnie assurance demande arreter immediatement prendre argent assurance habitation annee tentative repetee contacter prochain mois personnellement bien compagnie assurance swbc continuer facturer couverture assurance compte porter point garde partie swbc finalement arret tentative entreprise portail service client ligne canal approprier obtenir arreter savoir beaucoup swbc collecter aujourd couvrir assurance habitation incapable discerner declaration exact chiffre swbc swbc continuer assurance frais mois informe reprise arreter essayer obtenir remboursement argent comptable rencontre rien tentative recent plainte precoce probleme comprehension systeme automatiquement automatise recemment connexion site web swbc disponible intermittence effectuer tentative connexion repetee long journee obtenir compte mot passer valide nom utilisateur temps prendre,probleme_transport,critique
bonjour remarque mauvais adresse rapport credit mine affecter avenir,probleme_transport,moyenne
repondu porte servir agence recouvrement creance separee alarm express mettre formulaire individuel prendre temps serveur pratique distance social masqu porter gant mettre risque enorm milieu pandemie virus corona stand moment transporteur attendre espoir profiter pandemie mondial choquer mauvais gout subir rappel recherche dette validite risque prendre vie hautement inacceptable pratique equipement protection approprier capacite autorisee renvoye raison risque eleve resultat contrat coronavirus,probleme_transport,elevee
capital one bank continuer envoyer lettre general refus reponse fournir document eprouve procedure politique litige transaction croire capital one bank desagrege vole argent consommateur escroquerie justification repond question commercant installer frein rotor deform capital one stater right police compte conteste capital one repond mot bon procedure politique vouloir fournir politique demandee capital one refuser fournir capital one stater voiture reparee installation plaquette frein rotor deform capital banque donne raison obtenir refuser diagnostic fournir preuve contacter mecanicien diagnostic mecanicien refuser,probleme_transport,critique
femme xxxx assurance couvert gaz mettre couvert savoir moment rien couvert payer poche payer temps envoye information marron collecter mois recevoir appel indiquer garde envoyer courrier mauvais adresse obtenir dette payee necessair payer dette mariage affecter credit commencer envoyer paiement demande femme demande reglement dette declare payer complet jamais manque paiement recemment autour appel conseiller paiement conseille travailler effectuer paiement prendre heure supplementaire aller note systeme bien penser aller faire grand chose monde demande aider retenir paiement repondu payer mois venir appeler jour echeance paiement jour echeance appele conseiller recupere heure continuer dette recouvrer information interet envoye avocat envoyer paiement conseiller argent moment quitter nourriture familial necessair obtenir argent aller not envoi recuperer heure supplementaire,probleme_transport,moyenne
recu mise jour croire compte recouvrement rapport dette impaye savoir rien agence appelee mauvais adresse info appele litige agence recue aide rapport credit temps rapporter temps total temps atteindre rapport credit temps affecter connaitre heure legale mois,probleme_transport,moyenne
vehicule reprendre societe finance etat envoyer chose obtenir effet personnel vehicule droit racheter voiture droit retablir pret creancier vente voiture date vente privee creancier vente voiture vente enchere date heure emplacement vent calcul deficit solde exceder applicable description frais charge creancier information envoyee mauvais adresse lettre postal adresse choisir adresse vehicule contrat demande adresse postal modifiee enregistrement modifier preuve erreur commettre adresse situer ville envoye poste retourne joindre copie lettre envoyee mauvais adresse demande copie contrat adresse indiquee rapport supprimer avis envoye mauvais adresse,probleme_transport,moyenne
tentative collecte solde emis credit sud ouest recevoir declaration ecrite credit sud ouest recu avis ecrit montant susmentionne bien avis ecrit indique verbiage dossier etat differend date precoce inconnu demenagement transporteur detenu compte actuellement train contester numero telephone lier carolin sud jamais assister eglise service carolin sud,probleme_transport,moyenne
contacter reprise probablement douzaine fois dette devoir mere decede montant legalement parent parent marier heure dece decede ordre arreter harceler envoye courrier electroniqu informe decede legalement parent recherche cesser communication attache scanner certificat deces certifier repondu demande aller succursale certificat dece original certificat deces envoye courrier electroniqu jour repete legalement parent certificat dece officiel scan continu harcelement envoi hebdomadaire tentative recouvrement creance frustr finalement ecrit mauvais adresse expediteur courrier recu renvoye adresse mere vrai mauvais adresse jamais vecu maison lettre arretee aujourd recu adresse adresse mere jamais vecu tentativ recouvrement dette mirand reponse systeme pleinement conscient mere adresse direct jamais decedee vouloir contacter copie certifiee acte dece enregistrement legal nom prochain parent adresse postal repertoriee acte deces envoye information donneer mirand tentative embauche recouvrer dette mirand inclus detail dette mere correspondre,probleme_transport,elevee
soumettre annee litige transunion obtenir information incorrect rapport credit aider faute orthographe nom mauvais adresse numero telephone compte reconnaitre besoin aide resoudre,probleme_transport,moyenne
conforme bureau protection financier consommateur cfpb equifax incorrectement inexact information incomplete non autorisee dossier credit cher bureau protection financier consommateur cfpb deuxiem fois contacter equifax ecrit information incorrectement inexact incomplete non autorisee dossier credit premier lettre envoyee poste deuxiem lettre envoyee recemment examen rapport credit remarqu equifax montre nom mal orthographier adresse domicile double mauvais adresse lieu emploi signaler incorrectement demande credit non autorisee inexact compte credit temperament incomplet information contact creancier non reconnaître trouver processus problematiqu erreur transaction pret provoquer probleme rapport cote credit correctement nom cfpb soumettre copie georgi permettre conduire afficher orthographe correct nom adresse actuel cfpb soumettre copie redevance chequ paie refleter adresse domicile adresse precedent aucun vouloir supprimer adresse rapport appartenir erreur signale cfpb soumettre,probleme_transport,moyenne
mauvais nom signaler dossier credit mauvais adresse signaler dossier credit,probleme_transport,moyenne
envoye paiement complet mauvais adresse courrier revenir renvoyer paiement service carte poursuite entierement effacer litteralement jour date echeance heure deplacement dernier jour traiter probleme sante majeur famille clairement erreur partie assurer paiement automatique apparemment carte solde zero historique paiement parfait erreur poursuite supprimer rapport negatif payer completement particulierement pandemie legere,probleme_transport,moyenne
pret carrington pret numero pret adresse propriete emprunteur agent service payer frais assurance annuel sequestr agent appele reprise enqueter reponse recue agent appele informer probleme conseiller politique expir jour paiement appele carrington representer service conseiller enqueterer operateur appel demande confirmation telephone probleme resolu verifier rappeler jour ouvrable confirmer conseiller probleme inacceptable rencontre annee dernier demande superviseur representer service accroch,probleme_transport,elevee
nom societe recouvrement creance gestion performance creance llc date societe envoyee lettre insister dispositif technique jamais achete jamais utiliser transporteur dette originaire precedemment contacter rpm conseiller dette aimer contacter societe eliminer tentative recouvrement dette jamais contractee arreter harceler important,probleme_transport,moyenne
message telephoniqu recu voir transcription messagerie vocal joindre operateur telephoniqu renvoye appel initial message lendemain appele identifier solution coucher soleil carolin nord bureau declar endroit declares solde impay prepare offrir soulagement pandemie demi montant reglement dette expliquer devoir dette regle dette agence conseiller envoyer documentation paiement transmettre initialement envoye mauvais adresse mail recu avis transporteur indiquer livrable envoye mail adresse correct aujourd reponse message vocal initialement fournir numero document indique etat payer compte complet coucher soleil allegue question montant exact reference numero compte premierement notifier recevoir notification probleme allegu ecrit repondu chose jour demande lettre validation justifier dette presume indiquee venir entite non specifie signifier partie responsable croire dossier marque declare incorrect conteste declare prendre document tribunal croire solution fin validite,probleme_transport,moyenne
hypothequ residence principal refinancee choisir institution financier refinancer payer hypotheque existant banque americain bureau procureur cloture cabl produit remboursement banque ameriqu montant montant releve paiement imprim date paiement bien envoye bureau procureur cloture date bofa paiement credite jour hypotheque jour cloture pret fonds cabl resolution semaine incapable localiser fil capable confirmer fois fil recu banque fonds asseoir compte general applique appel ligne service client hypothecair tentative resoudre probleme depenser quantite excessif temps total heure resolution obtenir reponse associer recu appel bofa equipe collecte demander paiement commencer dernier semaine temps tentative contacter service hypotheque service client collecter dirigee automatiquement expliquer probleme ordre transfere fil departement retourne bofa atteindre collection rencontr directeur succursale local tentative obtenir aide quelqu visage visag rencontr,probleme_transport,critique
hier agent conseill avis ecrit adresse postal annee vie conseiller mauvais adresse demande validation dette trouvee compte obtenir alerte pointage credit application examen litige remarqu agent validation compte essayer rappeler envoye messagerie vocal rapport credit montrer societe recouvrement solution recouvrement creance llc solution recouvrement dette conseiller compte recouvrement solution recouvrement dette recouvrement jamais contacter appele courrier dette,probleme_transport,moyenne
litige transunion refuser supprimer mauvais adresse mettre jour adresse correct fichier adresse emplacement manquant quadrant xxxxxxx joindre reclamation fournir adresse facture gaz prouver reclamation,probleme_transport,moyenne
demande cesser jamais nuire equifax mettre reprise mauvais adresse rapport credit montre manipulation criminel score fico mois mettre information,probleme_transport,moyenne
frais carte credit conteste reprise societe carte credit barclay billet facture billet avion charge carte fin billet billet totaliser frais compagnie aerienn femme billet reservir vacance suite raison transporteur vol suspendre donner credit essayer contacter compagnie aerienn accepter appel probleme financier offrir service aerien etat uni frais conteste barclay expliquer compagnie aerienn vol annuler aeroport utiliser obtenir remboursement barclay reclame suffisamment information regle compagnie aerienn compagnie aerienn fournir service appele barclay conteste decision appel telephoniqu raison agent covid communiquer fax interaction ecrite envoye barclay page fax document justificatif appele centre litige barclay verifier plainte travail agent declare recu plainte envoyee lettre materiell agent barclay declare compagnie aerienn reponder jour compagnie aerienn repondrer barclay statuer faveur agent donne numero identification cas attribuer texte reference litige lettre motivation joindre fax envoye cher barclay troisiem fois contact barclay contester char,probleme_transport,moyenne
equifax signaler mauvais adresse fraude vol identite jamais vecu californie jamais vecu californie,probleme_transport,moyenne
pret hypothecair transfere pret stearns assureur habitation assurance annule prime annuel payee immediatement informe stearns inquieter paiement post chequ envoye cheque retourne colombie britannique mauvais information fournir politique annule stearns jamais suivre decouverte police assurance habitation contact courtier expliquer necessair nouveau politique proprietair maison precedente retablir augmentation prime annuel place stearns expliquer difference salaire compte sequestr erreur suite hypotheque transferee stearns refuser payer appel telephonique explication complet habituellement mettre appel attente suspendre minute attente stearns jamais payer payer prime annuel supplementair fin hypotheque vie stearns erreur manquement devoir evident mauvais foi,probleme_transport,critique
faye servicing compagnie assurance dommage transporteur hypothecaire emis cheque ecrit faye servicing faye servicing declare approuver cheque envoyer cheque assurance societe service faye prendre argent refuser cheque place liste requérir document necessair fonds debloque document comprendre formulaire licence entrepreneur signe contrat renonciation privilege envoye rejete renonciation privilege faye service formulaire demande formulaire societe envoye formulaire refuser chequ remplacement declare accepter contrat besoin obtenir signature physique document rejet cours jour ouvrable entreprise tenir faire cheque fonds interet consommateur saut cerceau obtenir fonds assurance titre,probleme_transport,moyenne
appele autoriser suppression credit essayer expliquer envoye erreur recouvrement confirmer envoye facture mauvais adresse demander superviseur deconnecte appeler rappeler faire appel numero representant essayer appeler trompe numero telephone numero telephone errone train travailler demande superviseur deconnecte appeler deuxiem fois trouver impoli non professionnel pendre vouloir regler dette,probleme_transport,moyenne
contacter experian aujourd mauvais adresse montrer rapport credit conseiller victime vol identite expliquer aller declar necessair creancier rapport credit expliquer creancier temps adresse correct refusee aider confirmer preuve dossier adresse rapport usurpation identite nom fraude travail individuel reel atteindre mail adresse correct adresse correct declaration adresse erronee rapport nom representant appartement direct refuser litige obtenir corriger appel terminer,probleme_transport,moyenne
transunion collecte contestee fois envoye document information mettre jour fois demander mise jour entreprise declare dette probleme valide contester dette valide declarer echoue envoyer droit guerir avis repo vente repo violation droit consommateur admettre envoi avis mauvais adresse lettre envoyee demande prouver,probleme_transport,moyenne
equifax signaler mauvais adresse reprise mauvais adresse,probleme_transport,moyenne
mauvais adresse compte xxxxxxxx,probleme_transport,moyenne
facture frais resiliation contrat societe fil montant contrat long ete envoye agence recouvrement contacter operateur fil probleme traire societe recouvrement continuer envoyer solde reprise dette inexact valide envoyer copie ancien facture telephone portable indiquer montant facture collecte precise montre rapport credit continuer ignorer demande cesser contacter autant texas prendre mesure bien dela limitation loi lettre recent montrer creancier origine fournisseur fil lettre creancier actuel adresse controle credit llc donner apparence continuer vendre information,probleme_transport,moyenne
lettre recue indiquer devoir dette conteste demander validation effectuee conformement loi pratique equitable recouvrement dette loi rapport credit equitable conformement loi etat local correspondant vouloir noter demande validation preuve competente porter signature montrer obligation contractuel payer societe attente resultat enquete societe soumettre instruction prendre mesure rapport credit prejudiciabl demander societe repondre jour sac main petit reclamation action justice societe payer facture medical bureau specialise contacter compagnie assurance medical informee montant dette compagnie assurance valide montant dossier soumettre,probleme_transport,critique
famille celibatair jamais vecu raison traire adresse ligne signale experian societe pler contacter entreprise verifier adresse correct nouveau information signalee experian capable soumettre litige ligne question contacter adresse numero identification numero rapport icone potentiellement negativ statut potentiellement negatif compte charge ecrit type compte souffrance differend date solde carte credit icone potentiellement negativ statut negatif transfere type compte ferme differend date carte credit icone potentiellement negativ icone potentiellement negativ statut type compte automatique pret automatique litige date potentiellement negatif icone potentiellement negatif statut pay reglement ecrit compte typenot pret date xxxx litige icone potentiellement negativ statut typ compte ferme solde non garantir signalement mauvais adresse compte,probleme_transport,moyenne
plaindre compte bloquer face defi portefeuille bitcoin envoye accidentellement bitcoin mauvais adresse societ plaindre coin base coinbase personne impliquee,probleme_transport,moyenne
capital entreprise date financier date debut signaler montant pret raison reparation automobile telephone demande obtenir pret chauffeur voiture battement voiture besoin reparation appel recu dire approuver premiere chose ete suspect information connexion bancaire necessaire tentative depot mobile banque trouver situation reparation frauduleux obtenir pret approuver antecedent credit vrai fin demenagerait historique credit construire type programme obtenir pret demarrer construire credit necessair rembourser mobile depose petit compte bancaire frais arriver aujourd matin aller acheter montant carte cadeau cause facultatif drapeau rouge securite social asseoir pret enorm arnaqu depense chose pouvoir controler pret fauche argent poche vide prendre carte cadeau joy ride,probleme_transport,moyenne
loancare llc fournir declaration remboursement hypotheque joindre frais interdire reglement cfr frais releve loancare fournir divulgation frais traitement facturation frais enregistrement comte fraction frais pret hypothecaire cfr reglement etat remboursement frais declaration interdiction general creancier reparateur defini cfr facturer frais fournir consommateur consommateur autoriser obtenir information releve montant payer solde impaye hypotheque frais traitement creancier reparateur facturer frais traitement couvertur cout fournir declaration paiement decrite paragraphe section fax courrier fournir frais depasser montant comparable frais imposer service similaire fournir connexion transaction credit consommation securisee consommateur residence principal creancier hypothecair disponible releve paiement consommateur consommateur autoriser obtenir information methode messagerie fax frais conformement paragraphe section iii divulgation frais traitement facturer disposition frais traitement,probleme_transport,moyenne
vol achete fin prevue compagnie aerienn reponse vol annuler pandemie site web compagnie aerienn remboursement disponible contacter agent voyage command reservee recevoir remboursement appele marchand demander remboursement fournir numero frais support forcer faire minute appel international heure attente representer parler informe recevoir remboursement semaine condition capitole recu initial bien mail annulation agent voyage compagnie aerienn inclure section pertinent site web transporteur indiquer droit remboursement complet fournir copie facture telephone indiquer minute frais international refuser argent,probleme_transport,moyenne
agent service client reprise envoye permettre conduire carte securite social courrier conteste ligne rapporter information credit mauvais adresse mauvais alerte fraude compte jamais supprimer compte conteste plainte deposee compte courrier conteste rapport correctement obtenir chose accomplir rapporter information correctement mauvais adresse rapport collecte supprimer,probleme_transport,moyenne
devoir dette changer operateur facture telephone rester montant payer faux annee commencer ajouter faux releve charge proposer ligne plan transporte charge mensuel rester satisfait renseigner paiement localiser systeme,probleme_transport,moyenne
banque fusionnee banque debut impossible connecter compte ligne presque mois compte ligne verrouill attente perpetuell musique ligne assistance finalement trouver quelqu bureau local capable resoudre chose paiement automatique facture loyer trompe adresse mois precedent banque reussi eft proprietair annee idee arrete eft adresse visse cheque loyer corriger compte ligne penser aller mal amende envoyee paiement loyer mauvais adresse mois proprietair amusee contacter incapable capable voir loyer envoye adresse correct mauvais systeme adresse genre incompetence simplement,probleme_transport,moyenne
recu alerte surveillance credit agence recouvrement sequim solution actif collection rapport credit experian delinquer date contacter societe expliquer recherche verification dette adresse fournir jamais vecu floride besoin copie correspondance telephone accroche fois aujourd recu notification societe ajouter date rapport credit collection delinquer appele faire savoir dette besoin verification recherchee correspondance fichier correspondance rapport prendre adresse boite postal courrier correspondance journee demande contestation dette demandee enlevee dette resolue dette supprime indique precedemment porteur telephone portable annee dette rien loi permettre credit repertorie demander nom creancier origine numero donne nom societe telephone portable ressembler numero societe origine vendre information disponible savoir chose illegal rapport credit produire prise credit nuire entreprise,probleme_transport,moyenne
client an demenagement decide acheter tablette petit fils annee temp achete tablette kiosqu situer kiosque passer petit fils tablette demande jeune vendeur aide acheter kiosque regler temps payer autour tablette recue facture inclus parametre charge activation numero telephone portable reconnaitre parler service client numero cellule attribuer tablette intention achat deuxieme numero cellule representer revenir arriere kiosque corriger erreur vendeur gestionnaire appele nom presence representer annuler numero cellule attribuer table facturation correct reprise refuser correct comprim numero cellule charg activation mois jamais utiliser savoir exister expiration accord operateur telephonie mobile modifier continuer contester frais activation numero portable incapable resoudre probleme profiter transfert compte credit decouvert compte recouvrement signaler grand societe bureau credit signaler facture impaye facturee contacter credit,probleme_transport,moyenne
envoye lettre litige transunion adresse incorrect adresse mauvais adresse adresse correct,probleme_transport,moyenne
montant inversion banque poursuite enquete credit temporaire terminee reclamation deposee compte achat article recevoir vendeur impliquer achat cours poursuite contacter vendeur impliquer achat vendeur fournir faux support information supposer livrer vendeur utiliser navir signature option requérir demande signature contacter vendeur transporteur impliquer depot reclamation resultat infructueux donne faux support information manqu preuve livraison poursuite poursuivre accepter reponse recu achat effectuer ligne preuve livraison achat ligne vendeur transporteur enregistrer plainte appel telephoniqu passer,probleme_transport,moyenne
compte depot compte suspendre compte ferme date tentativ effectuee resoudre probleme compte entreprise depot effectuer sba acce besoin arriere action jamais prendre compte mettre jour numero telephone initialement verification etape fonctionner resolu suspension operateur mobile compte prendre completement garde categoriqu envoi document adresse mail non securisee valeur confidentialite droit refuser envoyer document demande vouloir garder esprit fermeture compte clairement probleme raison demande information suspension compte croire maniaque exiger chose fournir raisonnement adequat appeler information telephoniqu falloir aller carillon support email referer accord membre agir fermeture compte envoye mail indiquer accord membre colle claus cache cache pratique commercial contraire ethiqu action formel bien prise dernier partie etat accord utiliser compte obtenir remboursement accepter terme convention arbitrage activer utiliser depense carte,probleme_transport,moyenne
plainte vraiment forme critere option selectionnee disponible vraiment refleter plainte experian envoye mari rapport separ score credit abandonner score abandonner mari abandonner rapport revise voir raison score abandonner commentair rapport rapport credit mince mari retraite passer hypothequ pret voiture pret scolaire retraite payer comprendre score abandonner sage payer dette revenu retraite devenir fixe etat concerner compagnie assurance utiliser score credit cul risque assurer score chute individuel declencher compagnie assurance reevaluer risque augmenter prime mot joindre doc capture ecran experian mari dossier credit,probleme_transport,moyenne
recu appel numero inconnu immediatement declare interess sollicitation demander supprimer numero liste numero registre appel gar accent commencer demander sollicitation declare american express Monsieur mauvais gars carte american express insister insister utiliser juron mauvais gars carte american express juron mauvais gars vouloir appele raccrocher telephone recu appel heure gauche message recu salutation american express accroch carte american express accrochee carte american express recu appel ignorer maniere societ admettre acce probable liste transporteur pouvoir vendre information trouver quelqu nom similaire inquieter jamais prenom numero appel harcelement mauvais appeler registre valeur appliquer loi etat appliquer inutile,probleme_transport,critique
bon hypotheque mensuel changer mois service shellpoint prendre devenir force preteur assurance placee charge preteur place frais assurance rembourser sequestre mettre jour declaration analyse montrer paiement mensuel sequestr solde taxe foncier tax comte comte lecture site web federal shellpoint exiger coussin sequestr raison reell hypothequ continuer augmenter annee entiere shellpoint collecter fonds supplementaire paiement mensuel depot fiduciaire deper loin montant annuel taxe foncier sequestr montant taxe foncier place force preteur assurance envoi declaration mauvais adresse mois assurance utiliser frais assurance supplementaire analyse sequestre calcul augmenter inutilement jamais decheance couvertur assurance condo hoa shellpoint erreur utiliser financierement essayer augmenter capital grain sequestr coussin coussin grand decaissement annuel total estime compte sequestr charger compte sequestr vie long vie gestionnaire compte sequestr facturer emprunt,probleme_transport,moyenne
dette origine ville envoye nom societe recouvrement cmre service financier facture original datee facture couvrir compagnie assurance temp entreprise refuse envoyer facture envoyee collection ding rapport credit appele cmre information temps refuser envoyer facture croire facture illegal couvert ville envoyee cmre copie carte assurance processus refus montant facturation facture ville adresse cmre remercier aider,probleme_transport,moyenne
recu rapport credit experian date information inexact remarqueer specifiquement adresse contestee formulaire experian cfpb plainte formel fois annee ecoulee reinseree rapport credit fcra information contestee supprimee rapport credit consommation reinsere notification agence evaluation credit adresse actuel repertoriee creancier supprimer adresse adresse actuel repertoriee ancien adresse experian refuser divulguer changement autoriser creancier signaler mauvais adresse fcra consommateur autoriser source fournir information inexact offrir opportunite litige information inexact experian verifier changement adresse preteur rapporter actuellement adresse incorrect suite refusee supprimer information inexact rapport credit consommation violation fcra,probleme_transport,moyenne
maison vendre remboursement sequestre recu hypotheque rond point reclamee envoye mauvais adresse renvoyer recevoir cheque obtenir reponse societe,probleme_transport,moyenne
compte commun sœur changer transporteur sœur ferme compte commun magasin solde partir societe recouvrement creance recouvrer dette incorrect souleve litige cas mettre attente enqueter validite suivi notification courrier confirmer dette cesser harceler probleme considere affaire fermee agence recouvrement creance afni contacter dette contactee afni devoir argent fournir preuve precedent societe recouvrement creance resolu affaire transmettre communication afni preuve solde compte ferme suspect scenario produire scenario effectivement ferme cas passer afni injustement collecter montant scenario contacter afni echec recouvrement dette contacter envoye chasse oie sauvage canal telephoniqu extension heure passee telephone botte departement finalement atterrir jeune garcon capable utiliser ancien systeme acce numero compte confirmer solde effectivement demande capture ecran mail fournir preuve bouche cheval droite afni arreter harassi,probleme_transport,moyenne
societe envoye information dette mauvais adresse jamais notifie verifie credit sci rapport contact payer attente proce jamais donne chance litige paiement proces depose essayer payer demande montant honoraire avocat dette,probleme_transport,elevee
inquieter besoin aide agence annee harcelee facture medical frauduleux devoir patient annee medecin dette medical impaye continuer harceler facturation dette continuer charge payee annee precedent bien double compagnie assurance contactee bureau affaire recu copie paiement effectuer avocat ecrire nom clair dette frauduleux continuer harcelement annee facturation bureau groupe medical insister harcelement erreur erreur compte patient credite paiement recu bien compagnie assurance personne non qualifiee travailler facturation bureau annee reclamee chang systeme informatique temps endroit savoir patient facturation patient souffrir incompetence agent administration bien bureau administratif sensibiliser harcelement continu bureau facturation supposer corriger copie joindre lettre renvoyee pourtant trouver aujourd courrier lettre nom agence recouvrement capio partenaire llc agence recouvrement facturation fraude medical dette devoir vouloir capio partenair llc comprendre payer payer,probleme_transport,critique
commencer assurance hypothequ refinancement hypothecair verrouille jour jour rien faire raison covid aller departement faire savoir payer extension verrouillage taux attendre mois tal incertain donne verrouillage taux journalier place faut jour faute entreprise prendre horrible communication processus decide aller preteur hypothecair pret annuler sentir aise gestion assurance annee prochain vente vie quelqu besoin evaluation transfert assurance envoye mauvais adresse information nouveau societe pret hypothecair violation information personnel negligence envoi faux information train battre cours evaluation departement conformite transfert permettre payer detention evaluation otag loi,probleme_transport,elevee
mauvais adresse rapport credit compte debite,probleme_transport,moyenne
repondu porte servir agence recouvrement creance distinct alarme express mettre individuel xxxxr formulaire xxxxxxx prendre xxxxxxx temps serveur pratique distance social masqu porter gant mettre risque enorm milieu pandemie virus corona stand moment transporteur attendre espoir profiter pandemie mondial choquer mauvais gout subir rappeler recherche dette validite risque prendre vie hautement inacceptable pratique equipement protection approprier capacite autorisee renvoye maison raison risque eleve resultat contrat coronavirus,probleme_transport,elevee
midland credit management lettre envoyee mauvais adresse ignorer contacter envoye lettre validation dette oublier envoyer certifier envoye lettre certifie jour recu validation dette recue lettre semaine dernier demande contact exiger paiement intenter action justice contact lettre validation envoyee preuve dette devoir,probleme_transport,moyenne
pret etudiant personnel college gere diplome college ferme achete devill gestion actif faire paiement regulier savoir paiement devill gestion actif verification rapport credit loyer maison compte payer regulierement declare collection liste compte paiement effectuer date compte courant montrer rapport credit collection commuter paiement facture bancaire payer service systeme comptable vague paiement affiche montant pret cours contact paiement arriver correctement opter paiement automatique carte debit capable correspondre representant service client demande adresse correct envoyer paiement penser paiement mal passer adresse corrigee capable correspondre service client demande corriger compte collecte inclus correspondance representer service client adresse mettre jour facture systeme remuneration precedent moyen contact capable trouver rapport credit collection supprimer ecole terminee payant regulierement acquérir gestion actif deville possede,probleme_transport,moyenne
obtenir carte american express reception facture contacter american express compte place agence recouvrement recu appel agence recouvrement compte appel envoye lettre obtenir dette valide voir piece joindre appele compte long appele american express societe informee compte detention long jamais valide dette expliquer envoye lettre validation recu reponse appele compte facture mois recu appel telephoniqu harcelement societe appelee demande valider dette envoye lettre valider dette jamais suivre dette long american express appele american express collection facture grossier jamais valide dette demandee envoyer facture mail deplacer pays refuser essayer annee obtenir dette valide obtenir maniere statue limitation poursuivre passer mauvais adresse valider dette courir credit rapport hier trouver compte remise dette contacter ledit compte remettre conteste vraiment dette rapport credit,probleme_transport,moyenne
vouloir referer rapport ftc vol identite indemnisation chomage recue,probleme_transport,moyenne
banque credit acct date ouverture adresse limite credit statut compte facture ecrit souffrance litige traite note cible carte credit emise admettre envoye mauvais adresse credit facture compte recouvrement impay rapport cibl prouver trompeur presumer bon chose detruire rapport credit client visage fort penalite obtenir pret immobilier negligence entreprise demande aimable attention penaliser cible ruiner rapport credit rechercher dommage punitif cible probleme cause,probleme_transport,moyenne
dame nommee appelee reclamation travail reference dire devoir capital compte raconter annee essayer recouvrer dette limite carte credit carte aller frapper delinquance mensonge absolu devoir payer regler depot paperasse fin affaire aujourd impliquer avocat nom avocat travail bien frauduleux mauvais adresse paperasse envoyee ledit adresse correct telephone choisir donner information argent extremement louche numero telephone,probleme_transport,moyenne
systeme sst telephone montant compte ajouter assurance force contact connaissance mauvais enregistrement adresse correct envoye assurance echec compte credit demander paiement compte ajouter jamais courant revenir arriere demande declaration echoue produire illegalement police assurance antidatee produire politique arnaqu total ajouter argent paiement demander paiement inclus jamais divulguer,probleme_transport,moyenne
reclamation transporteur assurance xxxxxxx raison degat eau resultat negligence unite condo etage unite propriete mois xxxxxxx cheque finalement libere emis creancier hypothecaire dommage excedentaire xxxxxxxx emis montant cheque chequ endosser envoye flagstar banque reclamation perte propriete recu ordre reparation commencer continuer temps opportun attente fonds liber flagstar banque payer poch entrepreneur copie depot initial travail commencer deuxieme paiement joint plainte bien payer poch materiel inclus reparation estimation fonds poch date total commande continuer reparation aujourd calendrier paiement information entrepreneur copie chequ copie recu materiel payer poche soumettre flagstar reclamation perte propriete flagstar informe intentionnellement document information contradictoire necessair processus necessair reclamation representant informe nouveau politique soumettre formulaire paquet reclamation informer flagstar formulaire politique inverse requérir contact flagstar resoudre obtenir remboursement fonds nouveau exigence politique,probleme_transport,moyenne
travailler blesse fois envoye lire radiographie envoye collecte frais place compagnie assurance,probleme_transport,moyenne
mauvais adresse information erronee montrer rapport credit,probleme_transport,moyenne
envoye rapport similaire alarmer documentation mettre jour societe implique dernier litige soumettre recevoir dernier litige croire mauvais adresse nom creancier date type enquete ordre professionnel haut departement magasin variete banque banque carte credit banque carte credit bureau credit reclamation signalee tran union trans union agence evaluation credit cra presente connaître aller bureau personnellement contacter creancier bureau credit reclamation contestee conformement entente suivre loi rapport credit equitable victime fcra cas eleve fraude commencer etudier naviguer nouveau realite recherche credit connaissance approprie decouverte rapidement gentil obscurite produire long annee conscience conscient consentement temps mettre education travail decid temp passer appel prendre controle degoutant desordre lisse ecriture introduction cfpb beaucoup lettre impitoyable attente bureau creancier impliquer bureau reclame supprimer non autoriser enquete difficile historique demande devoir declaration placement multiple frauduleux,probleme_transport,critique
appele experian temps essayer quelqu contester adresse erronee dossier credit incapable quelqu appel continuer tomber deuxieme tentative litige mauvais adresse site web recu message erreur question adhesion incapable representer,probleme_transport,moyenne
conforme bureau protection financier consommateur cfpb transunion incorrectement inexact information incomplete non autorisee dossier credit cher consommateur bureau protection financier cfpb deuxiem fois contacter transunion ecrit information incorrectement inexact incomplete non autorisee dossier credit premier lettre envoyee poste deuxiem lettre poste examen recemment effectuer rapport credit remarqu transunion montre mauvais adresse lieu emploi signaler incorrectement inexact versement incomplet processus compte credit nouveau erreur transaction pret causer probleme rapport solvabilite correctement cfpb soumettre demande ecrite transunion supprimer mauvais adresse rapport credit mauvais adresse signalee employeur actuel cfpb soumettre copie cheque paie redevance refleter lieu emploi actuel cfpb soumettre demande ecrite suppression compte information dossier credit inexact incomplete fournir copie rapport credit inexact information incomplete rapportee dossier credit compte,probleme_transport,moyenne
changer compagnie assurance raison taux inferieur effectuer fois information passeer envoyee banque americain envoyer paiement prochain chose connaitre politique annulee raison non paiement jamais recu paiement banque americain appele banque americain voir arriver chequ envoye mauvais adresse mauvais beneficiaire cheque jour lendemain probleme resolu presque mois probleme resolu nouveau politique envoye montant chequ recu temps semaine mois dernier appele statut rien dernier rayon directeur banque americain assurer envoye rien envoye assurance maison,probleme_transport,moyenne
societe savant appelee bureau recouvrement credit depose rapport negatif reclamer dette devoir envoye lettre certifie bureau recouvrement credit demander verifier valider dette argent rapport dette original pretendument montant pretendument representant parler dette apprendre jamais contacter bureau recouvrement credit dette devoir societe jamais conseiller droit litige dette argent service fournir argent payer point service compagnie assurance envoye lettre certifie demander information facturation reclamation devoir cabinet dentaire repondu lettre croire dette ajoutee historique credit tentative recouvrement dette facture reell mine tentativ recouvrement dette zombie manier prouver devoir argent societe fournir service facturation reel enqueter bureau recouvrement credit repondre valider dette vouloir supprimer rapport negatif antecedent credit,probleme_transport,moyenne
apparemment type litige initier carte credit platine date racontee superviseur litige dur mois plomb carte credit supprimer experian completement arriere mentir fois plaine meprisabl heure passee heure telephone heure avance faire appel appeler information litige initier litige carte credit platine fico score chuter point bon score incident envoyer lettre special centre litige credit mauvais adresse appele superviseur carte credit supprime long historique paiement exceptionnel experian carte jamais exister carte credit voir litige initier carte rapportee surprendre supprimer bureau bien,probleme_transport,moyenne
verification rapport credit decouvert jachere faux pret hypothecair payer rapport manquant rapport montre adresse jamais vecu maniere suspect adresse rue quartier vivre numero mauvais adresse montrer rapport credit conjoint decede cours homologation representer personnel nommer tribunal verifie rapport decouvert rapport erron pret hypothecair bien fargo signaler bizarrement rapport credit mentionner stationne maison raison obligation militaire traitee fraude mal cree bien fargo,probleme_transport,moyenne
soumettre annee litige experian obtenir information incorrect rapport credit aider faute orthographe nom mauvais adresse numero telephone compte reconnaitre besoin aide resoudre,probleme_transport,moyenne
voyage achete prevu voyage achete cout total voyage serie payee versement couple mois voyage lieu pandemie frappe interdiction voyage resulter agence voyage automatiquement annuler voyage remboursement paiement precedent suite fermer entreprise disponible contact ledit contact banqu remboursement depose litige barclay carte credit voyage achete litige refuser declare depose jour periode litige essayer decision appel decision refusee carte utilisee barclays arrivee monde mastercard guide avantage etat voyage evenement assuree annulation voyage interruption voyage payer voyage interruption voyage montant paiement superieur montant reel non remboursable pay assuree transporteur public tarif passager assuree renoncer bon inutilise billet coupon privileg voyage rembourser assuree annulation voyage interruption voyage assuree causer resultat deces blessure accidentel maladie maladie physique assuree membre famille immediat assuree defaut voiture commun,probleme_transport,moyenne
dernier chiffre numero carte decouverte appele banque mois fournir adresse temporaire etranger banque envoyer gestionnaire carte credit departement carte credit heure mise systeme adresse erronee carte jamais arrivee appelee banque gestionnaire departement carte credit nommer adresse mettre jour confirme obtenir nouveau carte poste parler connecter decouvrir application remarqu etat gauche code postal completement vide ville mettre nom pays deuxieme ligne adresse nom ville completement manquant appele decouvrir banque jour minute nommer ledit carte courrier bancaire adresse etrangere systeme politique bancaire permettre adresse etrangere mettre bon ordre chance recevoir carte mince politique bancaire cas dire banque stupide planete appelee gestionnaire rayon banque nommer demande gerante gestionnaire nommee carte envoyee mauvais adresse adresse voir application erronee mentionnee surprise carte informee envoyee poste informee dernier fois banque envoye carte mois jamais arrivee mentionner gros gestionnaire mentir telephone jamais envoye carte poste mettre adresse,probleme_transport,moyenne
vouloir deposer plainte demander validation preuve competente porter signature vouloir article retirer fichier document frauduleux compte ferme conteste precis compte besoin article supprimer correspondance information identification faux nom mauvais adresse mauvais demande lettre validation dette signature envoyee copie bureau credit affidavit rapport police acte naissance carte securite social carte identite etat agence recouvrement compte,probleme_transport,moyenne
recu avis lettre banque dat dire recu remplacement police assurance annuler assurance precedent banque probleme paiement jamais changer compagnie assurance contacter banque declare paiement effectuer mauvais compte quelqu nom appel telephoniqu resoudre probleme representer service client superviseur avi nature inhabituel lettre demandee expliquer produit demande donner detail fixer situation jamais recevoir lettre appelee fois recevoir attente personnel service client dire superviseur examen donner detail finalement insist representer donner information contact superviseur charge precedemment finalement donne numero telephone appele numero laisse message vocal jamais recu reponse appele numero fois aller voix automatisee immediatement dire revoir instantanement presque annee obtenir nul part banque rendre compte impression ete fraude,probleme_transport,critique
donne information assurance jour accident produit ambulanc venir payer information dollar donner nuit dire fournir carte identite medical mettre mauvais adresse beaucoup aide hopital prendre pilule envoyee californie direct nevada coinc pouvoir etat responsable essayer expliquer appele assurance fois quelqu chose bien responsable monter hopital,probleme_transport,critique
appele experian aujourd beaucoup chose mauvais enregistrement donne nom correct adresse information verifiee employe mettre mauvais adresse enregistrement appel demain,probleme_transport,moyenne
laveuse commandee retourne recevoir rondelle retourne instread donner credit rondelle compte applique interet raison cours prendre heure chiffre porteur carte credit compte extension demande expirant debut approuver montant apprendre interet applique compte lier disponible ligne voir litige,probleme_transport,moyenne
voyage etranger jour compte facture frais itinerance pretendument accumuler voyage connaître charge telephone integralite voyage pointe transporteur declare falloir frais errone devoir service recu etranger conteste demande retirer carte credit paiement automatique reprise essayer retirer montant hebdomadaire finalement placer effort blocage annuler compte changer transporteur date reconnaître tactique predatric essayer corriger frais errone envoyer service collecte rendre,probleme_transport,moyenne
passer jour complet essayer atteindre carte debit chomage oklahoma envoyee mauvais adresse finalement obtenir quelqu telephone annuler carte initial dire compte fonds intact demande remplacement envoye appeler bureau chomage demander aide presque impossible obtenir bureau chomage oklahoma jour fatigue jour aujourd resultat voir mastercard desamorce envoyer remplacement identite verifie nommer numero demande chomage essayer resoudre probleme faire expulser maison perdre voiture,probleme_transport,moyenne
montrer mauvais adresse bien supprimer violation ftc survenir,probleme_transport,moyenne
transunion signaler sciemment faux information transunion echoue adherer fcra signaler mauvais adresse rapport credit departement education envoye lettre certifie adresse indiquee rapport retourne expediteur fournisseur donnee clairement visiblement fournir adresse conduire litige information inexact pourtant transunion continuer verifier adresse postal non distribuable,probleme_transport,moyenne
signaler mauvais adresse transmission,probleme_transport,moyenne
tentative levage gel securite equifax changer operateur cellulaire systeme automatise declare gel leve essayer executer verifier rapport equifax revenir gele periode heure agent aucun capable resoudre probleme demande superviseur transfer deconnecte matin essayer aller agent equifax incapable resoudre probleme indique superviseur maniere disponible contacter superviseur commencer processus obtenir systeme automatise agent prendre minute agent verifie superviseur essayer verifier rapport credit matin montre verification gele site externe etat equifax ete gele interne requete faire entreprise externe gelee heure debut processus equifax fournir resolution moyen placee geler lieu origine violation equifax vouloir simplement liberation court duree voire point permanent,probleme_transport,moyenne
plainte depose obtenir reponse probleme cfp resolu transunion rapport continu mauvais adresse iledge dette lettre envoyee adresse donnee lettre agence credit retourne adresse non livree exister demande agent credit supprimer rapport information inexact,probleme_transport,moyenne
rapport credit defilant remarque entreprise placer faux compte recouvrement rapport credit provoquer chose approuvee factur crise provenir facture medical compagnie assurance maladie payee preuve cabinet bureau affaire raison arret etat payer compagnie assurance,probleme_transport,critique
banque cle envoye erreur adresse carte erronee obtenir carte postal cause semaine chomage brutal,probleme_transport,moyenne
lundi recu mail sollicitation achat recer carte credit apple recevoir carte cadeau restriction notee appele service client apple clarifier terme voir carte cadeau appliquer prix achat informe admissible appliquer carte cadeau selectionnee plan pymt mettre ligne representer conseiller telephone commande utiliser credit apple pymt terme processus selection piece choisir type transporteur avi telephone deverrouille selectionne resultat reception promo recevoir carte cadeau promotionnelle ramassage mail telephone choisir magasin demande representer carte cadeau magasin jeudi appele carte cadeau aujourd promotion telephone operateur selectionne telephone deverrouille annoncer maniere trompeur clairement indique parler representant magasin indique entrainerer promotion,probleme_transport,moyenne
client an demenagement decide acheter tablette petit fils annee temp achete tablette situer passer kiosque petit fils tablette demande jeune vendeur aide acheter kiosque regler temps payer autour tablette recue facture inclus parametre charge activation numero telephone portable reconnaitre parler service client charge numero cellule attribuer tablette intention achat deuxieme numero cellule representer retourner kiosque corriger erreur vendeur gestionnaire appele nom presence representer annuler numero cellule attribuer table correct facturation reprise refuser correct comprim numero cellule charg activation mois jamais utiliser savoir exister expiration accord operateur changer contestation frais activation numero portable impossible resoudre probleme profiter transfert compte credit decouvert compte recouvrement signaler grand societe bureau credit signaler facture impaye facturee contactee bureau credit conteste,probleme_transport,moyenne
nom mal orthographie experian obtenir adresse correct information emploi adresse signalee adresse correct mauvais adresse mauvais orthographe nom,probleme_transport,moyenne
tirer rapport experian semaine venir acroos beaucoup manquer rapport chose leader essayer temps differend temps courrier experian courrier cerfield resultat differend ligne verfield experian savoir droit obtenir nom mauvais rapport credit rapport adresse erronee jamais rester direct reporting rapport credit raison adresse compte rapport fruad compte fraude compte supprimer compte controle credit supprimer supprimer compte supprimer demande approuver rapport credit fruad,probleme_transport,moyenne
approuver carte credit comenity llc applique canape achat retard reception canap charge achat promotionnel facture credite raison expedition probleme solde significativement plan promotionnel achat minimum paiement payer alle faire deuxieme paiement remarqu ensemble plan promotionnel appele representer enregistrer litige appele aujourd cheque envoye lettre aujourd refu litige client jour faire changement plan promotionnel appat commutateur tactique commettre erreur intentionnellement mettre promo clairement effort partir augmenter revenir interet gain applique carte achetee canape offrir promotionnelle applique achat applicable attente lettre declin inclus avantage detail fournir approuver capture ecran capture ecran historique transaction capture ecran plan promotionnel montrer solde actuel compte,probleme_transport,moyenne
recemment changer operateur telephone portable numero telephone portable essayer fois soumettre information photo identite societ carte credit temps mal obtenir information semaine essayer succe obtenir information mettre jour occasion contacter societe carte credit capital information excuse mettre jour solution proposee capital refuser acce information compte service ligne malentender extremement difficile essayer chose telephone portable regulier entendre demande choisir annuler carte credit probleme escale frustration continuer essayer communiquer entreprise,probleme_transport,moyenne
voir mauvais adresse carte vouloir envoyer nom carte portefeuille perdre identifiant,probleme_transport,moyenne
donne verification antecedent futur employeur passer chercher adresse jamais postuler vecu connaître connaître zone etat adresse appartement lotissement information incorrect blesse chance emploi deuxieme mode vie besoin changement adresse donnee premier erreur adresse numero appartement deuxieme mauvais adresse partie zone medical etablissement medical residence vraiment bizarre vie adresse etablissement medical jamais vecu etablissement jamais oui veteran jamais vecu adresse,probleme_transport,critique
mauvais numero securite social mauvais adresse mauvais numero telephone nom nom demande,probleme_transport,moyenne
prendre temps soumettre plainte membre croyant collection postee violation droit pratique recouvrement creance probleme collection signaler bureau credit accident voiture do assurance ecart couverture perte couvert vehicule couvertur partie couvertur probleme transporteur vehicule vieillir valeur faible type assurance interne scenario rapporter depot trimestriel securite echange commission collection appele rentabilite essence penurie couvert processus reporting interne solde dette securis supprimer completement rapport credit mettre jour payer statut complet supprimer definitivement utiliser systeme comptable blesser consommateur croire bureau protection financier consommateur jamais obtenir audit interne trouver partie back end profit simplement intituler rapport credit retenir otage profit mineur sembler petit echelle riche geant entreprise croire rapport negatif gravement blesser equilibre financier immediatement courtoisi professionnel xxxxxxxx compte entier supprimer rapport credit syndicat tran collectivement,probleme_transport,critique
reponse recue voir reponse cfpb joindre rez llc detailler decaissement cloture hypotheque sensiblement rez inclure intentionnellement divulgation cloture page montrer cout inclus cout decaissement effectuer assurance fiscal sequestr payer temps cloture preteur payer assurance impot actuel sequestre disperser assurance fiscal futur deduit produit pret sequestr fiscal represente valeur mois sequestr assurance represent valeur mois paiement futur inclus page confirmation voir document cloture joint paiement effectuer paiement mensuel comprendre hypotheque assurance tax sequestr requérir donne impossible rez jamais reclame paiement sequestr deuxiemement declare plainte projection augmentation taxe ville reevaluer augmenter taxe changement utilisation amelioration confirme ville inviter lire pler appeler ville verifier note rez effectuer paiement mauvais ville recupere ignorer rez augmentation taxe autorite justification approprie,probleme_transport,moyenne
cheque reglement envoye poste ancien adresse societe traiter remboursement equifa demenage maison sœur vivant regulierement sœur visite lieu semaine trouver lettre reglement equifax envoyee lettre chequ scie valide ecrit appele numero indique demande cheque chequ remplacement envoye nouveau adresse reemission autorisee chequ cheque mois poste injuste realiser cheque million dollar beaucoup aimer cheque reglement envoye poste mauvais adresse quelqu compte bancaire gros surveillance,probleme_transport,moyenne
lettre envoyee maman adresse adresse jefferson capital service llc indiquer devoir idee dette montant venir tentative appel societe jefferson capital service declare collecteur dette demande verifier adresse lettre envoyee mauvais adresse confiance bon demande verifier dette copie original contrat declare besoin verifier compte refuser liberation information personnel creancier valider dette creancier jefferson capital apparer violation rapport credit,probleme_transport,moyenne
solde hypothecaire payer complet refinancement preteur recu remboursement solde sequestre service client cit fois mail ignorer envoye portail appele chequ envoye mauvais adresse rue mauvais numero maison savoir adresse incorrect rappeler semaine confirmer cheque envoye appele chequ emi jour reception recu jour cheque fermeture compte,probleme_transport,moyenne
continuer appeler compte violation ftc arreter appeler supprimer mauvais adresse ftc cree violation ftc,probleme_transport,moyenne
voir detail plainte precedent date capital compte montrer cheque montant envoye solde precedent capital transaction retrait detail probleme verifier montant total solde demande detaille comptabilite fonds arbitrairement retirer solde heureux montrer documentation prouver source depot origination source financement incapable atteindre quelqu capital one aider mise jour adresse postal fermer cheque continuellement transmettre fraude departement messagerie vocal laisse message annee dernier concerner fermer chequ perdre mauvais adresse demande mise jour information immediatement declaration demande detailler enquete fonds retirer capital solde connaissance autorisation montant aller taille frequenc initier capital capital incapable fournir preuve juridique fonds retirer autorisation demande inclus fermer solde cheque contact avocat sujet prefererer deposer litige civil tribunal dommage pler quelqu corriger departement contact dir,probleme_transport,critique
adresse correct supprime violation fcra vouloir voir document joint violation fcra correct bon adresse supprimer mauvais adresse payer violation conformement loi fcra adresse correct icone potentiellement negativ statut potentiellement negatif compte charge ecrit type compte retard date solde carte credit xxxx icone potentiellement negativ statut potentiellement negatif compte charge ecrit type compte retard date solde carte credit xxxx icone potentiellement negativ statut potentiellement negatif compte charge ecrit type compte retard date solde utilitaire xxx,probleme_transport,moyenne
ligne telephoniqu portee debut ligne numero telephone compte requérir numero autoriser porte requérir obtenir broche liberation contacter representant ordre telephoniqu representer parler port demande choisir port satisfait service recu expliquer portage lign telephoniqu satisfait plan donnee tablette representant donne broche requérir ligne telephoniqu portee charge continuer service rendre ligne telephoniqu numero telephone attache ligne terminee date comprendre port avi collecte placement periode gouverneur etat emis ordre sejour domicil limiter droit voyager sein etat instruction ordre conge raison obtention medicament ordonnance epicerie consequer impossible litige avi collecte presume ecrire courrier capacite cfpb exercer droit avis opportunite entendre accorder droit partiel procedure reguliere initialement obtenir adresse service adresse postal indiquee massachusetts conteste autour cfpb meilleur capacite utiliser portail web identifier plainte correspondre conforme correspondre,probleme_transport,critique
hypotheque heloc terminee troisiem association pret epargne federal paiement pret cleveland commencer troisiem federal recu paiement prevu paiement principal solde lieu appliquer paiement troisiem federal modifier description paiement interet conserver montant payer trop frequemment long pret double paiement effectuer mois troisiem federal echoue appliquer paiement recu place paiement retenir date paiement pret applique phase emprunt pret alle phase remboursement troisiem federal preavi montant augmenter paiement requérir mois mois preteur contacter service recouvrement appel service client trouver arriver avis trouver envoye mauvais adresse appel passer service client expliquer paiement faire montant paiement modifier mois reponse recue troisiem federal place procedure forclusion commencer troisiem modification federal reponse demandee troisiem federal troisiem federal paiement effectuer rapport pret paiement bureau credit effectuer,probleme_transport,moyenne
adresse information article mettre jour affiche afficher vue detaille rapport vue pointage credit mettre jour mauvais adresse banque carte credit date retrait date retrait pret personnel entreprise date retrait date achat finance general enquete date retrait location location revendeur date retrait date retrait banque carte credit date retrait mine demande compte original creancier societ vendre type compte date versement statut compte statut paiement statut jour passer solde mettre jour solde mettre jour solde origine paiement mensuel alll,probleme_transport,moyenne
comenity bank victoria secret vendre dette apparent societe neglige envoyer facture adresse correct cycle facturation recu courrier retourne jamais notifier compte achat envoyer facture adresse correct achat effectuer facture temps systematiquement envoyee mauvais adresse contacter comenity bank informer jamais acheter victoria secret depense montant demande informer compte date achat achat fournir information vendre collecteur dette aimer litige charge fraude,probleme_transport,moyenne
avocat beneficiaire indemnisation accident travail facture medicale impayee couvrir transporteur indemnisation accident travail client essayer reprise obtenir information redaction dette entreprise refuser envoyer information client facture medicale contacter client bien ete contacter reprise,probleme_transport,critique
envoye rapport similaire alarmer documentation mettre jour societe implique dernier litige soumettre equifax recevoir dernier litige croire raison mauvais adresse nom creancier date type enquete ordre professionnel haut departement variete magasin banque banque carte credit banque carte credit bureau credit reclamation declaree agence evaluation credit cra presente connaître aller bureau personnellement contacter creancier bureau credit reclamation contestee conformement entente suivre loi rapport credit equitable victime fcra cas eleve fraude commencer etudier naviguer nouveau realite recherche credit connaissance approprie decouverte rapidement gentil obscurite produire long annee conscience consentemer temps mettre education travail decid temp passer appel prendre controle desordr degoutant lisse ecriture introduction cfpb beaucoup lettre impitoyable attente creancier bureau impliquer bureau revendiqu supprimer enquete difficile non autorisee historique demande devoir declaration placement rapport frauduleux show cas,probleme_transport,critique
pret payer appel telephonique capable recevoir registre titre societe financement automobile declare titre envoye mauvais adresse envoyer papier notifier adresse correct deposer titre perdre heure appel dernier fois donne sens ligne aide heure document envoye recu,probleme_transport,moyenne
tentative achat carte debit bancaire citi couverture compte fonds transaction transaction refusee raison clair appelee banque citi fournir nom complet numero compte bancaire numero carte debit numero securite social montant exact achat information vendeur participe verification telephone distinct frais port telephone frer telephone heure telephone employe citi probleme resolu finalement bloqu superviseur point augmenter voix utiliser langage grossier but entier appeler determiner autoriser acce fonds carte debit resoudre probleme refuser donner reponse regarder detail probleme trouver dedaigneux inutile probleme bancaire imprevu faute cout perdre incapable terminer transaction fet travail vent,probleme_transport,moyenne
champion hypothequ repertorie hypothequ predatric mot veritabl impot foncier envoye mauvais adresse vivant fiduci vivant avocat recevoir impot foncier champion hypothequ contact fille menacer forclusion appele arrangement paiement effectuer enregistrement paiement recu paiement harcelement menacer fille impot payer paiement champion arriver propriete location bien mal rectifier,probleme_transport,moyenne
essayer ecrire mauvais adresse alias rapport supprimer,probleme_transport,moyenne
uber visa barclaysu carte utilisee commande carte commande uber manger arriver commande remboursee equipe uber manger voir charge carte credit soulevee litige ligne obtenir courrier dire manquer information raison litige rejete service client demande envoyer litige courrier physique ecrit vraiment mauvais comportement contraire ethiqu equipe clairement client difficile recuperer remboursement valide date commande date transaction montant,probleme_transport,moyenne
ami decouvert obtenir illegalement appareil specification utiliser appareil telephoniqu xxxxt autorisee obtenir credit signer frauduleusement pret etudiant blanchir argent compte bancaire ecole frequentee pret utiliser achat achat voyage enfant vacance divorcer avocat preuve embaucher pouvoir obtenir aide exterieur telephone institution bancaire renvoyer mail rapport police obtenir offrir information exterieur vol identite service fraude rappeler bien mai raison covid asseoir pret etudiant absorber ami dette etudiant frauduleux resoudre vue obtention fonds comprendre ami influent capable mettre telephone portable plan entreprise illegalement responsable courir ville pret ecole jour obtenir frauduleusement produire pret debut annee frequent universite presque maximum conscient nom adresse modifiee frauduleusement compte adresse decouverte repertorie frauduleusement rapport credit photo piece joindre preuve appelee maniere,probleme_transport,elevee
ftc violation mine meilleur connaissance date suppression date enquete type entreprise vent societe financement information contact bymailonly date enquete date suppression type entreprise amelioration habitat information contact date enquete date suppression type entreprise societ financement automatique information contact date enquete date suppression type entreprise banque information contact non date enquete date suppression type entreprise societ financement automatique information contact date enquete date suppression date entreprise societ financement information contact non xxxxy enquete compte original creancier societ vendre type compte date collection compte statut compte origine societe creanciere vendre type compte collection date ouverture compte statut paiement statut serieusement retard date echeance mandatair attribuer agence recouvrement conceder credit apo statut service recouvrement interne solde mettre jour solde original mettre jour paiement mensuel montant souffrance solde eleve terme mois responsabilite,probleme_transport,moyenne
xxxxxx element information compte mettre jour vouloir consulter rapport detail afficher vue detaille rapport voir pointage credit mettre jour element information compte mettre jour vouloir consulter rapport detail afficher vue detaille rapport voir pointage credit mettre jour element information compte mettre jour vouloir consulter rapport detail afficher vue detaille rapport voir pointage credit mettre jour element information compte mettre jour vouloir consulter rapport detaill afficher vue detaille rapport voir pointage credit mettre jour information compte contestee mettre jour vouloir consulter rapport detaill afficher vue detaille rapport voir pointage credit mettre jour information compte mettre jour element information mettre jour vouloir consulter rapport detaill afficher vue detaillee rapport voir pointage credit mettre jour mettre jour information compte mettre jour element information mettre jour vouloir consulter rapport detaill afficher vue detaille vue rapport pointage credit mettre jour pointage credit mettre jour element information compte mettre jour mettre jour vouloir consulter detail rapport afficher vue detaille vue rapport pointage credit mettre jour element information compte mettre jour mettre jour,probleme_transport,moyenne
compte facture ecrit souffrance dossier public mine ftc violation fcra famille unique mauvais adresse vouloir supprimer corriger ajouter dernier zip,probleme_transport,moyenne
repondu porte servir agence recouvrement creance distinct alarme express mettre individuel xxxxxxx formulaire xxxxxxx prendre xxxxxxx temps serveur pratique distance social masqu porter gant mettre risque enorm milieu pandemie virus corona stand moment transporteur attendre espoir profiter pandemie mondial choquer mauvais gout subir rappeler recherche dette validite risque prendre vie hautement inacceptable pratique equipement protection approprier capacite autorisee renvoye maison raison risque eleve resultat contrat coronavirus,probleme_transport,elevee
essayer obtenir adresse incorrect appartenir supprimer rapport credit envoye lettre mois transunion recu courrier mouvement vouloir supprimer mauvais adresse preuve adresse residentiell joindre transunion,probleme_transport,moyenne
litige depose article incorrect rapport credit resultat enquete recu jour,erreur_picking,moyenne
litige depose article incorrect rapport credit jour recu resultat enquete,erreur_picking,moyenne
attention relation consommateur copie recemment obtenir service rapport credit trouver article erreur fournir documentation preuve element question inexact besoin supprimer rapport credit article litige plaidoyer supprimer compte article litige solde compte mauvais article litige pler supprimer compte societe jamais envoye notification dette section acte rapport credit equitabl demander article indique supprimer rapidement article valide inexact information obsoleter rapport credit ajout demande description enquete menee long nom adresse numero telephone contactee information pler envoyer copie mettre jour rapport notification article supprimer considerer jour delai raisonnable valider article attention rapide question,erreur_picking,moyenne
depose litige rapport credit article incorrect recu resultat enquete,erreur_picking,moyenne
pret hypothecair maison suntrust payer solde declare compte sequestr retourne semaine appel telephonique departement hypothecaire recu histoire presque appel raconter remboursement chequ coupe chequ virginie arriver rappele chequ coupe envoye poste expliquer recevoir jour cheque rappeler commencer processus recu cheque remplacement appele service hypothecair insister mettre superviseur passer service client hypothecair gererxxxx manier informee vitesse processu obtenir remboursement eventuellement trouver moyen resolution escalade equipe expliquer situation ouverture numero cas appel repete equipe resolution recu information mal tourne processus recevoir argent mesure aider obtenir remboursement temps opportun mode,erreur_picking,moyenne
paypal gerer liberer information laisse paypal separation appel telephonique retourner monde inclinable information achete velo mauvais taille mauvais couleur obtenir velo faire erreur paypal politique remboursement automatique etiquette paypal donne marchand reconnaître appele connaitre paypal marchand paypal probleme sciemment numero identification commande necessair jour paypal venir reglement navir paquet bataille heure probleme semaine considerer quelqu temps pler banque refuser probleme remboursement licenciement immediat personnel banque imminent appeler departement general centre reclamation representant centre reclamation retrait employe paypal considere blague embauche employe lycee croire employe eleve ecole education aimer remboursement immediat question rire humiliation niveau bancaire niveau federal processus serveur retraite marche monetair oui membre famill,erreur_picking,moyenne
litige depose diriger rapport credit article incorrect periode jour resultat recu,erreur_picking,moyenne
litige depose rapport credit article incorrect jour recu resultat enquete,erreur_picking,moyenne
compte experian echoue valider article compte article incorrect payer universite payer universite signaler collection article faux demander action justice corrigee,erreur_picking,moyenne
mois dernier rapporter cfpb experian perdre point credit utiliser credit disponible experian rendre point emporter semaine payee charge rapport credit verifie experian rapporter payer pointage credit abandonner point augmenter point payant chose chargee carte credit changement mois mouvement score rapport credit devenir moyen alle bon credit credit experian annee fois payer pret carte credit diminuer pointage credit abaisse point score chose demander adresse correct information employeur arbitrairement faible score chose augmenter score affecter score litige article incorrect rapport credit fin depenser mois cas annee obtenir chose correct exemple prendre mois annee complet nom correct adresse loi employeur rapporter chose precision but chose apporter cote credit annee voir essayer dur continuer ameliorer cote credit sujet pret carte credit risque marqueur obtenir pret decent maison obtenir carte credit devoir experian illegal rapport injuste score credit agence evaluation credit penal,erreur_picking,moyenne
litige depose fournir piece justificatif article incorrect rapport credit jour recu resultat enquete,erreur_picking,moyenne
deposer litige article incorrect rapport credit bien jour courant bureau credit jour supplementair passer epuise recu resultat enquete,erreur_picking,moyenne
demande ecriter precedente article incorrect repertorie violation rapport credit loi federal echoue conformer loi rapport credit aerien section usc delai fixe loi continuer declarer information erronee non verifiee tentative donnee adresse negligence intentionnel creancier loi federal,erreur_picking,moyenne
litige depose article incorrect rapport credit jour reception resultat enquete,erreur_picking,moyenne
litige bureau credit compte inexact bureau credit envoye lettre indiquer compte conteste rapport compte correctement confus verifie incorrect envoye lettre bureau demander document contenu enquet base fcra aujourd recu rapport information article incorrect bureau protocole conformite metro,erreur_picking,moyenne
litige depose article incorrect rapport credit bien jour courant bureau credit donne jour supplementair reponse delai enquete colle resultat enquete recu,erreur_picking,moyenne
depot litige article incorrect rapport credit compte nom resultat vol identite rapport depose article enquete ftc resultat repute vol identite suppression rapport credit solde compte,erreur_picking,moyenne
litige depose article incorrect information rapport credit rapport inexact,erreur_picking,moyenne
dernier achat ordinateur portable lot cadeau ete facture chaine film appele utiliser contact premier page appele donne numero telephone releve bancaire montre cout total facture argent compte courant dame ete facture presque valeur chaine video frais supplementaire annuler fois utiliser charge recu telephone remboursement aller arriere compte jour ouvrable recu mail alle banque montre remboursement numeriqu electroniqu autour remboursement fin mois decid contacter charge prendre compte courant appele demande produit rembourser ordinateur portable electriqu declaration ordinateur bien connaître jour remboursement revenir prendre compte argent decouvert cause argent compte appele plaindre arriver mettre argent compte obtenir declaration prochain semaine prendre article rembourser oui savoir appele compte argent charge ete trouver bien oui article payer bien commencer recevoir lettre dire sapin payer article continuer venir charge,erreur_picking,moyenne
depose litige article incorrect rapport credit jour recu lettre reponse enquete envoyee bureau credit,erreur_picking,moyenne
transaction non autorisee lieu banque ameriqu edd carte debit premier transaction montrer prochain transaction voleur vol compte banque ameriqu atm contacter reclamation deposee boa recu lettre reclamation fermee emi nouveau carte compte gele carte emise travail bien appele boa regulierement mois recu transfere departement representer boa boa edd compte gele fin attente reponse edd contact edd compte bien besoin contacter boa demande representer boa script litteral aider resoudre probleme pler envoyer confirmation compte boa regle representant edd repondu besoin contacter revenir edd boa dire probleme entreprise situation aide vouloir quelqu aide rembourser degel compte boa recevoir fonds edd raison pandemie travail capable financierement dependant argent fournir probleme edd ressource vraiment tendre sant mental,erreur_picking,moyenne
litige depose article incorrect rapport credit bien recu jour resultat enquete carver financier llc creancier origine,erreur_picking,moyenne
mise jour information collection correctement payee montant total comprendre preuve recu societe arriere signaler information incorrect rapport credit equifax enquetant besoin preuve enquete responsable information ete supprimee profil credit objet mettre jour suppression rapport credit article incorrect negatif,erreur_picking,moyenne
litige depose article incorrect rapport credit jour reception resultat,erreur_picking,moyenne
mardi envoye uspscmr contacter agence evaluation supprimer rapport donnee inexact place agence evaluation credit prendre article incorrect verifier article procedure approprie,erreur_picking,moyenne
article trouver incorrect rapport enquete enquete prendre temps,erreur_picking,moyenne
commencer signaler divergence contester article incorrect rapport credit agence experian date resolution obtenir agence envoye victime croire discrimination fondee age,erreur_picking,moyenne
rapport article incorrect dossier credit information adresse incorrect article rapport erreur resultat vol identite bal bal xxxxxxx bal,erreur_picking,moyenne
achat effectuer paypal envoye mail marchand annuler commande commercant refuser annuler commande expedie mauvais article place soumettre litige refuser donner opportunite faire appel refus documentation supplementair prendre charge transaction frauduleux ajout commercant contact bureau location colis confirmer livre recu petit paquet masque place table couture recherche plainte commercant probleme fraude,erreur_picking,moyenne
soumettre plainte portail plainte cfpb plainte indiquee inexact article incorrect rapport dossier credit vouloir informer enquete information fournisseur initie entreprise ameublement fournir resultat envoyer resultat esperer resoudre probleme question supplementair appeler visiter myequifax creer compte gerer gel securite ajouter supprimer alerte fraude initier litige dossier credit acceder rapport credit equifax gratuit excus donnee reprise preuve fournir dette valide,erreur_picking,moyenne
concerner nom essayer rapport article inexact rapport credit annee bureau credit essayer eviter responsabilite examen supprimer article incorrect demander autorisation joindre preuve identite ecrire plainte ecriture pler respecter temps permettre accepter excuse travail bureau credit reponse electroniqu connaitre tactique acceptable bureau credit remplir responsable intention voler argent ignorer collection compte negatif jamais possede connaître acte rapport credit equitabl demande plainte examinee attentivement reglement delai jour emploi appartenir pler supprimer adresse appartenir preuve joindre adresse actuel selectionner boite signalee carte credit appartenir jamais signer contrat signer dette supprimer compte declar fournir document complet supprimer delai jour compte rapporter fournir document complet supprimer periode temps jour signaler jamais entreprise obligation financier vouloir supprimer signaler preuve original demande contrat montrer consentement signature recu informer,erreur_picking,critique
litige depose article incorrect rapport credit jour recu resultat enquete effectuer,erreur_picking,moyenne
non conteste article incorrect rapport credit envoye historique paiement ordonnance tribunal litige revenir correct envoye rapport exposition chequ incorrect compenser ordonnance tribunal bancaire cacher pension alimentaire enfant,erreur_picking,moyenne
contacter agence evaluation credit article incorrect rapport rapporter agence credit informe compte reel verifier fournir preuve arriver conclusion,erreur_picking,moyenne
litige depose article incorrect rapport credit jour resultat enquete recu,erreur_picking,moyenne
equifax montant conteste indique rapport credit rapport credit souffrance jour rapport objet base facturation frauduleux non autorisee litige cours depose plainte equifax article incorrect rapport credit demander statut chang jour retard conteste correct croire requérir statut cas fournir detail plainte cours offrir immediatement fournir document relatif equifax modifier entree incorrect rapport credit demande documentation offrir reponse type plainte equifax continuer porter faux charge rapport credit,erreur_picking,critique
besoin credit fichier mettre jour information correct probleme fichier article incorrect adresse actuel nom vouloir supprimer nom variation dob numero telephone portable appartenir credit vouloir supprimer,erreur_picking,moyenne
impossible acceder compte equifax litige article rapport credit journal recevoir message dire pler service client passer heure numero telephone service client equifax verification approfondi declare fonctionner suite mail dire resolu essay journal donne erreur repondu mail obtenir reponse appele continuer travail obtenir reponse ecrite rappel telephoniqu donne resultat erreur accer impossible portail rapport score equifax incapable utiliser adresse service resolution litige ligne rapport credit article incorrect,erreur_picking,moyenne
site web compte epargne offrir bonus inscription suivre invite ouverture compte jour ouverture compte utiliser fonction chat direct confirmer compte entree qualifie dialogue banquier agree confirmer recevoir bonus appele demander membre equipe minute confirmee ligne enregistree litige soumettre qualifier faire savoir recevoir reponse jour ouvrable voir reponse fonds discuter transcription chat banquier agree examiner cas assurer voir banque traitee mauvais produit honorer bonus promotionnel fois rencontre activite qualification pler aider resoudre journal chat prendre compte information connectee bonjour configuration compte recherche deplacer bonus fonds depose automatiquement configuration accelerer economie montant maximum compte accumuler interet bonjour examiner compte patience verifier recevoir bonus bien aimer besoin deposer fonds journee date ouverture compte besoin maintenir fonds jour maintenir fonds obtenir bonus,erreur_picking,moyenne
rapport article incorrect dossier credit information adresse incorrect experian experian article rapport erreur resultat vol identite bal experian bal experian bal experian,erreur_picking,moyenne
litige depose article incorrect rapport credit bien bureau credit autoriser jour supplementair enquete recu resultat enquete,erreur_picking,moyenne
probleme reporting compte negatif fois ensemble donnee probleme article erron date paiement annee dernier activite probleme montrer date solde facture dernier activite probleme rapport experian date charge payee note entierement supprimer compte derogatoir atteindre annee echeance,erreur_picking,moyenne
violation fcra desaccord total enquet reponse article incorrect repertorie apparaitre rapport credit enquet aimer article immediatement bon cause inexactitude cote credit prejudiciabl numero compte compte incorrectement declare numero compte rapport credit transunion match numero compte solde compte rapporter rapport credit transunion inexact pler supprimer completement rapport credit ligne commercial inexact droit section fcra joindre page resultat enquete transunion numero fichier date ligne commercial etat verifie precis mettre jour impossible declare initial plainte bureau protection consommateur soumettre solde compte declare transunion inexact ajout inspection decouvert numero compte fournir compte correspondance transunion numero indique joindre dernier document solde conformement loi rapport credit equitable titre droit public section section demande fournir information preuve reelle confirmation generee ordinateur vouloir fournir nom,erreur_picking,critique
ecrit litige depose lvnv funding llc dater recemment courrier certifier usp voir piece joindre rapport credit article incorrect jour jour recu resultat enquete,erreur_picking,moyenne
litige envoye lettre ecrite vol identite resolution atteint jamais contacter societe credit jamais repare article incorrect repertorie adresse rapport credit dette commercial mine credit affecter,erreur_picking,moyenne
envoi demande ecriter article incorrect repertorie violation rapport credit loi federal echoue conformer loi rapport credit equitable section usc delai fixe loi declaration continuer information erronee non verifiee tentative donnee adresse negligence intentionnel creancier loi federal date solde date solde date solde date solde date solde date solde,erreur_picking,moyenne
contester article incorrect experian continuer article verifie appeler creancier demander preuve validation dette compt fournir montrer compte valide preci verifiabl fcra atteindre entreprise presume dossier information repondre lettre certifiee demander preuve compte appartenir preoccupation experian valider dette appel precis ecrire lettre contestation information fournir rapport credit obtenir reponse cas creancier experian echoue assurer information mettre rapport credit precis verifiabl dommageable rapport credit global futur creancier,erreur_picking,moyenne
depose litige transunion article incorrect rapport credit envoye demande conformer lettre reception mettre jour bien jour recu resultat enquete,erreur_picking,moyenne
remplir litige article incorrect rapport credit recu resultat enquete,erreur_picking,moyenne
litige depose element incorrect rapport credit jour recu resultat enquete suite enquete rapport reconnaître conteste date date date,erreur_picking,moyenne
litige depose article incorrect rapport credit bien jour courant bureau credit donne jour supplementair epuise recu resultat enquete,erreur_picking,moyenne
tentative resoudre article incorrect signaler transunion demande fournir preuve compte verifie precis appartenir demande methode verification utiliser fournir contrat juridiquement contraignant porter signature compte dpt edxxxx,erreur_picking,moyenne
transunion depose litige article incorrect rapport credit jour recu resultat enquete pret creancier initial creancier initial,erreur_picking,moyenne
litige depose rapport credit article incorrect bien jour recois resultat enquete,erreur_picking,moyenne
tentative resoudre article incorrect signaler equifa demande fournir preuve compte verifie precis appartenir methode demandee verification utilisee ajout fournir contrat juridiquement contraignant porter signature compte,erreur_picking,moyenne
commencer signaler divergence contester article incorrect rapport credit agence date transunion resolution obtenir agence envoye beaucoup croire age victime discriminatoire,erreur_picking,moyenne
litige depose rapport credit article incorrect pourtant recu resultat enquete,erreur_picking,moyenne
litige depose article incorrect rapport credit jour resultat enquete,erreur_picking,moyenne
acheter couverture complet dac voiture totaliser compagnie assurance payer dac compte payer payer complet afficher mauvais modele signal voiture interet essayer fonctionner correctement supprimer rapport credit aider supprimer information deposee valeur incorrect possedee payee possede information incorrect faux pler aider supprimer rapport assurance reclamation payee complet,erreur_picking,moyenne
litige depose article incorrect rapport credit transunion jour puits resultat recu recu resultat enquete transunion,erreur_picking,moyenne
litige depose article incorrect rapport credit bien recu jour resultat enquete lobel financial creancier initial,erreur_picking,moyenne
contacter conteste information personnel incorrect fichier divulgation consommateur sagestream appele reprise repondre telephone appel lettre litige envoyee courrier certifie courrier certifi lettre recent recue donner loi date reception resolution reponse lettre litige point loi temps passer montrer verification preuve enregistrement information conteste article incorrect supprimer,erreur_picking,moyenne
litige depose concentrer service financier article incorrect rapport credit facture enrolee envoyer lettre jour recu resultat enquete,erreur_picking,moyenne
differend depose bureau credit article incorrect rapport credit jour reception litige resultat commentaire,erreur_picking,moyenne
hypotheque inclus chapitre faillite liberee bureau syndic envoye paiement final commencer effectuer paiement remarqu pret rapide appliquer paiement pret fonds asseoir paiement partiel compte non applique premier fois appele pret rapide parler avocat faillite informe faillite liber envoye document liberation reclamation recevoir prendre jour processu jour changement contacter envoye imprimer paiement envoye bureau syndic totaliser paiement demande compte applique bureau syndic appliquer fonds envoye lettre demander compte corriger vouloir impression detaille paiement credit annee dernier erreur releve facturation rapport credit releve fiscal annuel mois recu annee reponse recu relev fiscal accelerer pret incorrect releve facturation recu aujourd montrer devoir montrer solde non applique commencer interroger compte erreur solde non applique signifier presque compte paiement applique demande service faillite autoriser rapport credit,erreur_picking,moyenne
remplir litige article incorrect rapport credit bien jour tenir loi reponder recu resultat enquete,erreur_picking,moyenne
litige depose rapport credit article incorrect recu mise jour resultat enquete,erreur_picking,moyenne
lettre litige deposee article incorrect rapport credit semaine jour recu information resultat,erreur_picking,moyenne
lettre envoyee societe contester inconnu article incorrect repertorie rapport credit aujourd recu reponse sentiment profiter respect loi section fcra clairement declare echec enqueter article journee donner raison immediatement supprimer article rapport credit jour supprimer immediatement demander aide cfpb societe ordre compte inconnu supprimer immediatement societe conformer aider fichier cfpb litige situation douleur stress cause informe information entreprise impactee recent violation donnee suspect contribuer rapport article inexact,erreur_picking,critique
manqu article command,article_manquant,moyenne
colis incomplet,article_manquant,moyenne
manqu produit paquet,article_manquant,moyenne
incomplet livraison,article_manquant,moyenne
oublier produit command,article_manquant,moyenne
manqu article,article_manquant,moyenne
commande complet,article_manquant,moyenne
absent produit colis,article_manquant,moyenne
manqu piece command,article_manquant,elevee
recu partie command,article_manquant,elevee
colis partiel,article_manquant,moyenne
oublier envoyer produit,article_manquant,moyenne
piece paquet,article_manquant,moyenne
manqu accessoire,article_manquant,faible
article principal manquant,article_manquant,elevee
produit absent livraison,article_manquant,moyenne
commande incomplet manqu piece,article_manquant,moyenne
oublier inclure article,article_manquant,moyenne
manqu element command,article_manquant,moyenne
livraison incomplet article,article_manquant,moyenne
colis manqu produit,article_manquant,moyenne
produit recus,article_manquant,moyenne
manque article command,article_manquant,elevee
produire colis,article_manquant,moyenne
manqu chargeur appareil,article_manquant,moyenne
commande arrivee incomplet,article_manquant,moyenne
oublier envoyer accessoire,article_manquant,faible
manqu cabl produire,article_manquant,faible
article absent paquet,article_manquant,moyenne
commande entiere,article_manquant,moyenne
manqu livre command,article_manquant,moyenne
article manquant urgent,article_manquant,elevee
colis complet,article_manquant,moyenne
partie command absent,article_manquant,moyenne
manqu element produire,article_manquant,moyenne
incomplet livraison urgent,article_manquant,elevee
oublier article cher,article_manquant,elevee
manqu piece essentiel,article_manquant,elevee
article recus,article_manquant,moyenne
commande partiellement recue,article_manquant,moyenne
absent element paquet,article_manquant,moyenne
manqu produit principal,article_manquant,elevee
livraison incomplet urgent,article_manquant,elevee
colis mal prepare manqu,article_manquant,moyenne
oublier inclure produit important,article_manquant,elevee
manqu produit valeur,article_manquant,elevee
incomplet besoin manqu,article_manquant,moyenne
article manquant colis defaut,article_manquant,moyenne
bonjour recu colis matin manque article commande,article_manquant,moyenne
colis arriver incomplet manque produit commande,article_manquant,elevee
venir recevoir commande article important absent,article_manquant,elevee
manque cable alimentation boite recue,article_manquant,moyenne
commande article recu,article_manquant,moyenne
commande incomplet article manquant,article_manquant,elevee
colis arriver produit principal commande,article_manquant,elevee
bien recu colis manque accessoire ajouter,article_manquant,faible
recu qu partie commande article,article_manquant,moyenne
produit manquant livraison aujourd,article_manquant,moyenne
colis arriver matin incomplet manque article important,article_manquant,elevee
bonjour commande appareil electroniqu chargeur manquant,article_manquant,moyenne
commande livre incomplet manque titre,article_manquant,moyenne
produit bien accessoire commande,article_manquant,faible
venir recevoir commande manque moitie article,article_manquant,elevee
colis contenir produit indique bon commande,article_manquant,moyenne
bonjour livraison incomplet produit manquant,article_manquant,elevee
recu colis manque piece rechange commandee,article_manquant,moyenne
colis arriver produit cher commande,article_manquant,elevee
manque article commande livree hier,article_manquant,moyenne
mauvais produit recu,erreur_picking,moyenne
bon article,erreur_picking,moyenne
erreur produit livre,erreur_picking,moyenne
article command,erreur_picking,moyenne
mauvais modele recu,erreur_picking,moyenne
bon taille,erreur_picking,moyenne
mauvais couleur produire,erreur_picking,moyenne
article incorrect livre,erreur_picking,moyenne
recu mauvais reference,erreur_picking,moyenne
erreur preparation command,erreur_picking,moyenne
produit correspondre,erreur_picking,moyenne
livre mauvais article,erreur_picking,moyenne
erreur quantite recue,erreur_picking,moyenne
recu produit erreur,erreur_picking,moyenne
recu mauvais ordinateur modele commande,erreur_picking,elevee
produit recu selectionne,erreur_picking,moyenne
erreur commande article recu demande,erreur_picking,moyenne
avoir envoye mauvais modele appareil,erreur_picking,elevee
commande taille recu taille,erreur_picking,moyenne
couleur recue selectionnee site,erreur_picking,faible
erreur preparation produit recu bon,erreur_picking,moyenne
bonjour recu livre commande,erreur_picking,moyenne
erreur livraison avoir envoye client,erreur_picking,elevee
numero reference produit recu correspondre commande,erreur_picking,moyenne
recu ordinateur portable commande tablette,erreur_picking,elevee
article totalement commande site,erreur_picking,moyenne
erreur picking avoir livre mauvais produit,erreur_picking,moyenne
modele recu bon commande version,erreur_picking,moyenne
paquet contenir produit jamais command,erreur_picking,moyenne
commande tarder arriver,retard_livraison,moyenne
colis retard,retard_livraison,moyenne
long attente livraison,retard_livraison,moyenne
jamais recu commande,retard_livraison,elevee
livraison lent,retard_livraison,moyenne
commande non livree,retard_livraison,elevee
colis perdre,retard_livraison,elevee
retard livraison important,retard_livraison,elevee
attente trop long colis,retard_livraison,moyenne
recu paquet,retard_livraison,moyenne
colis venir,retard_livraison,moyenne
livraison deper delai,retard_livraison,elevee
commande introuvable,retard_livraison,elevee
colis bloquer livraison,retard_livraison,moyenne
lancer commande rien recu,retard_livraison,elevee
semaine attendre commande,retard_livraison,elevee
colis arriver date livraison depassee,retard_livraison,elevee
recu colis jour attente,retard_livraison,moyenne
commande tarder beaucoup arriver,retard_livraison,moyenne
arriver commande,retard_livraison,moyenne
livraison colis prendre trop temps,retard_livraison,moyenne
recu commande passee jour,retard_livraison,elevee
paquet retard aucun information,retard_livraison,moyenne
delai livraison largement deper,retard_livraison,elevee
bonjour attendre commande semaine,retard_livraison,elevee
colis arriver suivi indique transit,retard_livraison,moyenne
commande rien arriver,retard_livraison,moyenne
commande tarder savoir arriver,retard_livraison,moyenne
retard considerabl livraison colis,retard_livraison,elevee
