texte,categorie,priorite
les frais en double viennent la carte de chômage originale a suivi l'étape rapporter la carte d'annulation de charge frauduleuse soumettre la documentation charge frauduleuse demander une nouvelle carte émise presque une semaine je peux contacter le service client attendre min heure se déconnecter vouloir accéder aux allocations de chômage,erreur_administrative,moyenne
contacté à plusieurs reprises l'entreprise exigeant un paiement incorrect a également soumis l'écriture contestant le montant l'entreprise a été poursuivie à plusieurs reprises pour surcharge du client fausse publicité facturation incorrecte également alertée à plusieurs reprises alerte placée un recours collectif de l'entreprise le procès n'était pas au courant le fiancé est décédé besoin de tout réparer le créancier de crédit mais résoudre le problème aimerait supprimer le rapport de crédit en raison de frais surfacturés incorrects harcèlement informations de preuve jointes,erreur_administrative,elevee
déposé litige poursuite visa charge compte fait charge deux billet d'avion prévu reçu avis vol annulé remboursement bon offert vol annulé remboursement complet carte de débit autorisée loi u loi juste crédit facturation loi chasse visa demandé des informations supplémentaires concernant le litige fourni copie e-mail indiquant vol annulé copie tentative contact remboursement chronologie communication air clairement indiqué résumé notant annulation vol répondu litige annulé preuve de vol donné déclaration billet éligible remboursement poursuite convenu dit charge valable même si preuve écrite annuler vol conclusion fournissant encore information e-mail montrant annulation vol poursuite visa répondu mai valide plainte marchand résultat examen supplémentaire confirmer transaction valide erreur de facturation s'est produite contacté chasse visa litige département dit erreur l'agent de facturation a également déclaré que le commerçant avait évalué le litige concernant les erreurs de facturation et qu'il effectuait le litige concernant les services contractuels. Il a déclaré que rien ne pouvait être fait puisque les frais demandés pourraient soumettre à nouveau les données.,erreur_administrative,moyenne
soumettre une plainte crédit extrêmement affecté service de gestion ncb complètement injuste ne sait pas obtenir le portail vouloir express subi un gros impact pointage de crédit vécu une pire période situation de vie entreprise rapportant des informations fausses compte échoué marque compte contesté également signalé plusieurs erreurs de facturation charte internet créancier d'origine pratique commerciale déloyale informations de compte suivant ncb management service inc ouvert date solde original nom du créancier californie demande basée nombreux dommages violation commis violation violation californie xxxxxxxx rapport d'échec première date de délinquance violation excessive d'appel californie protection des consommateurs acte échec valider compte produire détail instrument de dette violation ccra trompeur pratique commerciale négligence facturer des intérêts déraisonnables ensemble décision de la cour suprême de californie v société entreprise enregistrée recherche californie pennsylvanie vouloir l'article retiré rapport de crédit dès que possible veuillez voir la documentation ci-jointe société remercier,erreur_administrative,moyenne
transaction de crédit à la consommation entrée service financier toyota transaction de crédit à la consommation incluse frais financiers conformément à la somme des frais de financement transaction de crédit à la consommation service financier toyota a pris paiement du véhicule annoncé violation de paiement conformément au service financier toyota jamais divulgué option option transaction signalée service financier toyota également transaction signalée violation de l'agence d'information sur les consommateurs transaction survenue carte de crédit supposé exclu rapport du consommateur le long d'appels téléphoniques erronés erreur de facturation lexus bien violation collecteur de dettes peut communiquer connexion consommateur recouvrement dettes envoyé plusieurs lettres certifiées agence d'information sur les consommateurs service financier toyota retour carte de signature verte,erreur_administrative,moyenne
Salut l'équipe a reçu l'e-mail suivant matelas ferme respect compte de carte de crédit de synchronisation assez curieusement compte fermé mais capable de placer des frais substantiels sans autorisation de tri implication fin merveille personne impactée commune également question de sécurité charge de l'entreprise compte fermé appelé confirmé courrier électronique valide spam merci enquêtant sur l'e-mail bonjour récemment rencontré un problème dans le système qui a entraîné une charge par inadvertance de l'erreur de compte financier de synchronisation signalée à l'équipe de travail de synchronisation charge inversée depuis qu'une erreur s'est produite dans le système back-end aucun des deux magasins n'a effectué l'achat original service client enregistrement de la charge en double capable d'aider à corriger l'erreur s'il vous plaît savoir travailler correctement envoyer suivre l'e-mail synchronisation confirmée charge inversée s'excuser erreur cause un inconvénient merci matelas service client ferme,erreur_administrative,moyenne
contacté rayon solution globale concernant le problème de compte de recouvrement médical facturation d'assurance pouvoir obtenir le problème correct supprimer le solde fermer le compte même envoyé e-mail preuve facture ajustée à l'origine envoyé par courrier électronique contacter l'agence de recouvrement supprimer le rapport de crédit de la dette contacté rayon global rayon superviseur a dit que l'un ou l'autre appellerait pourrait obtenir quelque chose par fax mettre à jour le compte contacté représentant informé compte attendu atteint gestionnaire autorisé ajuster le compte bien le représentant a dit d'envoyer quelque chose rayon global obtenir la dette supprimée également envoyé par e-mail quelque chose montrant le compte mis à jour refléter appelé rayon retour transmis a obtenu le superviseur a expliqué essayer d'obtenir le prêt hypothécaire nécessaire supprimé immédiatement dit rayon représentant précédent compte vérifié rappelé vérifié rappelé pourrait être supprimé rapport de crédit demandé fait depuis continuerait à signaler une erreur de facturation de collecte déclaré vouloir désinformer disant dit quelque chose de mal déclaré ne pas normalement recevoir d'appel demandant trouver dur croire dit que la recherche pourrait rappeler lundi pourrait dans,erreur_administrative,critique
ensemble acheté tables de chevet prix de l'entreprise table de nuit coût de fabrication ensemble carte visa costco facturée deux fois continuer à réclamer le commerçant refusant d'émettre un crédit en double charge e-mail société disant chargé visa refuser écouter dire fermé litige faveur moyen empocher marchand payé carte de crédit un jour appelé visa temps temps suspendu réclamer pouvait entendre dire costco visa historique double charge compte tomber malade fatigué autoritaire vouloir fermer carte résolu rapport agence d'information sur les consommateurs remercier aider fournir,erreur_administrative,moyenne
soumettre une plainte extrêmement affecté action de gestion du crédit complètement injuste ne sait pas obtenir le portail vouloir express a subi un gros impact pointage de crédit a vécu une pire période situation de vie entreprise rapportant des informations erronées compte échoué marque compte contesté également signalé plusieurs erreurs de facturation charte internet créancier d'origine pratique commerciale déloyale informations de compte nom du compte suivant gestion du crédit inc numéro de compte créancier d'origine date d'ouverture solde élevé basé sur la demande de nombreux dommages violation commise veulent que l'article soit retiré rapport de crédit dès que possible s'il vous plaît sed documentation jointe société merci,erreur_administrative,moyenne
voir la date de réclamation pour fraude en pièce jointe États-Unis enquêter sur le jour de la loi donner à la banque résoudre la fraude suivie États-Unis voir la déclaration ci-jointe commençant l'enquête sur la fraude crédit fourni faire une enquête permanente fournie voir la déclaration ci-jointe transaction frais en double total total des frais en double États-Unis enquêter sur la fraude signalée États-Unis fournir un crédit aux États-Unis enquêter sur la transaction en double publiée aux États-Unis,erreur_administrative,moyenne
"cher agent propriété financée à l'origine prêt bancaire hsbc également modifié banque prêt récemment refinancé deux frais erronés compte publié hsbc un un capable de récupérer la première charge injustifiée depuis le relevé hypothécaire mensuel déclaré avant le refinancement, mais la deuxième charge révélée jusqu'à exactement la veille de la date de clôture du refinancement xxxxxxxx solde récupérable attachéxxxx l'emprunteur estimatif du relevé de règlement doit fermer le refinancement, sinon il perdrait un taux de refinancement favorable bien avancé évaluation payée hsbc a déclaré les frais encourus en raison de la modification du prêt expliqué divulgué l'accord de modification du prêt hsbc clairement indiqué montant impayé modification du prêt additionné inclus final modifié montant du prêt accord de modification du prêt surligné en jaune explication basée sur l'accord de modification prouvé hsbc a supprimé les premiers frais en double lettre de hsbc mais bientôt prêt refinancé hsbc a répondu en remboursant les deuxièmes frais injustifiés depuis que nous avons activement poursuivi résoudre le problème à l'amiable directement hsbc quelle que soit la cliente déduite",erreur_administrative,moyenne
cher depuis que j'ai notifié Comenity Capital Bank Litige Erreur de facturation Montant du compte de carte de crédit Montant de la carte de crédit inexact. la banque demandant fournir un formulaire de demande de transmission électronique avec des informations complètes sur le bénéficiaire numéro de compte de carte de crédit gestionnaire de relations de transaction bancaire ok fourni lettre jointe contenant des données détaillées informations sur la transaction immédiatement envoyées par la banque de capital communautaire oh lettre reçue banque de capital commercial indiquant qu'elle est incapable de suivre les informations de paiement,erreur_administrative,critique
"Capital One, une société de carte de crédit, un fournisseur a créé une carte de crédit en double non autorisée, Capital One a échoué à enquêter correctement sur les détails des frais, compte tenu de l'étape de téléchargement du document.",erreur_administrative,moyenne
litige déposé assurance auto venir automatiquement accidentellement payé bien réalisé erreur immédiatement appelé banque nationale american express litige déposé temps dit compte toujours en attente compte rendu le jour compte vérifié du septième jour transaction de compte posté appelé banque enquêter argent dit litige déposé pourrait obtenir de l'argent retourné un autre jour regardé compte également vu frais en double essayer rectifier la situation moyenne dit fait partie a également attendu argent retourné dit au représentant du service client voulait parler superviseur continuellement continué parler a insisté parler superviseur donner également de l'argent superviseur numéro de représentant du client suit le numéro de compte banque american express banque nationale,erreur_administrative,moyenne
plainte concernant un litige daté d'un litige achat d'un billet d'avion d'une valeur en dollars daté numéro d'enregistrement du litige créancier inclus enregistrement de la plainte premier échange d'e-mails service client deuxième échange d'e-mails service client échange d'e-mails département transport deuxième lettre de réclamation créancier département transport mandat original justifie la réclamation remboursement complet argumenté réclamation originale annulée vol dû complication initialement essayé offre bon de remboursement formulaire de remboursement répondu dû remboursement complet obligatoire par département avis d'exécution du transport demandé compte informations transfert remboursement rapidement coupé communication réponse e-mail d'ouverture initiale litige créancier argumenté terme de remboursement rempli remboursement dû remboursement réclamé remboursement du commerçant politique d'annulation donc dû tout ce qui est complètement ignoré point application inclus la réclamation en litige a également échoué à répondre à la plainte dans les délais requis indiquant l'intention d'interagir avec le commerçant de bonne foi et le créancier obligé de crédit a,erreur_administrative,moyenne
lettre datée du motif suivant décision de fermeture du compte score fico fourni paiement récent effectué retourné impayé rapport de crédit basé sur l'institution financière en souffrance évaluation du créancier solde renouvelable total carte de crédit indiqué rapport de crédit à la consommation après réception lettre fournie notifié victime vol d'identité résultant des informations rapportées affecté frauduleux incorrect score fico historique de paiement créditeur total renouvelable solde indiqué rapport du consommateur concernant le paiement retourné paiement référencé retour dû sécurité fermeture chèque compte d'épargne fait protéger conséquence défavorable fraude expérimenté réglementation fédérale accord de membre de la carte limite de responsabilité de l'état transaction frauduleuse résultant vol d'identité prendre des mesures défavorables victime pleinement informée vol d'identité informations frauduleuses reflétées rapport de crédit résultat suivi fourni instruction fournie soumis d'innombrables documents demandés prouvant le statut la victime n'a jamais manqué le paiement compte correct répertorié co,erreur_administrative,elevee
contesté deux transactions totalisant la fin du compte de carte de crédit traité site Web transaction question codée Bank America a fourni la déclaration suit le créancier Bank America a échoué à reconnaître le litige a continué à envoyer incapable de traiter la lettre d'enquête malgré le fait en temps opportun transaction contestée dans la journée prescrite loi sur la facturation du crédit équitable a demandé à plusieurs reprises au créancier Bank America contacter le site Web du marchand fournir des preuves documentaires charge créancier Bank America a échoué en temps opportun soit donner un crédit temporaire fournir des preuves documentaires vérifier la carte de crédit requise loi sur la facturation du crédit équitable code correction erreur de facturation apparaît créancier Bank America soit par négligence intentionnellement autorisé expirer le délai demande de documentation justificative banque marchand L'Amérique n'a pas contacté le commerçant pour tenter de résoudre le litige dans les délais écrits à condition que la communication ait été reçue par le commerçant. Position indicative du commerçant concernant le litige concernant les frais. La loi fédérale sur la facturation du crédit équitable fournit un remède à la section décrite par le consommateur.,erreur_administrative,moyenne
déjà contesté illégitimité dette crédit bureau avec succès à deux reprises premier litige réussi gestion des ressources de crédibilité passé compte société appelée été un autre litige réussi gestion des ressources de crédibilité retour contact essayer de collecter le montant dû compte réglé facturation annulation inclus plusieurs frais en double frauduleux expliqué gestion des ressources de crédibilité performances des créances bureau de crédit gestion des ressources de crédibilité dire le montant du paiement doit considérer le compte fermé rapport troisième fois deux litige réussi gestion des ressources de crédibilité dire payer dans la journée revenir en arrière rapport sur la dette illégitime agence de crédit malgré deux litiges réussis,erreur_administrative,moyenne
contesté deux transactions totalisant la fin du compte de carte de crédit traité site Web créancier Bank America a échoué à reconnaître le différend a continué à envoyer incapable de traiter la lettre de demande de renseignements malgré le fait en temps opportun transaction contestée dans la journée prescrite loi sur la facturation du crédit équitable a demandé à plusieurs reprises au créancier Bank America contacter le site Web du marchand fournir des preuves documentaires charge créancier Bank America a échoué en temps opportun soit donner un crédit temporaire fournir des preuves documentaires vérifier la carte de crédit requise loi sur la facturation du crédit équitable code correction erreur de facturation apparaît créancier Bank America soit par négligence intentionnellement autorisé expirer le délai demande de documentation justificative marchand Bank America a échoué à contacter le marchand tentant de résoudre le litige dans délai écrit fourni communication reçue commerçant indicatif position du commerçant concernant le litige de charge loi fédérale loi sur la facturation du crédit équitable fournit un remède consommateur décrit la section e suit l'effet non-conformité exigence créancier le créancier échoue,erreur_administrative,moyenne
acheté ordinateur société affiliée nom de l'ancien employeur paiement ordinateur effectué via retenue sur salaire ordinateur payé intégralement avant démission ancien employeur fait assurer le solde impayé dû avant le départ solde impayé ordinateur déduit chèque de paie final déclaré nom de l'agence de recouvrement de créances dyck solde impayé faux fait tentative parler à quelqu'un erreur de facturation prévaloir également contesté agence de recouvrement des charges prévaloir erreur signalée doit être supprimé,erreur_administrative,moyenne
"utilisé carte de chasse service livre condo reçu e-mail réservation du marchand annulé offrant crédit achat futur toujours en cours lieu séjour crédit travail essayer contacter le commerçant rappeler essayé d'appeler poursuite litige charge appelée plusieurs jours en raison du temps d'attente covid heure heure appelé incertain allé en ligne litige charge baisse sélection choisi sélectionné recevoir la marchandise demandée date supposée recevoir la marchandise permettrait e continuer la date future contestant le commerçant annulé la réservation permettrait donc de continuer confus retourné sélectionné la meilleure option suivante service annulé section de commentaire est allé détail spécifique expliqué marchand annulé réservation reçu lettre indiquant poursuite considérée charge valide confus appelé chasse obtenir réponse représentant dit sélectionné spécifique boîte de dépôt réclamation automatiquement refusé ledit fax écrit demandant le remboursement de la poursuite réclamation ouverte expliquer expliqué déclaré pouvoir voir le commentaire écrit faxé des informations détaillées, y compris l'e-mail du journal des appels du commerçant prouvant que le commerçant a annulé sa recherche",erreur_administrative,elevee
"écriture litige série erreur de facturation capital un compte de carte de crédit malheureusement prendre conscience des frais récurrents point de l'année immédiatement appelé capital un litige frais depuis le montant croissant total charge service jamais souscrit répertorié bientôt devenu conscient charge appelé capital on dit jamais service carte désactivée plus en mesure d'utiliser la ligne vérifiée crédit attendu choqué voir une autre charge affichée appelée capital on a dit au vendeur litige contesté malgré la raison de la carte désactivée empêcher la charge fournirait des informations pourrait arriver dire au vendeur le droit de continuer à facturer la carte désactivée bien qu'il ait déjà tenté d'atteindre deux occasions différentes tenir presque une heure sans atteindre personne pourrait également aider tenté de contact via litige traiter le compte via le compte de messagerie indique que l'abonnement est également dans une impasse, le fait reste souscrit au service de télévision payant un inutilisé depuis le capital appelé un à deux occasions le site Web s'est plaint a reçu une réponse cherchant à ce que quelqu'un récupère un indice de confirmation",erreur_administrative,critique
aimerait déposer une plainte Chase titulaire de la carte service concernant une mauvaise gestion litige valide problème atelier de réparation automobile réparer correctement le véhicule causé dommages retournés véhicule quatre fois cours un mois temps non réparé a finalement pris un autre atelier de réparation réparé correctement déclaré écriture magasin précédent pièce installée de manière incorrecte causant des dommages contesté frais effectués carte de poursuite montant affiché litige original poursuite poursuite jamais contacté discus litige envoyé lettre datée indiquant la charge considérée valide envoyé documentation détaillée fax réclamé reçu également contacté téléphone réponse précoce examen demandé litige envoyé documentation détaillée fax Chase a répondu lettre datée toujours considérée comme charge valide erreur de facturation jamais réclamée réclamation de facturation marchand service complet payé qualité de fabrication fait complètement inacceptable fait causé des dommages plus beaucoup d'inconvénients dépense supplémentaire sans véhicule mois bonne foi attendu travail d'avocat de poursuite,erreur_administrative,elevee
externalisation convergente placé une marque désobligeante rapport de crédit tenter de recouvrer la dette pour un compte valide document joint montrer a commencé à communiquer concernant une déclaration incorrecte faite sécuriser l'entreprise la facturation incorrecte a commencé immédiatement après le reste des affaires au début du contact continu le représentant échangé le représentant a mis en attente a dit qu'il rappellerait sans réponse documenté un autre appel a tenté de parvenir à une résolution concernant la facturation laissé en attente le gestionnaire d'appel atteint le temps de résolution offrant donner du crédit poussé facture corrigée n'ajusterait jamais la facture réelle pense devoir de l'argent,erreur_administrative,critique
location de matériel de ski acheté équipement réservé ski co station de ski fermée publique secondaire covid annulé voyage de ski voyage de ski secondaire restriction du gouvernement tenté d'obtenir le remboursement du commerçant directement sans succès déposé un litige montant de la carte de crédit numéro de cas contacté capital une mise à jour litige dit ligne enregistrée le commerçant a répondu différend appelé gouvernement fédéral établi a dit au commerçant a répondu litige considérer litige fermé aujourd'hui jour dépôt montant du litige contacté capital un regard fourni raison le service client en mesure de confirmer le commerçant a répondu litige examen litige département note instruit aurait besoin de soumettre la demande d'écriture frais annulés selon la politique de litige le commerçant répond dans la journée cas considéré comme fermé depuis le litige déposé le deuxième commerçant communique directement la société de carte de crédit supposée fournir preuve répondre conversation enregistrée service client enfin confirmé capital une occasion distincte réponse reçue dossier du commerçant à huis clos litige déposé,erreur_administrative,moyenne
appelé réponse experian lettre de gel du crédit lettre incorrectement identifié crédit gelé appelé ivr essayé presque minute obtenir un discus humain la lettre pourrait finalement être mise en ligne numéro de téléphone trouvé service pour petites entreprises obtenu minute humaine lettre expliquée gel incorrect crédit consommateur experian ivr doit être hostile inutile ivr jamais utilisé terrible en fait perdu du temps consommateur confus délibérément terminé envoyer la lettre aller en ligne n'utilise pas le service en ligne experian période d'essai commencer à facturer besoin d'utiliser l'année de service en ligne quelque chose de complètement injuste mauvaise charge utilisation du client application en ligne résoudre le problème experian créé en premier lieu surtout depuis l'utilisation du lecteur ivr en ligne outil frais d'expérience utiliser l'outil en ligne mois en utilisant,erreur_administrative,elevee
effectué plusieurs achats de jeux en utilisant une carte de crédit appris récemment jeu piraté a également remarqué plusieurs frais en double carte de crédit atteint fournisseur de jeu magasin d'applications remboursement demandé transaction de litige de carte de crédit transaction de fraction contestée alors que les frais en double de transaction remontent loin,erreur_administrative,moyenne
barclay mastercard chargé temps billet de concert totalisant faire carte de crédit ville blessé est rentré à la maison réaliser sac à dos planificateur reçu facture charge appelé barclay a dit différend maman est venue ville aider carte payée connaissant différend barclay accidentellement payé frais contesté demandé remboursement barclay n'a jamais envoyé d'argent recevoir une lettre indiquant responsable des frais frauduleux vente de billets au box-office connaître les informations personnelles informations facebook planificateur de page informations publiques embaucher avocat aider à découvrir charge billet de concert toujours physiquement compromis obtenir facture réouverture carte de crédit montant contesté facturé payé montant contesté totalisé avocat obtenir la réponse de barclay déposée plainte nc ministère de la justice avocat obtenir la réponse de Barclay envoyée passé des heures d'innombrables avenues à essayer d'être résolu barclay voir erreur de refacturation refusée aider fraude litige cas parlé gestionnaire de recouvrement avocat investissement département sans prendre des heures obtenir n'importe qui aide téléphonique s'il vous plaît frais annuels demandés payer erreur de refacturation contacté payé cha,erreur_administrative,moyenne
découvert californie engagé collection action service d'urgence rendu preuve temps question personnellement copie carte d'assurance ii carte bic iii état valide permis de conduire de californie bureau administratif situé ca parlait assistant admiratif informé contacterait vérifier la période de couverture ii serait contacté contacté téléphone de bureau admiratif fait informé capable de confirmer la couverture d'assurance service d'urgence rendu erreur de facturation corrigerait le département des finances raisonnablement s'est appuyé sur la représentation obtenue rapport de crédit la première fois depuis l'obtention d'une copie du rapport de crédit préparer le chapitre du dossier faillite agence découverte tentant de recouvrer une dette invalide notifié une entreprise agent de recouvrement de créances bureau concernant des faits informés inexacts crédit dérogatoire rapporté par le bureau de crédit serait corrigé ci-joint copie fidèle et correcte chapitre libération de la faillite syndic informé témoignant des faits concernant une dette invalide réunion audience du créancier cas déposé plainte bureau de protection financière des consommateurs cas comp,erreur_administrative,critique
avis du créancier soumis par le consommateur erreur de facturation conformément à la conformité le créancier experian a échoué à envoyer un accusé de réception écrit avis d'erreur de facturation du consommateur daté dans la journée avis de réception requis le créancier experian a échoué à apporter la correction appropriée compte débiteur requis b échec d'envoi d'une explication écrite clarification raison du compte du consommateur correctement affiché ladite erreur de relevé dans les deux cycles de facturation complets reçu du consommateur avis d'erreur de facturation envoyé requis b ii,erreur_administrative,moyenne
"nom médical prétendant devoir une facture de laboratoire l'année dernière entre-temps informations bureau du médecin appeler le bureau a dit test de temps de couverture demander au bureau de maidcaid donner une preuve de couverture vouloir payer la facture, y compris la facturation par carte refuser a essayé beaucoup de tentatives au lieu d'aider besoin de collecte supprimer le résultat du fichier de crédit erreur de facturation incorrecte ajout du numéro de fichier cc montant du numéro de fichier montant du numéro de dossier",erreur_administrative,critique
vérifié chaque compte de recouvrement fausse charge jamais entendu entendu aller payé en espèces utilisé pense une cible un compte de maman cible contestée vouloir payer notaire signature dit erroné envoyé copie maman certificat de décès refusé supprimer marque crédit vécu u parfois payé facture carte de crédit,erreur_administrative,moyenne
rapport de crédit nm jamais essayé compte de division d'argent payé ouvert de manière inexacte besoin de suppression d'erreur de paperasse besoin de compte corrigé,erreur_administrative,moyenne
actuellement prêt exeter finance texas depuis expérience courte chute l'année dernière petit ami année médicale payé fini de payer dit prochain paiement dû garder à l'esprit dit pris accordé jour record reçu avis exeter par exemple paiement prévu dû depuis le paiement du solde publié rien n'a également été signalé plusieurs fois la semaine dernière rien payé paiement régulier appelé faire paiement dit dû covid aider le client aimerait sauter effectuer le paiement dit sûr dit mettrait la ligne enregistrée convenu sauter le paiement dit prochain dû dit bientôt reçu quelque chose mail indiquant le paiement dû essayé d'appeler plusieurs fois n'a jamais réussi ladite conversation de témoin a pensé que peut-être une faute de frappe appel faire un paiement régulier a parlé dit dû facturé en arrière année demandé une heure différente mis en attente assuré ok effectué paiement décidé voulait commerce pensé attrapé ok essayé commerce dit heure d'attente ridicule appel téléphonique exeter fait pourrait échanger vous a dit la banque a déclaré le paiement vous a demandé un camion d'argent a dit faux essayer d'obtenir des finances co téléphone exeter plusieurs appel téléphonique mettre en attente transféré ti,erreur_administrative,critique
voir ci-joint le relevé usaa transaction frais en double plus transaction en double total transaction en double jamais résolue,erreur_administrative,moyenne
contacté à plusieurs reprises l'entreprise exigeant un paiement incorrect a également soumis l'écriture contestant le montant l'entreprise a été poursuivie à plusieurs reprises pour surcharge du client fausse publicité facturation incorrecte également alertée à plusieurs reprises alerte placée un recours collectif de l'entreprise le procès n'était pas au courant le fiancé est décédé besoin de tout réparer le créancier de crédit mais résoudre le problème aimerait supprimer le rapport de crédit en raison de frais surfacturés incorrects harcèlement informations de preuve jointes,erreur_administrative,elevee
quelqu'un a utilisé frauduleusement une carte de crédit bancaire citi faire un achat jamais utilisé site Web même entendu auparavant approximativement calcul du total de la carte de transaction la banque citi n'a jamais informé les frais frauduleux malgré de nombreux soldes vérifiés en ligne voir la charge notifier également immédiatement notifié demandé au patient citi a dit pourrait prendre deux trois cycles de facturation résoudre le problème reçu communication citi tenir informé des progrès dit à citi enquête fermée résolue par e-mail apparaître le montant de l'idée du compte de crédit coïncider problème de charge frauduleuse toujours solde déclaration excédentaire de la carte montrer approximativement la nouvelle charge datée de la date de publication la charge en double apparaît le solde dit au représentant du département de fraude citi refacturé en double compte de crédit citi besoin rectifié voir relevé de carte extrêmement déroutant impossible suivre ajouter une transaction correctement juricomptable obtenu de l'aide citi soit tenté de contacter le service client la semaine dernière tenir deux heures finalement accroché comprendre la situation actuelle du personnel franchement situation problématique résolue de toute façon pat,erreur_administrative,critique
cas ouvert paypal indiquant client facturé en double fausse accusation paypal a procédé au retrait du montant du compte en plaçant le solde négatif du compte utilisé paypal service de carte de crédit client facturé client service paypal terminé client facture finale client payé client déposé plainte disant facturé en double cas deux facture service fourni première facture frais de contrat frais restants dus achèvement du projet final facturé client payé client a procédé dire charge finale en double facturé paypal a retiré à tort le montant du compte paypal a essentiellement aidé le client à voler le paiement sans preuve imposant des frais supplémentaires fonds de retrait,erreur_administrative,moyenne
agence de recouvrement partenaire capio appelé à plusieurs reprises client premier appel conseillé dette payée fils assurance a terminé un autre litige une autre agence de recouvrement a dit que l'hôpital a fait une erreur de facturation homme grossier a dit marquerait contesté rien ne se passerait vraiment nécessaire payer demandé numéro de fax adresse envoyer preuve erreur de l'hôpital refusé dit obtiendrait une lettre jamais expliquée comme litige antérieur dette jamais signée fils hôpital n'a jamais vu médecin hôpital donné informations d'assurance à plusieurs reprises ledit bureau a reçu la dette payer a demandé vérifier la dette admise erreur de facturation autre agence a dit absolument conseillé au gouverneur de suspendre l'activité de recouvrement en raison de covid conseiller envoyer une preuve valide dette enregistrerait également demandé appel concernant l'affaire appelé plusieurs fois depuis fournir écrit communication immédiatement signalée dette crédit dossier jour violation demande spécifique droit inquiétant violation directe ordre du gouvernement depuis que le gouverneur a suspendu l'activité de recouvrement en essayant le temps financier en plus incompréhensible médecin w,erreur_administrative,critique
effectué un paiement usaa application vers le solde de la carte de crédit usaa rédigé un compte courant de fonds jamais appliqué paiement vers une carte de crédit atteint quelques temps enfin élément de travail établi examen plainte envoyée lettre demandant d'obtenir une copie du formulaire etf copie bancaire chèque compensé conserver les données etf des trois derniers mois chèque papier jamais généré depuis usaa envoyé demande électronique fonds envoyé usaa copie relevé bancaire montrant le paiement internet usa a envoyé une lettre indiquant une erreur de facturation se produire une action serait prise a parlé usa a fait le tour plusieurs fois concernant l'incapacité de fournir un enregistrement électronique paiement initié application a finalement demandé parler à quelqu'un d'autre transféré équipe de relation exécutive dit sans La banque de formulaire ETF pourrait aider à un relevé bancaire adéquat,erreur_administrative,moyenne
l'été a séjourné à l'hôtel carillon payé visa carte de débit rechargerait la carte de paiement couverture quotidienne chambre séjourné à l'hôtel mois reçu portefeuille est allé historique des transactions de nombreux frais en double bien transaction non autorisée montant aléatoire correspondre taux de l'hôtel immédiatement montré problème de l'hôtel charge informée voir supposé retenir les frais de compte contacter la banque immédiatement contacté carillon contacté le téléphone marchand a dit plusieurs charges autorisées argent retourné donné dollar en attente total de la transaction en litige dit employé du carillon depuis déjà réglé dit aiderait à obtenir des fonds compris difficultés provoquant demandé carillon dossier de l'employé réclamation transaction non autorisée en double depuis eu dit inquiétude prendrait soin des informations procédé poser des questions carte de débit la carte informée serait annulée une nouvelle transaction envoyée a eu lieu dit ok autoriser l'utilisation de la carte un jour pourrait obtenir une affaire ordre autoriser la transaction contestée le commerçant traité a dit que le document envoyé obtiendrait un crédit provisoire les documents d'enquête terminés ont été envoyés date limite,erreur_administrative,critique
deuxième fois compte placé cmre par erreur première fois en utilisant une adresse de facturation incorrecte vous avez reçu une facture temps de réception d'un avis de recouvrement de créances compte daté actif plan de paiement automatique système fait paiement plan de paiement facturé carte de crédit paiement de bonne foi début plan de paiement facturé carte de crédit,erreur_administrative,moyenne
obtenu finance carte de crédit service de carte td achat nouveau échangé ancien compte de crédit appliqué service de carte td le long de l'achat nouveau solde du compte d'ordinateur portable serait effectué paiement solde du compte paiement effectué problème demandé solde actuel informé frais surfacturés donc aucun paiement effectué réduire le solde ne serait reflété td puisque mettre le crédit de réclamation refuser la charge correcte compte de crédit refusé compte facturé harcelé quotidiennement service de carte td paiement contacté service de carte td refuser la culpabilité erreur de facturation partie pense injuste continuer à essayer payer solde aucun argent compte payé reflété s'il vous plaît aider,erreur_administrative,moyenne
réclamation effectuée caissier de banque transaction contestée lot d'hôtel erreur de facturation deux compte courant capital un litige bancaire département annulé réclamation première émission fonds dû compte bien gérer le litige de la manière appropriée refacturer obtenir des informations marchand traitant injustement loi client fidèle retour banque rouvert réclamation annulée la semaine dernière même correctement regardé compte négatif en raison d'une manipulation incorrecte loi droit du consommateur menaçant fermer compte année lot erreur couverture acte répréhensible demander question s'il vous plaît regardé dès que possible créé un plus grand fardeau financier bien enfant d'un an crise moyenne pandémie besoin d'aide s'il vous plaît voir affaire corrigée pull enregistrement litige département enregistrement de nombreux écarts,erreur_administrative,moyenne
USAA relevé d'erreur corrigé crédit remboursé par le commerçant pourrait éventuellement nouvel achat voir ci-joint remboursé non livraison voir nouvel achat ci-joint autoriser l'achat rachat usaa erreur de facturation correcte,erreur_administrative,moyenne
carte de réserve Chase Sapphire achetée cinq caméras le marchand en ligne en a reçu quatre documents fournis confirmant le formulaire le bordereau d'expédition indique l'envoi de quatre caméras litige refusé sans raison raison soigneusement examinée sur la base des informations déterminées une erreur de facturation s'est produite,erreur_administrative,moyenne
voir la transaction en pièce jointe voir la transaction en pièce jointe frais en double compte de frais de données utilisé usaa refuser d'admettre les frais en double usaa a fourni le crédit frais en double,erreur_administrative,moyenne
bonjour s'il vous plaît gentil examen document soumis tentative à plusieurs reprises mari résoudre erreur de facturation payer montant légitime rencontré hostilité refus examen document contraignant réel inclus relevé de compte final fourni système de crédit national contrat de location d'appartement relevé bancaire montrant payé contrat de location d'appartement déclaré date d'échéance contrat de location signé preuve concrète montrant le dépôt payé dû point discuté système de crédit nationalxxxx représentant plusieurs fois refusé prendre le document contraignant sérieusement ironique cabinet d'avocats accroché vous plusieurs fois crié vous payer la facture en essayant de faire le point là erreur comptable doit corrigé premier payer le dernier document relevé bancaire montrer utilisé dépôt de salaire décrit contrat crédité facture plutôt montrant la différence de facture montant payer dit prêt à payer le montant correct a montré un intérêt résolu en espérant pouvoir vous aider à rectifier la situation temps de remerciement,erreur_administrative,moyenne
avis du créancier soumis par le consommateur erreur de facturation conformément à la conformité le créancier a échoué à envoyer un accusé de réception écrit avis d'erreur de facturation du consommateur daté dans la journée avis de réception requis,erreur_administrative,moyenne
effectué en ligne montant de l'achat commande utilisée carte de crédit faire un achat facturé deux fois facturé carte barclays reçue commande essayée contacter le service client capable d'obtenir une réponse problème d'adresse frustration marchandise retournée envoyé e-mail reçu retour émis remboursement toujours facturé double charge essayé de contester la carte barclays marchand utile barclays a répondu lettre indiquant pourrait aider essayé d'appeler barclays tenir l'heure atteint le représentant a dit à barclays accidentellement facturé deux fois créditer la charge représentant a dit prouver faire une deuxième charge a essayé d'expliquer de plusieurs façons clairement la charge en double placé une charge autorisée toujours à la recherche de crédit la deuxième charge a dit au superviseur appellerait le jour ouvrable résoudre jamais entendu n'importe qui depuis apparaîtrait adresse de tentative de Barclays preuve de charge en double deuxième charge deuxième charge placée une charge autorisée depuis le retour de la marchandise marchand crédité toujours facturé deuxième charge relevé de carte de crédit joint montrant la charge e-mail du commerçant confirmant la réception r,erreur_administrative,moyenne
envoyé par courrier certifié affidavit erreur de facturation litige Bank America courrier certifié demandant réponse à la question ci-jointe affidavit mentionné ledit affidavit n'a répondu ni réfuté l'avis envoyé assurance adéquate performance due via numéro de courrier certifié cabinet d'avocats capacité d'agir du collecteur de dettes bank america également copie envoyée par bank america question répondue nom du procès intenté au palais de justice du comté ledit cabinet d'avocats reçoit toujours une dette par courrier même si la question sans réponse avis précédent envoyé avis envoyé demande de cesser l'activité de recouvrement par courrier certifié bank america parfois dernière correspondance institution trouvée poursuite retirée sans préjudice gérer obtenir une copie envoyée avis demande de confirmation par courrier certifié envoyé un avis de violation de l'accord par courrier certifié appris un autre procès nom du tribunal de comté effectué via Bank America problème à la recherche de résoudre ladite institution prouvant l'assistance trouvée violation plusieurs codes des États-Unis demandant de l'aide pour régler l'affaire merci,erreur_administrative,moyenne
a commencé à vendre divers nouveaux articles d'occasion site Web populaire vente de partie du site Web susmentionné site Web forcé à l'aide du processeur de paiement Paypal terme forcé utilisé en raison du fait viable processeur de paiement offert au vendeur site approprié ensemble de comptes exploité divers temps accent ajouté organisation requise vérification différent aspect attribut normal démarrage réussi s'est produit fonctionnement en cours d'exécution compte viable près d'un mois l'entreprise s'est bien déroulée la vente s'est bien déroulée sans problème de nombreuses ventes susmentionnées sont venues des commentaires encourageants plate-forme client commentaires positifs partagés stockés bien brusquement sans avis d'avertissement genre commination paypal inc sévèrement limité résultat de compte plus capable de vendre conduite commerce plate-forme entreprise est arrêté noté s'est produit sans préavis sans avertissement de nombreuses demandes paypal inc problème s'est passé sans répondre même réponse réponse donnée donner souvent une réponse solution résoudre le problème peu de temps après paypal inc informé le client prévu déposer voir la pièce jointe préoccupation la correspondance se rapporte,erreur_administrative,moyenne
notifié citi erreur de facturation impliquant les frais reçus notification différend jour d'ouverture citi a envoyé un e-mail indiquant entendu que le commerçant examinerait les détails revenir dans la journée cit a envoyé un e-mail réclamant envoyé un message sécurisé concernant le litige de statut demandant un enregistrement d'informations message sécurisé envoyé cependant citi a envoyé un reçu de confirmation détails du litige de facturation message demandé concernant le litige de statut fourni document citi fourni le commerçant a transmis citi a reconnu les détails du reçu de litige concernant la documentation de réception du litige le commerçant cependant Citi n'a pas fourni la réponse du commerçant continuer correctement traiter le litige requis a abouti à ce que Citi facture le montant contesté en arrière sur le compte sans avis fournissant la documentation requise violation Citi fait régulièrement,erreur_administrative,moyenne
Prêt refinancé Liberté de prêt hypothécaire reçu un avis indiquant une pénurie de compte séquestre lors de l'examen du document trouvé Séquestre d'impôt retenu appliqué à l'ajout d'un nouveau prêt Frais frauduleux facturés Clôture du compte séquestre divulgué Divulgation de clôture finale Frais d'enregistrement Frais en double Frais d'enregistrement payés Séquestre Description des frais finaux Frais d'état,erreur_administrative,moyenne
"cher garder espoir agence aider à rectifier au moins deux erreurs de facturation bataille question claire, y compris contestation de la collecte de wakefield affaire affectant négativement la recherche de crédit remède deux erreur de facturation assurance facturée mauvaise politique également répondre à l'opportunité d'appel initial fournir une couverture par politique s'il vous plaît trouver des informations sur l'incident amp effort continu résoudre est allé aux urgences en raison de la chute de la marche amp frapper le sol en béton du sous-sol le personnel test amp évaluation diagnostic amp quot quot exigeant immédiatement le traitement couvert par l'assurance le personnel appelé définir le transfert parle par note ed recueillie traitement couvert assurance transporté décision médicale rendue incapable de prendre la décision transport facturé mauvaise politique donc facturé correctement et informations supplémentaires placé traitement en soins intensifs suivi traitement couvert assurance litige clarification capable de prendre une décision et transporté décision médicale rendue incapable de prendre une décision facture d'ambulance payée pourtant chaque facture médicale incident payé assurance regar",erreur_administrative,critique
cas fermé fermé entreprise de carte de crédit envoi relevé solde ensemble n'importe qui réglé paiement automatique facture payée complète générer aller une étape dire relevé de solde généré tellement mauvais frais fait relevé payé période de temps portail relevé d'accès à l'état le mois dernier bien ne peut pas accéder au portail signé auto payer au-delà de l'absurde société de crédit générer une activité de relevé a eu lieu tout à fait comprendre générerait une activité différente besoin déclaration conte soins informations besoin portail fiscal montrer date dollar chiffre facturé payé détail payé figuré date de paiement automatique chose arrêtée auto payer moins obtenir relevé payer carte de crédit et garder cent solde aider relevé manquant relevé manquant appeler dire déclaration indépendamment de l'activité solde autorisé demande paiement accepter le paiement relevé de paiement automatique,erreur_administrative,moyenne
titulaire de la carte de crédit émise par Well Fargo après avoir appris le droit droit accordé au consommateur réaliser une forte possibilité de violation envoyée par courrier certifié erreur de facturation litige preuve sous serment preuve de livraison accusé de réception Well Fargo fournir une réponse valeur probante erreur de facturation litige affidavit envoyé par courrier certifié veuillez consulter la copie de la correspondance envoyée par Well Fargo demandant de l'aide pour éliminer les fausses informations rapport de crédit,erreur_administrative,moyenne
historique de recouvrement impacté échec de la transunion montant correct recouvrement initié dette résolue erreur de facturation compte transunion contacté inexactitude erreur de dette reçue partie de communication concernant la résolution des litiges,erreur_administrative,moyenne
hancock whitney visa carte de crédit facturée sans autorisation frais temporairement mis en attente remettre la carte le service de résolution des litiges a envoyé une lettre indiquant une erreur de facturation charge responsable signalée le département de fraude pourrait aider vu la carte de point de récompense indiquée retrait de gros points contacté le département de récompense a dit le point échangé le solde du billet d'avion a mis la carte de crédit dit le billet a donné les informations du département de résolution des litiges a dit que la charge de preuve serait le temps de cas envoyé copie frais d'autorisation bien que le temps demandé ait parlé savoir autre chose due sauf embaucher un avocat s'il vous plaît aider à effacer,erreur_administrative,moyenne
td bank a échoué à examiner correctement la documentation fournir un litige fait découvert représentant parlé département des plaintes des clients td bank essayer d'obtenir des faits cas plaint président banque différend concernant le mouvement ménage bonne entreprise livrer bien livré bien dommages importants td bank a accepté fausse déclaration faite réponse différend vérifier fait vous avez soumis presque page documentation deux lettre distincte a répondu demande faite td banque dans les délais temps donné vous répondez le jour à chaque fois y compris le temps prendre recevoir le courrier régulier ignoré fait détail réponse finale vous avez dit déterminé erreur de facturation s'est produite rand jour fenêtre résolution réclamation a échoué examiner fait jour mettre le blâme sur vous total estimé dommages carte de crédit charge contestant couverture un troisième dommage subi n'a pas signé le reçu a montré reçu ménage bon état attendu emballé charge valide banque td négligent examinant la documentation fournie en temps opportun excuse jour passé,erreur_administrative,moyenne
société de recouvrement alliance fl dette recouvrée litige pais adresse complète notée d'origine hoa fichier incorrect a donné l'adresse correcte bien autorisation coordonner le paiement gestionnaire immobilier ni arrivé hoa adresse toujours vécue depuis l'adresse de la société de recouvrement adresse n'a jamais vécu fichier nouveau compte envoyé e-mail de recouvrement ajouté autour des frais puisque hoa a également envoyé un e-mail montrant le chemin de l'entreprise atteindre choisi la société de recouvrement a également remarqué les frais en double bilan d'origine mettant en évidence l'incompétence pénalisée vers le haut société en particulier la collection due diligence contacter en particulier la société de recouvrement notoire téléphone excessif semble tactique laisser la pile de frais atteindre expliquant ce qui s'est passé collection a répondu responsabilité propriétaire payer la dette demandée supposé salaire reçu rien payer payer payer représentant interrompu disant continuer en colère va pendre demandé va pendre expliquer ignorer tout en disant interrompu dit oui pendu,erreur_administrative,elevee
"compte débit frauduleux commençant un un dernier effectué débit non autorisé pris compte contacté immédiatement aidé à obtenir une nouvelle carte de réinitialisation du mot de passe soumis formulaire charge frauduleuse dame téléphone a dit qu'il recevrait de l'argent dans la journée n'avait pas entendu parler de changement de compte appelé dit aurait résolu le compte cependant a fini par recevoir la lettre bny mellon disant que la charge enquêtée a déterminé la charge valide la mauvaise charge a également pris deux comptes différents coopérative de crédit dit frauduleux a rendu l'argent a essayé de mettre la main sur bny mellon à plusieurs reprises même en laissant un message n'a pas eu de réponse, je pense que c'est faux, vert injuste",erreur_administrative,moyenne
société de carte de crédit produit doublement facturé acheté par carte achat effectué charge dupliquée contestée charge en double la société continue la demande payer le produit deux fois contacté la société a effectué la réclamation d'achat déjà payée,erreur_administrative,moyenne
"attention honorable ca allié régulateur peut définition légale harcèlement jamais le continuellement demandé cmre agence de recouvrement facture de paiement ive déjà payé moyenne doit prendre du temps problème important définir détail cmres charge soit une erreur fabrication complète soumissions de facturation bureau du médecin exemple erroné cmre liste récente demande paiement bureau visite voyage mile demandé résultat après via le site fourni par le patient post commentaire jamais obtenu donc test de voyage fait sans valeur malheureux puisque le technicien semblait minutieux résultat croirait valoir du temps dépense exemple une erreur visite contenue erreur de facturation visite faite facture originale assurance en attente d'appel d'assurance parler femme bureau erreur mathématique convenu fixer sinon, la facture indiquée est due, le montant correct doit sinon, irait au bureau de facturation, payer l'appel payant, l'erreur correcte s'est assurée, difficile, coûteux, possible, problème de contact arrangé, voir la facture, l'assurance abordable apparaît, le relevé, l'année depuis la gauche refusée, le numéro de facture de paiement, l'année écoulée, la réception d'un nouveau patient.",erreur_administrative,critique
appliqué montant du plan citi flex carte citi montant de la déduction bancaire trois mois par mois la banque citi a déduit le montant total à la place la banque citi facture toujours deux tiers du montant flexible nouveau relevé de frais en double appelé erreur de la banque citi remboursement convenu cependant compte chèque remboursé compte de carte de crédit appelé banque citi plusieurs fois marché bureau local a écrit deux lettres erreur du bureau citi soumis demande de déclaration de document de support demande de relevé de document de support la banque citi a répondu simplement au solde du compte précis sans explication,erreur_administrative,moyenne
vol acheté programmé en utilisant une valeur en miles en utilisant le portail de voyage de Chase Bank informé vol de la compagnie aérienne annulé en raison d'une pandémie atteint concernant le remboursement déclaré depuis la réservation est venue Chase atteindre le remboursement passé une heure de support client Chase Bank a dit à plusieurs reprises pourrait rembourser sans le consentement de la compagnie aérienne informé dot ordre exécutoire émis http a déclaré le remboursement autorisé a déclaré que la femme pourrait envoyer un courrier électronique dans l'autre sens au banquier Chase essayer d'obtenir l'entité Chase Bank Talk également réussi à tenter de déposer une plainte erreur de facturation USC titre chapitre sous-chapitre partie section b http,erreur_administrative,moyenne
s'il vous plaît lire le tout en premier lieu litige initié banque de poursuite dans le délai discrétion charge droit placé carte b charge reçue rien retour initié litige dans la condition de poursuite exiger banque de poursuite contestée mauvaise charge oui poursuite banque processus litige charge incorrecte charge valide finalement chasser la banque a pris du temps à résoudre le problème listé correction du temps passé poursuite nécessite litige fait parlé dernier représentant état litige passé aucun représentant prendre du temps regarder raison passé délai lettre capture d'écran commerçant montrant même tentative de remboursement charge chasse fournisseur de services marchand argent détenu quelque part défaut date d'émission charge incorrectement contestée aligner dans le laps de temps approprié litige poursuite banque contestée charge correcte avocat conseillé document via cfpb conserver le dossier représentant gérer la plainte aller de l'avant aller tribunal ci-joint lettre de poursuite refusant le temps charge question lettre marchand capture d'écran montrant la tentative de rectifier la transaction,erreur_administrative,moyenne
déclaration annuelle de divulgation du compte séquestre émise sous réserve du prêt hypothécaire détaillant l'avis de pénurie détaillé nouveau paiement serait manquant payé pénurie nouveau paiement serait effectué mensuellement rapidement paiement indiqué compte appliqué relevé mensuel reflété n'a pas payé le déficit peu de temps depuis le paiement déficitaire comprendre soumis demande écrite examen ticket assurer le paiement ajusté date de paiement reçu réponse transféré montant de l'équipe de traitement automatiquement déduit compte plutôt fourni suivi écrit reçu relevé mensuel reflétant toujours un ticket plus élevé en plus de la réponse transmise l'équipe de traitement toujours assistance corriger l'erreur de facturation soumise lettre formelle avis de résolution d'erreur avis de résolution d'erreur du site Web de l'entreprise ticket reçu réponse automatique transmise déclaration de l'équipe de traitement toujours reflétant une quantité plus élevée de tentatives d'appel plusieurs fois passer beaucoup de temps à passer un appel dans l'arbre téléphonique se déconnecter plutôt que d'obtenir une personne en direct déposant une plainte reçue par la société de réponse,erreur_administrative,moyenne
échec échec de facture d'assurance maladie béquille de démarrage fournitures médicales reçues à la place assurance auditive facturée par erreur deux rendez-vous en clinique assurance maladie fournitures médicales entièrement couvertes exigeant un paiement mais échec de soumission des frais correctement essayer de recouvrer la dette frais admis résultant d'une erreur de facturation plutôt prendre des mesures erreur correcte continuer poursuivre l'effort de recouvrement,erreur_administrative,critique
"litige déposé transaction erreur de facturation transaction facturée annulée montré refusé litige déposé jour attendu résultat demandé mise à jour du service client bmo harris bank a déclaré envoyer un e-mail numéro de téléphone de l'enquêteur appel demandé moins de crédit provisoire suivant la loi fédérale efta moins reçu le jour de crédit provisoire cependant le représentant du service client a répondu en déclarant considéré comme un litige litige de courtoisie même s'il a été informé d'une erreur de facturation, je suis donc protégé par la loi fédérale de l'afta",erreur_administrative,moyenne
à condition de fournir un avis écrit requis dans le délai requis notifier formellement l'exercice du droit de résilier le contrat de location d'appartement décrit le paragraphe responsabilité du contrat de location échec du propriétaire effectuer l'entretien en temps opportun loyer payé le montant total dû le dernier jour de location a clairement échoué à exécuter une occasion problème jamais résolu notification résiliation malgré plusieurs tentatives informer le bureau de facturation de l'entreprise situation information ignorée jamais résolue de manière légitime litige montant de facturation incorrect dû recouvrement réussi résultant d'un faux montant impayé signalé rapport de crédit désobligeant une documentation complète incluse plainte,erreur_administrative,moyenne
plainte déposée précédemment société m. bpo llc a accepté de retirer la tentative de collecte facturation incorrecte surprise reçue nouvelle lettre de collecte hier m. bpo llc malgré le fait convenu cesser la tentative de collecte violation de l'accord promesse faite réponse plainte originale,erreur_administrative,moyenne
utilisé carte visa costco citi payer hôtel voyage reçu relevé de charge semaine de séjour facturé deux fois montant exact date de publication du marchand deux fois ligne appelée citi crédité une charge satisfait erreur corrigée facturée en double charge raison n'a jamais pu identifier appelé citi plusieurs fois plus tôt être supprimé frais en double payer frais contestés citi a commencé à facturer le montant des intérêts tous les mois citi enfin relevé de compte de charge inversée montant des intérêts mensuels montant des intérêts frais total date l'agent a aidé récemment a obtenu la suppression des frais assurés les frais d'intérêt seraient crédités du compte de surveillance du relevé en ligne date toujours appliquée compte,erreur_administrative,moyenne
"montant de la chambre réservée, mais montant soit facturé deux fois, affiché deux fois, carte de crédit Barclay, frais en double immédiatement appelé, annulation de la chambre, montant remboursé restant impayé, temps appelé, informé d'un achat, enregistrement d'annulation, deux achats affichés, relevé Barclay appelé Barclay, arrivée plus crédit, délai le plus court, litige, détermination du résultat des frais en double, toujours depuis que le commerçant a remboursé le montant acheté, le dossier est considéré comme clos",erreur_administrative,critique
référence enquête erreur de facturation dette réclamée cependant e-mail joint Equifax contient le résultat réel enquête fait malgré plusieurs tentatives résultat site myequifax mais accès recevoir copie enquête Equifax s'il vous plaît soyez conscient du concours en cours u violation fédérale fcra Equifax poursuivi,erreur_administrative,moyenne
droit cabinet d'avocats mitchell bluhm associé signalé compte de recouvrement rapport de crédit jamais rendu compte de la dette créancier d'origine agence de recouvrement unitl a commencé à demander une hypothèque la société a pris conscience ayant un impact négatif sur le pointage de crédit agent hypothécaire causant l'approbation du problème immédiatement contacté la compagnie d'assurance illinois trouver le problème informé assurance payée erreur de facturation entre l'hôpital médical groupe assurance compagnie depuis l'urgence problème couvert police d'assurance conscient solde impayé illinois a fait un arrangement envoyer le paiement montant du paiement journée complète dit serait traité jour contacté gauche message concernant le compte reçu message vocal retour confirmant l'erreur de facturation contacter mba loi supprimer le compte collections s'attendre à une lettre d'une agence de recouvrement confirmant la suppression du compte attendu une semaine contacté la loi mba trouver le statut suppression dit compte toujours dû demandé contacté déclaré comprendre que la chose prend du temps cependant demandé la loi mba pourrait accélérer puisque la détention de l'obtention d'une hypothèque a déclaré qu'elle noterait le besoin du compte,erreur_administrative,critique
avis du créancier soumis par le consommateur erreur de facturation conformément à la conformité le créancier experian a échoué à envoyer un accusé de réception écrit avis d'erreur de facturation du consommateur daté dans la journée avis de réception requis le créancier n'a pas apporté la correction appropriée compte débiteur requis b échec d'envoi d'une explication écrite raison de clarification compte consommateur correctement indiqué ladite erreur de relevé dans les deux cycles de facturation complets reçu du consommateur avis d'erreur de facturation envoyé requis b ii,erreur_administrative,moyenne
"plusieurs factures médicales erronées invalides envoyées à l'hôpital universitaire transworld system inc compte d'agence de recouvrement jugé inexact en raison de l'hôpital facturé de manière inexacte service inconnu plusieurs demandes faites transworld informations détaillées sur les coûts support divers compte litige date de réception compte de données par la suite payé intégralement voir pièce jointe affaire en cours depuis passé énormément de temps à essayer de résoudre le problème transworld aller cercle société fournir des informations discus informations état enregistrement envoyé collection transworld état informations supplémentaires doivent contacter obtenir une copie problème d'enregistrement impacté négativement score de rapport de crédit reçu information justificative élément répertorié contestant divers élément de collection précédemment supprimé rapport de crédit mais semble refait surface compte tenu de l'impact négatif, le pointage de crédit de l'article a été payé intégralement sans jamais recevoir de documentation, la question d'enregistrement a été soulignée, le montant du rapport de crédit joint, le montant des données justificatives, le montant des frais en double, le montant des frais en double payés le matin.",erreur_administrative,critique
soumettre une plainte extrêmement affecté société de récupération améliorée llc complètement injuste ne sait pas obtenir le portail vouloir express a subi un gros impact pointage de crédit vécu une pire période situation de vie société rapportant des informations erronées compte échoué marque compte contesté a également signalé plusieurs erreurs de facturation créancier d'origine pratique commerciale déloyale informations de compte suite à la société de récupération améliorée llc date d'ouverture solde nom du créancier d'origine base de la demande de nombreux dommages violation commise vouloir que l'article soit retiré rapport de crédit dès que possible merci,erreur_administrative,moyenne
le créancier n'a pas apporté la correction appropriée compte le débiteur a exigé b l'échec de la conduite enquête raisonnable erreur de facturation au cours du cycle de facturation complet reçu du consommateur erreur de facturation avis signalé requis b ii,erreur_administrative,moyenne
lettre datée du motif suivant la décision de clôture du compte score fico fourni experian paiement récent effectué retourné impayé rapport de crédit basé sur une institution financière en souffrance évaluation du créancier total solde renouvelable carte de crédit indiqué rapport de crédit à la consommation après réception lettre fournie notifié victime vol d'identité résultant des informations rapportées affecté frauduleux incorrect score fico historique de paiement solde renouvelable total du créancier indiqué rapport du consommateur concernant le paiement retourné paiement référencé retour dû sécurité fermeture chèque compte d'épargne fait protéger conséquence défavorable fraude vécu réglementation fédérale accord de membre de la carte limite d'état responsabilité transaction frauduleuse résultant vol d'identité prendre des mesures défavorables victime pleinement informée vol d'identité informations frauduleuses reflétées rapport de crédit résultat suivi fourni instruction fournie soumis d'innombrables documents demandés prouvant le statut la victime n'a jamais manqué le compte de paiement correct,erreur_administrative,elevee
une seule transaction frauduleuse s'est produite citibank mastercard utilisation non autorisée de la carte d'information sur le compte possession de la carte perdue citibank a placé un compte de retenue carte à usage restreint problème recherché nouvelle carte refusée dit doit appeler autoriser l'utilisation individuelle de la carte à chaque fois que vous souhaitez utiliser une violation de la loi sur la facturation du crédit équitable chapitre section état créancier opérationnel plan de crédit à la consommation à durée indéterminée peut avant l'envoi explication écrite clarification requise paragraphe b ii restreindre la fermeture du compte respecter le débiteur indiqué conformément au sous-paragraphe croyance le compte contient une erreur de facturation,erreur_administrative,moyenne
achat unique effectué à l'aide de la clé Paypal créé visa personnel ordinateur Paypal transaction cassée totalisant plusieurs débits plutôt montrant un solde négatif compte demandé s'il vous plaît examiner la charge s'est trompée montant correct visa autorisé vérifié banque confirmer lieu restriction compte de carte paypal paypal refuser la transaction correcte réclamant une faute compte visa confirmé la banque émettrice se produit absolument argument payer dû vouloir facturé à l'origine fichier visa montrant le paiement marchand loin dire le paiement enregistré complet doit indiquer paypal en effet payer le montant total la transaction pourrait facturer correctement,erreur_administrative,moyenne
remarqué collection signalé montant original montant mis à jour montant frais immédiatement appel contacté compagnie d'assurance hôpital répertorié rapport savait clairement erreur représentant représentant service de facturation est arrivé à la conclusion en effet erreur de facturation payé montant correct représentant demandé dossier de traitement des réclamations médicales envoyé par e-mail le représentant a répondu en disant contacter l'agence de recouvrement supprimer le rapport en raison d'une erreur cependant vérifié rapport montrer fermé à la place supprimé contacté l'hôpital aviser litige directement bureau contesté en ligne mis à jour un montré fermé,erreur_administrative,critique
avis du créancier soumis par le consommateur erreur de facturation conformément à la conformité le créancier a échoué à envoyer un accusé de réception écrit avis d'erreur de facturation du consommateur daté dans la journée avis de réception requis,erreur_administrative,moyenne
membre american express payer année carte de cotisation membre american express depuis l'écriture se plaindre détérioration rapide du service autour de la carte fait mettre deux erreur de facturation question litige appelé american express il y a un mois mettre litige charge première charge datée reconnaître deuxième litige partiel total apparu compte article recevoir relevé reçu mois aucun litige n'est apparu reconnu malgré le mois précédent conversation appelée amex pod rentré à la maison litige transféré débordement la personne pourrait aider à dire l'heure de rappel pratique service american express payer pourrait demander payer alimentation scandaleuse outrageusement mauvais niveau de service,erreur_administrative,moyenne
le créancier n'a pas apporté la correction appropriée compte le débiteur a exigé b une conduite échouée une enquête raisonnable une erreur de facturation dans un délai de deux cycles de facturation complets un reçu du consommateur une erreur de facturation un avis signalé est requis b ii,erreur_administrative,moyenne
montant facturé pour la troisième fois même daté publié un an vétéran américain montant en dollars tapé incorrectement plainte antérieure s'il vous plaît pardonner l'erreur beaucoup de problème dû à une facturation incorrecte jp morgan chasse banque un achat jp morgan chasse facturé trois fois s'il vous plaît aimable aider à être négligent facturation incorrecte corrigée,erreur_administrative,moyenne
lettre datée d'American Express déclarée raison suivante décision de clôture du compte score fourni paiement récent effectué American Express retourné impayé rapport de crédit basé sur une institution financière en souffrance évaluation du créancier solde renouvelable total carte de crédit American Express indiqué rapport de crédit à la consommation après réception lettre fournie American Express notifié victime vol d'identité résultant suite aux informations rapportées affecté frauduleux score incorrect historique de paiement solde renouvelable total du créancier indiqué rapport du consommateur concernant le paiement retourné paiement american express référencé retour dû sécurité fermeture chèque compte d'épargne fait protéger conséquence défavorable fraude vécu règlement fédéral accord de membre de la carte limite d'état responsabilité transaction frauduleuse résultant vol d'identité american express prise action indésirable victime pleinement informée vol d'identité informations frauduleuses reflétées rapport de crédit résultat suivi fourni instruction fournie american express,erreur_administrative,elevee
"le service de conversion de la banque bmo harris a eu lieu notification écrite envoyée par courrier reçu le jour d'avance requis lettre de loi imprimée reçue lundi autorisé jour ouvrable trouver un souhait alternatif travail en raison de nombreux avis négatifs pourrait envoyer un courrier électronique de conversion un jour d'avance rappel par courrier électronique conversion de deux jours relevé envoyé par courrier électronique les informations passées pourraient être utilisées choisir le montant du paiement payé inclus les intérêts dus relevé envoyé facturation deuxième fois relevé d'intérêts même spectacle payé mais exigeant utilisé bmo harris contacter u formulaire de demande de correction erreur de facturation a donné des informations détaillées, y compris la réponse du numéro de compte utilisé bmo harris contacter u formulaire de demande de correction erreur de facturation a donné des informations détaillées, y compris le relevé du numéro de compte copie de la réponse envoyée lettre par courrier demande de correction erreur de facturation a donné des informations détaillées, y compris le numéro de compte copie du relevé demandé fermer le compte refléter la demande terminée lettre signée réponse envoyée par courrier électronique au PDG Harris demande de correction erreur de facturation a donné des informations détaillées i",erreur_administrative,elevee
contesté deux transactions totalisant la fin du compte de carte de crédit traité site Web transaction question codée Bank America fourni déclaration suit pension pension créancier bank america a reçu une demande écrite identifiant le montant du commerçant date de transaction a répondu indiquant bonk america incapable de traiter l'enquête en temps opportun transaction contestée dans la journée prescrite loi sur la facturation du crédit équitable a demandé à plusieurs reprises au créancier bank america contacter le site Web du commerçant fournir des preuves documentaires charge créancier bank america a échoué en temps opportun soit donner un crédit temporaire fournir des preuves documentaires vérifier la carte de crédit requise loi sur la facturation du crédit équitable code correction erreur de facturation représentant de bank america bonk america résolution spécialiste a continué à chercher excuse inventer la raison refuser d'aider d'abord déclaré incapable de trouver la transaction contestée lettre fournie identifiant la transaction contestée réclamation faussement revendiquée transaction déposée dans le délai imparti réponse de la banque fournie litige indiquant l'impossibilité de traiter la demande,erreur_administrative,moyenne
"demande de compte bancaire Chase ny cher monsieur Madame écrit litige erreur de facturation montant du compte montant du compte inexact frais frauduleux retourné deux frais frauduleux effectués site Web contacté société de carte de crédit commerçant de banque Chase initialement remboursement émis bien Chase Bank a retourné une charge carte de crédit paiement forcé contacté dit émis deux problème de remboursement complet Chase Bank deux remboursement émis Chase Bank a donné un remboursement appel multiple message envoyé Chase Bank résoudre problème réponse automatisée tentative jamais faite Chase Bank résoudre problème Chase Bank représentant a déclaré qu'il transmettrait les informations correct département contact fait appel message message appel message appel message message message deux remboursement relevé de carte de crédit détail ci-joint litige de transaction poursuivez la banque, veuillez enquêter sur le problème, corriger l'erreur de facturation, bientôt possible",erreur_administrative,moyenne
titulaire de la carte de crédit émise par Well Fargo après avoir appris le droit droit accordé au consommateur réaliser une forte possibilité de violation envoyée par courrier certifié erreur de facturation litige preuve sous serment preuve de livraison accusé de réception Well Fargo fournir une réponse valeur probante erreur de facturation litige affidavit envoyé par courrier certifié veuillez consulter la copie de la correspondance envoyée par Well Fargo demandant de l'aide pour éliminer les fausses informations rapport de crédit,erreur_administrative,moyenne
visité rendez-vous pris assurance vérifié compris quote-part suite à la visite dossier réclamation d'assurance changement code de facturation informé erreur de facturation dit aller corrigé suspecter une fraude à l'assurance depuis la visite de facturation,erreur_administrative,moyenne
avis du créancier soumis par le consommateur erreur de facturation conformément à la conformité le créancier a échoué à envoyer un accusé de réception écrit avis d'erreur de facturation du consommateur daté dans la journée avis de réception requis,erreur_administrative,moyenne
avis du créancier soumis par le consommateur erreur de facturation conformément à la conformité le créancier a échoué à envoyer un accusé de réception écrit avis d'erreur de facturation du consommateur daté dans la journée avis de réception requis,erreur_administrative,moyenne
aimerait déposer plainte bureau échec répété gm crédit-bail financier gm expliquer la période d'erreur de facturation correcte déclaration injustifiée événement de crédit défavorable agence de crédit blessé autrement stellaire score de crédit pratique de prêt prédateur collecte quotidienne harcèlement appel fait collecteur gm financier numéro de téléphone portable loué nouveau gm terme financier année terme du bail bail effectué paiement mensuel demandé temps tous les mois via le service de paiement de facture offert par la banque service de paiement de facture gm financier responsable du paiement de l'impôt foncier propriétaire de la ville temps de charge du véhicule bail informé écrit sinon paiement d'impôt applicable effectué dans le temps meilleures connaissances effectué paiement rapidement demandé gm financier reçu dernier relevé de bail effectué dernier paiement de location gm financier via le service de paiement de factures solde restant compte vérifié solde du compte en ligne site Web financier gm mi-appel téléphonique reçu représentant financier gm indiquant l'explication du solde impayé frais engagés site Web vérifié effectivement trouvé solde impayé exp,erreur_administrative,critique
entreprise drainée compte bancaire achat de prêt immobilier jamais fermé gâché ordonné document inutile gardé carte de chargement fondamentalement autoriser la commande de carte de débit certains documents commandés irrévérencieux ils ont dit qu'ils rembourseraient le prêt prêt n'a jamais fini la fermeture mille proff disant rembourserait la fermeture agent immobilier même demander document ordonné je suis malade contestant ne nulle part refuser de donner de l'argent escroc obtenir une autorisation ordre partie asseoir en disant entreprise accusé u escroquerie immoralement mal facturé raison obtiendrait prêt payer poche pourrait comprendre poche obtenir hoa questionnaire employé de l'entreprise savoir ordre drainer compte bancaire même capable fermer le prêt fin payer cash maison de toute façon tout le monde sait payer en espèces à la maison obtenir une meilleure affaire mettre la dette refuser toujours le remboursement de ce qui est dû le moins acheter des meubles fou essayé contacté essayé contester la banque attendre le dernier jour répondre prolonger le litige rejeter contacté dit je me conforme mauvaise entreprise fondamentalement cravate d'entreprise obtenir un document informations sur l'entreprise branche hypothécaire occidentale nmls nv,erreur_administrative,moyenne
"banque synchrone ignorant copie documentation de paiement validant le solde correct différend de solde banque synchrone concernant le paiement par carte à deux comptes appliqué de manière appropriée limite de crédit du compte limite jamais augmentée diminution du paiement compte total payé paiement intégral dû qvc confirmé encore la banque synchrone continue la facture enquête présumée initiée siège social de la banque synchrone mais crois que la banque synchrone a signalé le compte bureau de crédit délinquant provoquant une diminution du pointage de crédit flagrant pense moins attendre enquête conclue cependant conseillé paiement synchrone compte payé limite de limite de crédit complète jamais augmentée diminution historique de paiement valide le solde total de la date de l'historique des paiements actuellement dû, mais le dossier bancaire de synchronisation continue l'état dû absolument scandaleux malgré l'erreur de synchronisation signalée compte bureau de crédit délinquant provoquant une baisse drastique de la cote de crédit croire une erreur de facturation de synchronisation tentative frauduleuse contraindre le client à payer une double marchandise achetée carte",erreur_administrative,moyenne
"bofa visa vol visa cc compte fin carte de crédit retour visite utilisé bijouterie montant rapport de police déposé montrant achat fait quelqu'un sait bank america refusant de rembourser les frais frauduleux déclarant personnellement faire des frais confirmés fait compte d'utilisateur autorisé quelqu'un autorisation utilisation s'il vous plaît voir lien xxxxxxxx selon la section f mener une enquête raisonnable le créancier détermine une erreur de facturation s'est produite une erreur de facturation différente s'est produite le créancier affirmé doit fournir une copie des preuves documentaires endettement du consommateur demande du consommateur bank america refuse de fournir des preuves documentaires en mesure de déterminer la transaction frauduleuse par la présente demander à la banque america soit de fournir des preuves documentaires utilisées atteindre la décision enquête rembourser montant de la charge frauduleuse conformément à la loi doit être tenu responsable charge frauduleuse signalée rapidement à condition que bofa copie préalablement le rapport de police et que le document supplémentaire puisse être présenté à la main, la charge est autorisée, veuillez aider",erreur_administrative,moyenne
refuser continuellement de prendre de manière importante enquêter minutieusement sur les rapports de recouvrement allégués respectés fait diligence raisonnable supprimé dette fantôme frauduleuse subi des conséquences graves sur la base d'un échec enquêter sur la dette fantôme factuellement continuellement abaissé rapport de crédit regarder l'état nouveau changement subi pandémie perte massive continuer impacté conséquence mais continue de baisser le pointage de crédit refusé supprimer le rapport de crédit à lui seul détruit possibilité prendre un prêt personnel pratique commerciale douteuse détruire les moyens de subsistance de la famille,produit_casse,elevee
soc sec dob soc sec dob adresse fl attention litige département aujourd'hui date serf notifier informations inexactes rapport de crédit par fichier envoyé lettre par courrier recommandé objectif escalade formelle tribunal approprié droit besoin surgir récemment refusé demande prêt hypothécaire prêt de voiture carte de crédit assurance maladie emploi floride regarder de plus près en raison d'informations inexactes rapport de crédit le mien carte d'identité de floride carte de sécurité sociale volée contestation charge avérée compte frauduleux également inclus copie rapport de police inutilement embarrassé partie de surveillance peut-être partie journaliste de crédit informations erronées dégradantes diffamatoires également endommagées bonne solvabilité empêché quelque chose de absolument nécessaire causé beaucoup de stress santé affectée courte qualité de vie affectée négativement informations inexactes rapport de crédit détaillé suit xxxxxxxx xxxxxxxx soc sec dob soc sec dob adresse fl,produit_casse,elevee
placé un an rapport de fraude rapport de crédit gel jour experian credit bureau llc situé au Texas refusé litige fusionné ex mari rapport de crédit le mien a déposé trois plaintes experian credit bureau llc falsification illégale du rapport de crédit le mois dernier au lieu de réparer le crédit considérant la plainte commencer croire experian experian soumettre la plainte finale vital experian credit bureau a commencé à harceler en arrière ajouté alerte de fraude à chaque fois que je voulais ignorer dû peur stressé a commencé à tout confondre correctement signifie envoyer une lettre à l'agence de recouvrement des commerçants credit bureau experian one ignorer la lettre rapport de police données même téléphone rejeté indiquant détruit le rapport FTC initial prouvé perte de temps quelqu'un carte de crédit ouverte prêt de voiture chaque opérateur état ct jamais nom de téléphone portable fourni en fait un mois plus tard fourni plan de téléphone portable numéro transféré par l'employeur tout super experian a fusionné la dette de l'ex-mari sur le rapport de crédit la facture de temps a été requise signer quelque chose indiquant avoir accepté de payer la facture électronique,produit_casse,critique
question côté ftc je suis un citoyen américain demander la vie en arrière ive demander année experian presque toutes les entreprises se produisent violation soi-disant trouver une coïncidence traiter covid temps parfait criminel crédit arrondissement s'en sortir gagner de l'argent identité je suis mauvais fin basé stable fait excuses venir commencer croire vu lien courrier lire pensée hein un autre million de chose réparer appartenir finalement téléphone heure jour crédit burroughs tôt larme oeil fatigué compte bancaire se faire courir appelé traité comme criminel je suis un a pris la banque rester à l'hôtel déjà essayer d'obtenir encore tous les jours nuit famille entendu téléphone en colère quotidien contester crédit disponible adresse c'est fichier xxxxyrs une violation informée informations personnelles rapport de crédit inexact un autre numéro de sécurité sociale individuel année de contestation toujours échoué supprimer également un compte inexact également signalé faillite déposée règlement de violation de médiation experian laisser l'écran du rapport d'accès toujours enregistré la condition d'affichage du problème de crédit existe rapport d'accès impossible appelé passer toujours eu une heure de téléphone d,produit_casse,elevee
découvert un rapport de crédit experian nouveau compte négatif fait surface téléphone loué je n'ai jamais possédé expliqué le représentant du service client a posé plusieurs questions concernant la validité du représentant du compte numéro de sécurité sociale répété numéro de sécurité sociale chiffre incorrect pointu référé compte de litige experian expliquant le rapport d'erreur dépôt assisté par experian réclamation aujourd'hui résultat reçu enquête experian reste im furieux ne comprends pas le nom du compte frauduleux évident numéro de sécurité sociale incorrect bâton se sentir impuissant là-bas litige option de litige déposer une plainte compte détruit pointage de crédit déjà fragile même le mien merci beaucoup experian rien saluer escroc,produit_casse,elevee
maison achetée tn déménagement tout a mal tourné le four est allé quatre mois l'unité de climatisation divisée a été un mois l'eau a endommagé l'endroit a commencé à apparaître chaque plafond fuite du toit incendie non divulgué inondation non divulguée forclusion compagnie d'assurance habitation refuser de payer la maison état préexistant maison couverte de moisissure noire mur sol en ruine flambage du toit fuite bardage pourri extérieur évaluateur jamais vérifié exigence minimale fairway société d'hypothèques indépendante acceptée inspection des termites effectuée inspecteur vendeur sans licence agent immobilier agréé agent immobilier agréé intentionnellement fraudé femme regardant papier de clôture recevoir papier de clôture fairway demander plusieurs fois réalisé document important caché omis fairway fermeture papier e-mail femme email piraté femme a grandi agent immobilier haut horrifiant incapable de réparer financièrement femme au foyer expérimenté maladie année poursuivant aider voca avocat vétéran ca obtenir perte financièrement choix bouger sécurité famille espère que personne ne fera jamais de cauchemar,produit_casse,elevee
citibank fermé costco n'importe où compte visa avertissement basé sur une déclaration de croyance derrière le paiement plus longtemps trouver un e-mail examinant l'historique des paiements depuis le paiement manqué paiement paiement manqué erreur purement humaine contact effectué vous notifiant paiement paiement manqué effectué montant du paiement effectué paiement minimum requis paiement minimum affiché fermeture de compte compte détruit pointage de crédit tenté de contacter citibank profiter mettre en attente pour toujours soin compte besoin de trouver un moyen de ressusciter le pointage de crédit,produit_casse,elevee
quelqu'un utilisant des informations illégalement engagées de nombreux frais pour un compte frauduleux sans autorisation profil de crédit détruit notation de crédit notifié au bureau de crédit à plusieurs reprises peu d'aide placé une alerte de fraude d'une manière ou d'une autre les gens ont géré voler des informations ont besoin d'une aide professionnelle pour réparer s'il vous plaît dites réparer le crédit en arrière avance,produit_casse,elevee
"rapport de police joint td volontairement ignoré rapport de police non-conformité à la loi déclaration par négligence d'informations inexactes sur les rapports de crédit la section du bureau de crédit protège la fraude à la consommation contre le vol d'identité, mais le créancier a volontairement enfreint la loi a refusé de répondre via la réclamation cfpb, veuillez renvoyer le crédit original suivant la loi également cesser de s'abstenir du formulaire de communication dette valide",produit_casse,elevee
crédit approuvé meubles acheté total article encore endommagé essayé de résoudre le problème encore année problème être facturé montant ridicule intérêts dépenses de livraison hebdomadaires depuis la rénovation moyenne nouvelle maison terrible livraison programmée soit mauvaise pièce livrée article endommagé moitié de la commande montré personne ne savait ce qui s'était passé mentionner la commande a continué à être repoussée sans contacter l'article mentionné rayé endommagé appris temps refuser la livraison tentative article correct travail manquant heure d'attente temps j'espère obtenir de l'aide problème pensé super profiter de l'économie de l'année dernière sans intérêt un an déçu épuisé heure magasin s'assurer que la maison est mise en place de manière illustrée personnel du magasin solidaire assisté dans les délais livraison prévue des articles matelas gonflable mois automobile accident reçu appel disant que le matelas n'était pas un camion deux chaise de salle à manger a montré que personne n'était au courant de quoi que ce soit long temps d'attente attente trouvé matelas annulé raison étrange chaise prévue fille a passé une heure samedi à essayer de résoudre,produit_casse,elevee
rapport de crédit examiné trouvé entrée de compte négative enquête identifiée placé dossier de crédit sans connaissance enquête de compte négative causé grand acte difficultés crédit injuste sentir comme une situation quelqu'un d'autre actes répréhensibles dossier de crédit laissé souffrir conséquence devenir difficile acquérir un nouveau crédit crédit endommagé manière demander s'il vous plaît enquête de compte frauduleuse crédit supprimé bientôt possible aussi garder à l'esprit l'enquête de compte appartenir,produit_casse,elevee
"atteint pnc banque tentative de réinitialisation de la banque en ligne accès à la banque en ligne contacté le service client de la banque en ligne a dit atteindre la succursale atteindre la succursale a dit au compte purgable statut fermé un a dit vendredi aurait obtenu des fonds apporter le compte frais demandés actuels remboursés en raison du travail en raison de covid atteint fermeture de compte département a dit pourrait aider les frais de réouverture du compte nécessaire obtenir la réouverture du compte propriétaire unique appliqué compte de prêt eidl fermé a parlé déposé plainte a également déclaré que l'employé du service client de la banque en ligne peut connaître le cas de fermeture de compte supposé connaître le consommateur a posé la question a dit savoir le solde effectué frais de découvert frais de découvert quotidiens total remboursé serait dû le compte total de la banque pnc serait fermé le service d'escalade de la banque pnc appelé a déclaré que le service de recouvrement est déjà allé aiderait les frais indiqués au travail car en raison du travail en ligne du virus covid l'année en banque semble s'inquiéter, rien ne pourrait être dû à un temps sans précédent penserait que je serais disposé à fermer le compte",produit_casse,elevee
banque td via un cabinet d'avocats embauché refuser de négocier le solde restant de la dette contractée représentant d'un ex-conjoint cabinet d'avocats crédit suggéré rester endommagé tenter de continuer à percevoir des intérêts opposé à l'acceptation d'une offre de règlement complet équitable divulgation légale possède une dette idée de banque td acheté vendu dette possède,produit_casse,elevee
année de conduite vérification d'antécédents de routine emploi rejeté rapport d'antécédents checkr look report checkr envoyé informations négatives payé course rapport indépendant revenu checkr clair irrémédiablement endommagé opportunité d'emploi,produit_casse,elevee
a commencé tôt le travail charge suspecte a déclaré la conversation téléphonique a été fermée a noté plusieurs inexactitudes formulaire appelé signe suggéré paperasse chose important coût réel opté signer paperasse a ensuite déclaré erreur fixe envoyé agent de clôture à la maison nuit beaucoup de chagrin signé documents de clôture contrainte sachant droit agent de fermeture le lendemain matin diligence raisonnable faxé par e-mail droit annulation fairway a choisi ignorer droit annulation pc pense que tu veux avoir besoin d'attention veux point d'attention dit un bon moyen de parler téléphone accroché contacté à plusieurs reprises tentative d'intimidation accepter de rester fairway simplement dit fait illégal fairway a continué à envoyer une facture hypothécaire malgré un document légal indiquant devoir quoi que ce soit cote de crédit affectée négativement dit ca obtenir une autre société de prêt hypothécaire financée par mois taux hypothécaire mi actuellement refuser de rester société corrompue aimerait respectueusement demander la totalité de l'hypothèque pardonné fairway corrompu reconnaître avoir enfreint la loi fédérale remercier le temps pris en compte,produit_casse,elevee
Pennsylvanie agence d'aide à l'enseignement supérieur aes contacté à plusieurs reprises problème de covid prêt marqué disqualifié entreprise un pire service à la clientèle soins rien personne résultat fait enquête prêt facturé paiement des intérêts initial covid relief acte essentiellement dit mange prêt u gouvernement continuer à facturer des intérêts covid désolé laisser essayer un travail sans précédent temps comprendre non tout droit allé facturer des intérêts vraiment louches assez bas baril ne recommande jamais d'utiliser kid way leander merci dieu prêt étudiant un chacun a suspendu le paiement des intérêts sauf les salauds,produit_casse,elevee
soc sec dob adresse fl attention litige département aujourd'hui date serf notifier informations inexactes rapport de crédit par fichier lettre envoyée par courrier recommandé objectif escalade formelle tribunal approprié droit besoin surgir récemment refusé demande prêt hypothécaire voiture carte de crédit assurance maladie emploi floride ddupon regarder de plus près en raison d'informations inexactes rapport de crédit le mien carte de sécurité sociale d'identité de floride volé contester l'accusation prouvé compte frauduleux également inclus copie rapport de police inutilement embarrassé partie de surveillance peut-être partie journaliste de crédit informations erronées dégradantes diffamatoires également endommagé bon crédit debout empêché quelque chose de absolument nécessaire causé beaucoup de stress affecté la santé courte qualité de vie affecté négativement informations inexactes rapport de crédit détaillé suit b u bkpt ct fl xxxxxxxx dossier source fichier date montant statut date demandeur type d'action statut chapitre faillite rejeté b auto faillite chapitre soc sec dob adresse fl,produit_casse,elevee
récemment allé acheter un nouveau véhicule trouver refusé en raison d'une erreur partie gm financier comptabilité précise dernier paiement de location effectué montant jour retourné ancien montant du bail dit paiement nécessaire fermer le bail voir la page ci-jointe deuxième article tiré paiement électronique reçu bancaire code de confirmation de paiement électronique montrer la banque également inclus page relevé bancaire mensuel montrer le paiement effectué gm montant financier demandé à plusieurs reprises gm financier immédiatement corriger l'erreur fermer le compte contacter trois bureau de crédit restaurer debout bonne foi a également reçu refus de crédit joint résultat action détruit processus de crédit,produit_casse,critique
atteint collectch diversifié concernant compte joint lettre envoyée certifié également joint réponse reçu nom créancier d'origine date présumée montant du service dû fcra état information reporting vérifiable précis sinon les informations doivent être supprimées loi fédérale collectch diversification reporting invérifiable informations inexactes crédit endommagé crédit intention de plaider supprimer fichier demande de rapport de crédit fournir contrat écrit documentation physique support informations reporting rapport de crédit via le portail cfpb envoyer des captures d'écran envoyer une déclaration médicale envoyer la signature réelle du contrat dette mine,produit_casse,critique
à chaque fois récupération de portefeuille assoc llc appel dire un montant de solde différent xxxxxxxx dollar dû disparu plusieurs fois plusieurs appelants différents parlent un anglais cassé essayer de harceler faire un paiement dernière lettre état solde offre montant du solde réduit payé année complète vivant chèque de sécurité sociale mois depuis en raison d'une pandémie travail à temps partiel travail de vente au détail en raison préoccupation mauvais solde dette atteinte prescription de la loi illinois également,produit_casse,elevee
"est rentré à la maison mission aller courrier lettre banque Amérique conseil statut tentative d'ouvrir un nouveau compte à tout moment tentative d'ouverture de compte banque refusée tentative banque requise identité de la personne en raison de la loi patriote banque Amérique compte ouvert même envoyé banque atm carte adresse instruction activation solde montant établi compte bancaire américain sonnait également comme un chèque papier émis venir boîte aux lettres comme carte atm essayé le contact parlerait même à moins qu'il ne donne un numéro de sécurité sociale le crédit terrifié soit endommagé impacté de mauvaise façon quelqu'un essayant de voler l'identité banque personnelle xxxxxxxx contacté dit commission fédérale du commerce s'il vous plaît aider à travailler dur lutté beaucoup personne maléfique rip fraude identifier le vol tenté le site de téléchargement de documents permettrait de télécharger le document, merci beaucoup",produit_casse,elevee
vouloir d'abord s'excuser définitivement encore en train d'apprendre vraiment essayer de comprendre ce qui a été dit crée un espace hrey organisation fonctionner recevoir des soins ambulatoires terminé le mois manqué paiement effectué paiement problème médical supplémentaire laissé incapable d'exécuter la responsabilité financière appliqué modification du prêt approuvé maison endommagée en raison de l'ouragan florence catastrophe naturelle déclarée rapport de crédit changé plusieurs fois liberté hypothèque mettre le statut de délinquant mois abstention catastrophe naturelle ordre militaire impact information rapportée agence de crédit année abstention cependant le courant a été abstention mis en œuvre mais rapport positif informations négatives rapportées s'il vous plaît pardonner l'ignorance,produit_casse,critique
atteint collectch diversifié concernant l'adresse du compte associé n'a jamais vécu lettre jointe envoyée certifiée également jointe réponse reçue nom du créancier d'origine date présumée montant du service dû fcra état informations rapport vérifiable précis sinon les informations doivent être supprimées loi fédérale collectch rapports diversifiés invérifiables informations inexactes crédit endommagé crédit intention de plaider supprimer le fichier demande de rapport de crédit fournir un contrat écrit documentation physique support informations reporting rapport de crédit via le portail cfpb envoyer des captures d'écran envoyer une déclaration médicale envoyer la signature réelle du contrat dette la mienne,produit_casse,critique
rapport de crédit marqué montant de la collecte déjà réglé année reçu lettre agence de recouvrement indiquant le jour payer en attente lettre de charge produire entreprise déclaré recouvrement des comptes injustice complète d'abord reçu lettre d'avance donner tête compte rapporté deuxièmement donné date limite de paiement terminer le compte rapporté collection rapport de crédit bien comprendre l'entreprise attendre d'appliquer une hypothèque type prêt compte endommagé déposé litige déjà besoin de savoir gars aider ce qui concerne merci,produit_casse,elevee
"eh bien, je ne voulais vraiment pas revenir, problème de pensée, réparation, devinette, banque Huntington, gon na huntington, assurance habitation en désordre, charge recherchée, assurance habitation forcée, passé remboursé, défaut trouvé, dit toit payé, je suis heureux, fait un pas, défaut admis, plafond toujours foiré, incident un huntington, savoir redresser le problème, évidemment toit endommagé à l'intérieur du plafond endommagé, tempête, celui que huntington a envoyé a pris une photo du plafond, comme perdu, enfin réussi, désolé, orthographe incorrecte, assez de temps trouvé, plafond refusé, je ne me souviens pas de la raison exacte, rappelez-vous correctement essayé, dites que le toit n'a pas été endommagé, c'est un non-sens, un charpentier, le plafond, la personne sait que les dommages ont aussi l'air horrible. appelé plusieurs fois comme ne jamais recevoir de rappel direct appeler l'assurance huntington je ne sais pas aller je ne sais pas question de travail parler envoyer une personne partie de l'entreprise renvoyer perdre du temps obtenir quoi que ce soit delt j'ai appelé l'heure la semaine dernière gâteau lundi elle est capable de revenir besoin que quelqu'un sache aussi ce qui s'est passé la première fois horrible problème pour joindre quelqu'un au moins c",produit_casse,elevee
basé sur la lettre précédente datée du directeur de district opération titlemax appelé véhicule informé excellent état pourrait vendre aux enchères récupérer le montant dû b accepterait offre payer retour véhicule basé discussion convenu option b effectué paiement personne titlemaxs magasin titlemax représentant signé accord de libération véhicule choisi nj titlemax envoyé véhicule aux enchères observé déplacer le parking parking à l'aide d'un chariot élévateur malgré la clé le véhicule a pris le véhicule entretien programmé informé véhicule endommagé en raison d'un remorquage incorrect bras de commande avant arrière endommagé en raison du chariot élévateur d'origine entreprise de remorquage mauvaise manipulation du support d'échappement du véhicule également endommagé besoin de réparation évaluation des dommages coût estimé attaché dommages causés usure anormale pneu également dommages mineurs zone de la porte du conducteur avant du coffre l'agent titlemax a tenté d'ouvrir le véhicule lors de la reprise de possession a contacté titlemax écrit demander de payer la réparation par réponse datée de titlemax convenu somme de réparation dommages cependant malgré des tentatives répétées contacter le magasin organiser signer le document de libération dit arr,produit_casse,elevee
s dob adresse xxxxxxxx fl attention litige département aujourd'hui date serf notifier informations inexactes rapport de crédit par fichier lettre envoyée par courrier recommandé objectif escalade formelle tribunal approprié loi besoin surgir récemment refusé demande hypothèque prêt voiture carte de crédit assurance maladie emploi floride regarder de plus près en raison d'informations inexactes rapport de crédit le mien carte d'identité de floride carte de sécurité sociale volée contestation des frais prouvé compte frauduleux également inclus copie rapport de police inutilement embarrassé partie de surveillance peut-être partie journaliste de crédit informations erronées dégradantes diffamatoires également endommagé bonne solvabilité empêché quelque chose de absolument nécessaire causé beaucoup de stress affecté la santé courte qualité de vie affecté négativement informations inexactes rapport de crédit détaillé suit dernier solde signalé dernier solde ouvert signalé dernier solde ouvert signalé dernier solde ouvert signalé adresse ddn xxxxxxxx xxxxxxxx fl,produit_casse,elevee
facturation sérieuse taux d'intérêt usuraire taux de facturation ère sans précédent taux bas pandémie refusé taux inférieur malgré de multiples demandes,produit_casse,elevee
soc sec dob adresse fl attention litige département aujourd'hui date serf notifier informations inexactes rapport de crédit par fichier lettre envoyée par courrier recommandé objectif escalade formelle tribunal approprié droit besoin surgir récemment refusé demande prêt hypothécaire voiture carte de crédit assurance maladie emploi floride ddupon regarder de plus près en raison d'informations inexactes rapport de crédit le mien carte de sécurité sociale d'identité de floride volé contester l'accusation prouvé compte frauduleux également inclus copie rapport de police inutilement embarrassé partie de surveillance peut-être partie journaliste de crédit informations erronées dégradantes diffamatoires également endommagé bon crédit debout empêché quelque chose de absolument nécessaire causé beaucoup de stress affecté la santé courte qualité de vie affecté négativement informations inexactes rapport de crédit détaillé suit xxxxxxxx xxxxxxxx xxxxxxxx soc sec dob adresse fl,produit_casse,elevee
"accepté département d'état travail service extérieur posté adresse diplomatique dans le mois recevoir la lettre u banque hypothèque société disant essentiellement vivre à l'extérieur de la maison conformité prêt appelé essayer trouver numéro donner lettre numéro de service client général clarté personne capable de donner peut fait prêt prêt fha adresse informée nécessaire envoyer l'adresse de réponse numéro de téléphone du prêt fha adresse e-mail faciliter la communication a répondu lettre expliquant la situation demander voir genre exception exclusion puisque certain personnel militaire servant à l'étranger perdre le service à domicile compris quelque chose envoyé lettre preuve emploi actuel obtenu lettre datée dit obtiendrait une prolongation temporaire année nécessaire répondre jour copie couverture d'assurance vente contrat de location propriété reçu lettre essentiellement jour deux délais dus affectés au service de courrier des vols internationaux, genre paniqué car la façon de répondre prendrait probablement un autre jour selon le tracker usps est toujours arrivé quelques semaines appelé le numéro du service client en espérant",produit_casse,elevee
Ditech le long a donné un prêt maison propriété état de vie idée donné prêt prêt assuré savait que les gens titre est allé prendre nom titre assurance prêt documentation arrivé frère en défaut de procéder essayer de ramener à la maison vivre un an mère désordre causé souffrir financièrement physiquement mentalement émotionnellement a pris presque un an prendre soin de problème refinancer l'avocat hypothécaire a menti dit avocat hypothécaire Ditech a également envoyé des documents ancien locataire inclus titre maison acheté reçu prêt informations personnelles envoyé les gens ont pris possession du colis a arrêté de payer le loyer nécessaire embaucher un autre avocat expulser l'appartement détruit a pris un an réparer a volé la carte de crédit essayé acheter un article nouvel appartement appartement trou dégâts d'eau quelqu'un a marché étage le plafond tomberait sentir horrible tout est cassé on aiderait à écouter un avocat engagé a pris de l'argent rien n'est censé obtenir une modification année mois de paiement reçu un appel dit refusé un appel pour les formalités administratives appropriées,produit_casse,elevee
"pra state trouvé record à l'appui allégation y compris, sans limitation pra incorrectement utilisé obscène langage belliqueux cependant offensé utilisation langage portefeuille récupération associé llc pra avis communication verbiage collecteur de dettes dette due collection al mot trouver offensant blessé causé dommage physique réputation caractère en outre avis reçu un moment inopportun enfin pra contrat validé consenti convenu société pra continu endommagé crédit pra tentative illégale préjudice sécurité intérêt liberté action blessant dommageable violation de propriété illégale titre limité usc titre usc c c titre usc article sec constitution états unis Amérique Nunc Pro Tunc",produit_casse,elevee
"essayer de travailler depuis l'acte luid continuer à dire en attente dire que tout a reçu quelque chose par courrier électronique document à chaque appel obtenir une réponse différente demandée au responsable appeler un appel je vais divorcer faire de mon mieux pour empêcher la forclusion a dit tenir droit, rendre impossible sentir le point je ne veux pas d'aide au travail je veux une forclusion à la maison appelé au cours des deux derniers mois bien envoyé par courrier électronique également l'entreprise rentre à la maison en sécurité dit que l'entreprise a tout poussé pièce du milieu recouverte de papier plastique propriété endommagée maison",produit_casse,elevee
maison endommagée tornade assurance chèque comprend société de prêt hypothécaire hypothèque de Midland fournie estimation de l'entrepreneur réparation du toit bien photo réparation temporaire débris enlevés personnellement Midland refuse toujours de fournir des fonds même si l'estimation du coût dépasse le chèque commencer le fonds de réparation saison des ouragans peur sécurité famille toit endommagé je commence pense avoir l'intention de voler de l'argent,produit_casse,elevee
transunion cc informations accablantes prof transunion complice permettant un lieu fausse collection rapport de crédit cent autres capables de parler obtenir des informations précieuses employé compatissant créancier licence acquise marque créancier acquis créancier original découvert loi du mississippi gouverner tactique de vente à domicile intention gravement brisée induire en erreur acquérir compte confronté entreprise dernière partie tactique dysfonctionnement de l'équipement en raison de la tempête a eu lieu a cessé d'effectuer le paiement en raison d'une rupture flagrante du contrat à l'insu gardé la rédaction du compte de fonds solde gauche état d'une manière ou d'une autre doit payé autour acquérir compte autorisé placé transunion profil de crédit solde nous devons à l'entreprise le solde initial du créancier selon plusieurs fois le créancier transunion certifié compte d'exactitude manifestement faux soushttps la société existe ancien nom dba donc devoir dettes réclamation transunion vérifiée doit être supprimée exister manière société autorisée lieu dette grand bureau nom différent n'hésitez pas à placer crédit de dette par fcra représentant illégal,produit_casse,elevee
rapport de dette frauduleusement déclaré dettes retour quatrième compte fermé fermé rapport de crédit temps litige mise à jour différent rapport de bureau de crédit différentes informations compte fermé compte chargé crédit détruit dette déclaré fermé chargé vouloir prendre la responsabilité dommages véhicule repo véhicule choisi fuite d'essence pourrait conduire beaucoup véhicule remorqué rayon partie libéré compte information promesse mécanicien paiement dommages confirmé responsable dommages véhicule de transport enfin réparé un véhicule recherché mois nécessaire véhicule récupérer travail véhicule gardé presque un an consultant directement libéré compte informations fait négociation sans récupérer véhicule volé vie travail véhicule crédit fait payer véhicule inconduisible appelé entreprise enquêter fermer enquête mérite sans souci véhicule pouvant être conduit une fois racheté bien que conseillé véhicule arrivant pouvant être conduit pris de l'argent résultat de la voiture jamais capable de conduire le crédit du véhicule crédit détruit emploi perdu la vie du véhicule a reculé honorer la mission a également libéré le compte i,produit_casse,elevee
soc sec dob adresse xxxxxxxx attention litige département aujourd'hui date serf notifier informations inexactes rapport de crédit par fichier lettre envoyée par courrier recommandé objectif escalade formelle tribunal approprié droit besoin surgir récemment refusé demande prêt hypothécaire voiture carte de crédit assurance maladie emploi floride regarder de plus près en raison d'informations inexactes rapport de crédit le mien carte d'identité de floride carte de sécurité sociale volée également inclus copie vol d'identité affidavit inutilement embarrassé partie de surveillance peut-être partie de journaliste de crédit partie de journaliste informations erronées dégradant diffamatoire également endommagé bonne solvabilité empêché quelque chose absolument nécessaire causé beaucoup de stress affecté la santé courte qualité de vie affecté négativement informations inexactes rapport de crédit détaillé suit soc sec dob adresse fl,produit_casse,elevee
soc sec dob adresse fl attention litige département aujourd'hui date serf notifier informations inexactes rapport de crédit par fichier lettre envoyée par courrier recommandé objectif escalade formelle tribunal approprié droit besoin surgir récemment refusé demande prêt hypothécaire voiture carte de crédit assurance maladie emploi floride ddupon regarder de plus près en raison d'informations inexactes rapport de crédit le mien carte de sécurité sociale d'identité de floride volé contester l'accusation prouvé compte frauduleux également inclus copie rapport de police inutilement embarrassé partie de surveillance peut-être partie journaliste de crédit informations erronées dégradantes diffamatoires également endommagé bon crédit debout empêché quelque chose de absolument nécessaire causé beaucoup de stress affecté la santé courte qualité de vie affecté négativement informations inexactes rapport de crédit détaillé suit soc sec dob adresse fl,produit_casse,elevee
"texas attention relation client copie récemment obtenue copie de rapport de crédit service trouvé article suivant erreur fournie documentation preuve article question inexacte besoin supprimé rapport de crédit article litige rapport solde compte mine enquête mine banque enquête concessionnaire automobile enquête enquête auto financement enquête auto financement enquête auto financement enquête auto financement enquête automobile concessionnaire enquête automobile concessionnaire enquête auto financement enquête banque enquête auto financement enquête auto financement enquête auto financement enquête auto financement enquête auto concessionnaire enquête société envoyée notification dette ftc loi notifiée dette jour donné litige société enfreinte compte besoin supprimé dès que possible par section juste crédit rapport acte demandant l'article indiqué rapidement supprimer l'article valide informations inexactes et obsolètes ajout de rapport de crédit demandant une description enquête menée avec le nom, l'adresse, le numéro de téléphone de toute personne contactée, veuillez envoyer une mise à jour",produit_casse,elevee
année compte ajouté rapport de crédit ouvert frauduleux autoriser compte ouvert d'une manière ou d'une autre régler le paiement fille deux comptes payés compte courant le compte est devenu ouvert sans consentement réglage paiement fille facturerait les offs compte année papa a travaillé ssn a été supprimé année de naissance bien fille ssn est devenu ssn credit bureau trois transunion a attiré l'attention de l'entreprise xxxxxxxx new york année plus importante année gauche problème garder à la surface année de combat identité fille identité transunion supprimer information rapport de crédit contestant également déposé plainte crédit bureau cfpb problème connaître numéro de rapport d'incident détruit vie bien vie de fille continuer combat identité aller site Web modifié à quatre derniers chiffres ssn fille ssn bloc de pointage de crédit gratuit écrasant l'année dernière obtenu trois lettres indiquant trouver le système heure d'envoi confirmation certifiée usps post année de combat fatigué envoi document document prouver l'identité de la fille année heure survenue,produit_casse,elevee
rapport de crédit examiné trouvé entrée de compte négative enquête identifiée placé dossier de crédit sans connaissance enquête de compte négative causé grande action difficultés crédit absolument idée informations personnelles obtenues quel que soit l'individu fait dommage crédit devenir difficile acquérir un nouveau crédit crédit manière endommagée situation hors de contrôle essayer la meilleure façon d'être résolu demander s'il vous plaît enquête de compte négative supprimé dossier de crédit bientôt possible aussi garder à l'esprit l'enquête de compte appartenir,produit_casse,elevee
vouloir échanger le solde des miles option en espèces sélectionnée en ligne site Web de l'entreprise erreur reçue banque option ajoutée nécessite une banque liée contacté le service client informé du compte bancaire besoin d'un paiement lié effectué fonctionnalité fonctionne toujours recevoir un message d'erreur site Web cassé dysfonctionnement,produit_casse,elevee
lettre reçue porte de l'appartement aurait besoin de quitter l'appartement visage expulsion déplacé email appelé faire savoir partirait parlé gestionnaire du complexe d'appartements assuré dû rien ne pouvait laisser voulu disparu date reçue lettre chasseur warfield expliquant le client dû choqué demandé validation dette reçu réponse document envoyé disant loyer dû remboursé partie du complexe d'appartements hunter warfield dire montant encore dû ne doit rien personne n'a payé le loyer du mois dernier j'ai montré hunter warfield email indiquant qu'il partirait montré point de paiement je me fais courir autour de hunter warfield dire contacter dire contacter complexe d'appartements cependant choisir essayer voir atteindre quelqu'un en fait photo ive cependant message de gauche appartement rappeler ive chasseur de dettes contesté warfield dit dette toujours due rapport de crédit refuser de payer la dette rendre décourageant un menti pointage de crédit réputation de crédit détruit mensonge,produit_casse,elevee
"peut s'inquiéter accordé en raison de la réduction des difficultés covid heure de fermeture de l'école fermeture du bureau, etc. période d'abstention commençant fin paiement dû cependant signalé bureau de crédit compte hypothécaire plus long jour en souffrance cas ligne directrice fédérale rapport négatif effectué agence de crédit abstention contacté dit informations de compte plus longues reprendrait le rapport de crédit négatif plusieurs tentatives infructueuses de correction du rapport de crédit contacté experian problème contesté temps temps de soumission du document prouver frauduleusement déclaré crédit en retard même si le lieu d'abstention a reçu la lettre en retour admise rapportée incorrectement réparerait le document experian jamais fourni rapport de crédit même endommagé montrer incorrectement jour en retard compte même si le compte est ouvert en cas d'abstention des directives fédérales, encore aujourd'hui, rapport de crédit toujours fixe",produit_casse,elevee
tentatives répétées de litige frais régulièrement effectués paiement mensuel crédit détruit année traitée mère stressée hospitalisée traitant également d'un accord scolaire va également déposer une plainte procureur général ftc,produit_casse,elevee
année vécue récupération du loyer essayer de collecter fait en sorte de suivre la règle nettoyé endroit impeccable photo de gauche prouver photo même faire nettoyer le tapis encore dire devoir nettoyage en profondeur appartement cassé esprit aveugle payer aveugle nécessaire nettoyage en profondeur le nettoyage serait fait serait nettoyage normal prochain locataire vivre routine propre,produit_casse,elevee
regardé rapport de crédit trouvé entrée identifié enquête aussi trouvé compte négatif placé crédit sans connaissance enquête compte négatif causé beaucoup de difficultés dossier de crédit idée capable de faire certaine enquête compte négatif contesté appartenir donc demander s'il vous plaît enquête compte négatif supprimé dossier de crédit bientôt crédit possible endommagé quelqu'un a volé l'identité subir conséquence,produit_casse,elevee
numéro choisi article différent xxxxxxxx ca tombé nettoyé à sec plus tôt la semaine après le retour à la maison découvert taie d'oreiller identique endommagé ruiné en raison de la négligence du commerçant matériau de la housse de coussin effiloché tache noire housse heure actuelle dépôt également une autre taie d'oreiller fermeture éclair détruite en raison de la négligence du commerçant taie d'oreiller excellent état temps fait correspondant taie d'oreiller pratiquement neuf acheté retourné nettoyeur à sec le lendemain problème d'adresse veuillez noter incident réception endommagé bon service marchand premier incident survenu nettoyeur à sec accepté bon soumissionné paiement mais refusé assumer la responsabilité dommages causés le marchand a déclaré réparerait l'oreiller endommagé a donné l'opportunité au commerçant a également refusé le remboursement de l'argent service endommagé bon litige déposé illégalement citi a fourni la documentation information de soutien réclamation citi a statué faveur du commerçant même si bon endommagé recevoir un service payé un autre nettoyeur à sec réparer avec succès la housse d'oreiller endommagé fermeture éclair coût supplémentaire encore besoin de remplacer le barrage,produit_casse,elevee
soc sec dob adresse fl attention litige département aujourd'hui date serf notifier informations inexactes rapport de crédit par fichier lettre envoyée par courrier recommandé objectif escalade formelle tribunal approprié droit besoin surgir récemment refusé demande prêt hypothécaire voiture carte de crédit assurance maladie emploi floride ddupon regarder de plus près en raison d'informations inexactes rapport de crédit le mien carte de sécurité sociale d'identité de floride volé contester l'accusation prouvé compte frauduleux également inclus copie rapport de police inutilement embarrassé partie de surveillance peut-être partie journaliste de crédit informations erronées dégradantes diffamatoires également endommagé bon crédit debout empêché quelque chose de absolument nécessaire causé beaucoup de stress affecté la santé courte qualité de vie affecté négativement informations inexactes rapport de crédit détaillé suit xxxxxxxx soc sec dob adresse fl,produit_casse,elevee
jour enquêter en disant enquêter sur les nouvelles informations violation de la ftc loi sur les rapports de crédit équitables période de jour en outre la californie selon la loi doit adhérer aux affaires californie courrier déposé loi considérer reçu par conséquent violation loi californienne enfin causer des dommages responsable triple temps montant total des dommages personne endommagée en raison de rapports erronés,produit_casse,elevee
date magasin amazon carte de crédit synchronisation banque magasin matelas matelas ferme endommagé mauvaise qualité le lendemain carte de crédit contestée,produit_casse,elevee
vêtements achetés vêtements totalisés reçu trou endommagé fermeture éclair cassée déposé litige refusé échange remboursement argent banque crédité montant révélateur réclamation refusée rembourser politique de retour cependant politique également échange d'état envoyer commande incorrecte article trou cassé fermeture éclair,produit_casse,elevee
écrit arnaqueur agent immobilier inspecteur avocat propriété déménagement prêt fuite de toit moulé problème électrique eau courante mois d'hiver four cassé compte séquestre établir compte argent aller hud prêt avocat refusant de l'aide vous avez besoin d'aide pour réparer payer la maison s'il vous plaît,produit_casse,elevee
lettre envoyée article faussement mis rapport de crédit pris savoir en raison du temps de réponse covid peut prendre plus de temps habituel toujours avoir l'impression d'avoir profité ignoré demande du patient article négatif supprimé chercher des informations sur le litige également endommagé en raison d'une violation de données j'espère que quelqu'un s'il vous plaît hep obtenir de fausses informations supprimées,produit_casse,elevee
fuite d'informations personnelles ainsi que des informations millions situation américaine affectée mentalement bien endommagé score de crédit global santé de crédit trois principaux bureaux de crédit reporting compte dossier de crédit résultat direct vol d'identité loi sur les rapports de crédit assurer le rapport du bureau informations de crédit exactes chaque étape doit être prise assurer les informations rapportées complètement exactes correctes validation de la dette encore reçue jour d'information compte en difficulté actuellement rapporté dossier de crédit préférer plaider contact utilisation moyenne tribunal publicité appliquer le droit fcra apporter des informations au juge zone compte supprimé dossier de crédit loi sur les rapports de crédit équitable exige supprimer le compte rapport de crédit bientôt possible avocat a pris la mesure nécessaire ordre apporter des informations au juge zone compte supprimé dossier de crédit bientôt possible,produit_casse,elevee
"cher officier client fidèle de Wayfair les trois dernières années première année Wayfair a changé deux fois relation commerciale carte de crédit compte géré par la société a reçu une autre communication via un compte de consommateur Wayfair géré indiquant la relation d'affaires Wayfair terminée sans confirmation siège social de Wayfair déclarant arrivé client fidèle affecté fermeture bouleversée manière Wayfair traité client respect wayfair profil de crédit endommagé fermeture de compte sans raison explication application de la carte de crédit Wayfair enquête difficile placé profil de crédit inférieur courte période temps pointage de crédit extrêmement frustré mauvaise gestion compte détruisant le crédit de ligne établi depuis longtemps magasin en ligne particulier autorité gouvernementale enquêter sur le problème de légalité étant donné que plusieurs consommateurs confrontés à des institutions financières à bascule font des affaires sans en informer le client, un membre du personnel ajoute une surprise, même un membre du personnel informé, le compte a été résilié sans envoyer de note interne informant la relation avec le personnel a pris fin sans compensation",produit_casse,elevee
soc sec dob adresse fl attention litige département aujourd'hui date serf notifier informations inexactes rapport de crédit par fichier lettre envoyée par courrier recommandé objectif escalade formelle tribunal approprié droit besoin surgir récemment refusé demande prêt hypothécaire voiture carte de crédit assurance maladie emploi floride xxxx à regarder de plus près en raison d'informations inexactes rapport de crédit le mien carte de sécurité sociale carte d'identité de floride volée contestation charge avérée compte frauduleux également inclus copie rapport de police inutilement embarrassé partie de surveillance peut-être partie journaliste de crédit informations erronées dégradantes diffamatoires également endommagées bien solvabilité empêché quelque chose de absolument nécessaire causé beaucoup de stress santé affectée courte qualité de vie affecté négativement informations inexactes rapport de crédit détaillé suit soc sec dob adresse fl,produit_casse,elevee
plainte spécifiquement localisée contactée régler le montant de la dette convenu payé copie demandée lettre de règlement écrite envoyée lettre convenue toujours reçue offre de règlement écriture contacté bureau a parlé dit lettre de courrier valide bureau de travail due expliquée conversation précédente indiqué lettre de règlement serait envoyée par la poste lettre de règlement mentionable jamais relayée dit pourrait faxer la lettre forcée créer un numéro de fax en ligne commander recevoir une offre de règlement à plusieurs endroits e-mail lettre courrier copie papier même refusée lettre e-mail mettre lettre courrier forcé obtenir numéro de fax envoyé copie du chèque lettre de règlement adresse chèque jamais encaissé lettre reçue indiquant le chèque retourné non encaissé par la direction explication également lettre pièce jointe envoyée le chèque serait retourné envoyé copie du chèque lettre de règlement retournée lettre également déclarée résident s'il vous plaît lire l'avis important avis de retour lettre de retour croire la loi enfreinte informer le droit résident appelé bureau trouver refusé honneur convenu règlement dit ca accepter n'importe quoi,produit_casse,elevee
acheté amplificateur de guitare reçu article endommagé partie manquante article utilisable objet déposé litige société de carte de crédit deux fois marchand temporel tout demandé produit documentation photo contacté marchand calendrier article retourné jamais répondu prix d'achat société de carte de crédit carte citi va quatre mois vouloir retourner endommagé article inutilisable remboursement,produit_casse,elevee
essayé obtenir un prêt propriété trouvée activité frauduleuse incrédulité trouvé connaître l'auteur mère utilisé information contact relation endommagé récemment harcèlement diffamation traque utilisé information piste médecin ancien conseiller école obtenir des informations résider deux états différents trouvé ancienne adresse ami proche nature morte zone enquêtée appelée adresse du flic chèque d'aide sociale recherché confirmer toujours résider numéro appel texte ville incidence causé grave anxiété nerveux toujours peur vouloir peur vie besoin d'aide,produit_casse,elevee
déposé plusieurs plaintes concernant un bureau particulier concernant des informations incorrectes deux enquêtes antérieures sur un compte de carte de crédit découvrir la réclamation exacte supprimer le compte immédiatement terminé l'enquête a supprimé le compte sans hésitation en attendant les mesures prises informations négatives entravant la situation financière un temps sans précédent joindre les pièces justificatives concernant le résultat de l'enquête,produit_casse,critique
peut s'inquiéter s'il vous plaît peut demander de l'aide situation affaire grave impliquant une activité frauduleuse apparaissant rapport de crédit personnel société nommée texas identité volée impliquant un bail automobile daté du prêt résultant date rapportée trois solde du bureau de crédit laissé abandonné rarement jamais voir rapport de crédit essayé d'achat article de coût élevé montré enquête crédit répertorié le long de l'organisation nommée immédiatement déposé rapport de police locale le long du différend de remplissage trois grandes sociétés de crédit le long de la tentative de prise de contact envoyé affidavit société notariée n'a jamais répondu différend refusé réclamation bailleur situation clairement frauduleux détruit crédit personnel se sentir pris sérieusement avantage personne âgée vivre simplement sincèrement,produit_casse,critique
déposé plusieurs plaintes concernant un bureau particulier concernant des informations incorrectes deux enquêtes antérieures sur un compte de carte de crédit découvrir la réclamation exacte supprimer le compte immédiatement terminé l'enquête a supprimé le compte sans hésitation en attendant les mesures prises informations négatives entravant la situation financière un temps sans précédent joindre les pièces justificatives concernant le résultat de l'enquête,produit_casse,critique
"la cible a signalé un compte frauduleusement ouvert, le crédit a été facturé, le crédit a été endommagé, de nombreuses tentatives de demande, la cible a été ignorée, la copie écrite de la demande originale, le paiement, soi-disant reçu, le mois de contestation du compte, a été ignoré, finalement, la personne a parlé, le règlement a proposé la suppression du lieu, même si le compte était d'accord, le paiement pouvait supprimer le paiement reçu, refuser de supprimer le compte, rapport blessant, beaucoup fourni, la police pouvait copier le rapport de la carte d'identité, la carte pouvait comparer connaître le vol d'identité, ignorer l'arrogance négligente, à condition qu'une preuve validant la propriété du compte ait pris de l'argent, appartenir",produit_casse,elevee
date d'envoi de la lettre de transunion demande incluse lettre d'information suivante supprimer les informations de crédit inexactes reçues copie du rapport de crédit trouvé erreur de l'article suivant valider le numéro de compte du compte veuillez fournir des informations article vérifié enquêter supprimer le rapport de crédit valider le comptexxxx numéro de compte veuillez fournir des informations article vérifié enquêter supprimer la fourniture du rapport de crédit loi sur les rapports de crédit équitable exiger l'article enquêté rapport supprimé comprendre revérifier l'article le créancier publié veuillez supprimer les informations le créancier vérifier comprendre la loi sur les rapports de crédit équitables sec doit compléter dans la journée lettre de réception veuillez envoyer une copie mise à jour du rapport de crédit adresse selon la loi facturera le rapport mis à jour également demander s'il vous plaît envoyer un avis de correction à toute personne ayant reçu un rapport de crédit après six ans L'enquête transuion est revenue résultat signalé demande antérieure mais a répondu malheureusement assez impacté violation de données sentiment bien que la demande complètement ignorée traitée frivole malheureuse agence privée pouvoir infli,produit_casse,critique
notification reçue au hasard nouvelle demande difficile magasin évidemment aujourd'hui premier contacté service client dit ca beaucoup à moins d'atteindre la carte de crédit service client recevoir une lettre appelée ensuite donné social dit même application informations personnelles même appelé service client voir parler depuis le rapport de crédit mis à jour nouvelle demande difficile pourrait réussir à atteindre le représentant réel rappelé service client expliqué doit faire une erreur expliqué première mention portefeuille volé lundi pense d'abord quelque chose senti dire évidemment portefeuille tout identifiant etc demandé faire rapport de police essayé portefeuille voiture volée cassée encore jour flic rappelé rapport réel trouver option gauche obtenir contact gars représentant,produit_casse,elevee
un chèque volé boîte aux lettres du bénéficiaire encaissé banque amérique boa insister ed fermer compte vérification épargne nouveau compte montrer solde correct paiement refusé compte tiré carte de débit refusée boa capable de fournir un accès au compte de fonds payer la facture payer bon processus de résolution de fraude par carte de débit boa cassé pire fraude croire solution le gouvernement impose une surveillance réglementaire résolution de la fraude niveau de processus incompétence département de fraude stupéfiant,produit_casse,elevee
s dob adresse fl attention litige département aujourd'hui date serf notifier informations inexactes rapport de crédit par fichier lettre envoyée par courrier recommandé objectif escalade formelle tribunal approprié droit besoin surgir récemment refusé demande prêt hypothécaire voiture carte de crédit assurance maladie emploi floride ddupon regarder de plus près en raison d'informations inexactes rapport de crédit le mien carte d'identité de floride carte de sécurité sociale volée contester l'accusation avérée compte frauduleux également inclus copie rapport de police inutilement embarrassé partie de surveillance peut-être partie journaliste de crédit informations erronées dégradantes diffamatoires également endommagé bonne solvabilité empêché quelque chose de absolument nécessaire causé beaucoup de stress affecté la santé courte qualité de vie affecté négativement informations inexactes rapport de crédit détaillé suit le dernier solde signalé avancé le dernier solde ouvert signalé le dernier solde ouvert signalé le dernier solde ouvert signalé s dd adresse fl,produit_casse,elevee
entreprise harcelée concernant la dette responsable contrat signé donné l'autorisation obtenir le lieu de résidence les coordonnées continuent fréquemment le harcèlement appelé à plusieurs reprises un moment inopportun dit à plusieurs reprises sous-estimer le consommateur enfreint le droit de la consommation trouvé usc,produit_casse,elevee
passé commande macy bouteille en ligne hommes colone montant colis arrivé pourrait voir endommagé à l'ouverture colis découvert bouteille endommagée liquide s'est échappé bouteille cassée vide immédiatement déposé litige macy date en ligne macy a répondu litige bien jour a répondu litige donné crédit,produit_casse,critique
propriété vendue géorgie propriété possédée argent séquestre laissé récemment vérifié boîte postale géorgie case à cocher enveloppe chèque endommagé la veille marque vieux argent encaissé contacté pph motgage obtenu réponse mois dit envoyer copie chèque département de recherche deux fois faxé copie plusieurs fois encore obtenu chèque de remplacement séquestre d'argent à chaque fois appel dire n'a rien regardé,produit_casse,elevee
tentative d'atteindre un pro collecter de nombreuses occasions concernant la dette soi-disant ne jamais devoir de compte le créancier original a également reçu la réponse demandée montrer la documentation signée du contrat connaître le contrat signé pro collecter autoriser l'ouverture du nom du compte illégal ajouter des informations inexactes non vérifiées profil de crédit de la personne dit exigeant pro collecter fournir le contrat original signé prouver la tentative de recouvrement de la dette preuve de la personne correcte collecteur de dettes agréé état essayant de collecter le numéro de licence preuve autorité légale représenter le créancier d'origine question juridique chose fournie remise avocat cherchant une rémunération entrée en droit rapport de crédit illégal endommagé cote de crédit,produit_casse,elevee
prêt hypothécaire fermé xxxxxxxx prêt usda jamais manqué de paiement mari mis en raison pandémie accepté abstention offert liberté prêt hypothécaire acheté position acceptée dans la réinstallation regarder a commencé le processus de vente de la propriété offre de propriété acceptée a commencé le processus de financement propriété immédiatement évaluer le crédit achat de propriété croyait prêt usda vendeur approprié propriété impatient vendre initialement demandé date de clôture convenue agent de prêt appelé mettre à jour le statut d'abstention la souscription de la propriété a du mal à terminer le prêt la propriété croyait pouvoir fournir une documentation montrant le montant de l'abstention pourrait payer la fin de l'hypothèque plutôt que la somme en ballon relevé de prêt actuel indiquant le paiement mensuel habituel indiquant l'abstention due la souscription serait satisfaite pourrait continuer le mot pourrait montrer propriété hypothécaire actuelle gérée de manière responsable malheureusement déclaration liberté hypothèque extrêmement obtuse indiquant prêt en souffrance abstention requise payer n'importe quoi déclaration de temps devoir paiement en ballon déclaration récente jointe im,produit_casse,critique
"a écrit un chèque pensait que l'entreprise de déménagement avait un contrat juridiquement contraignant, mais l'entrepreneur a vendu illégalement un déménagement choisi appartenant à un prix illégalement augmenté signe facture de chargement preuve document altéré faire apparaître fourni chèque déménageur maison a fait une menace indiquant un boxeur formé prison condamnation signe facture de chargement d'accord a écrit un chèque a écrit un ordre de paiement paniqué vu mot haut interétatique facture de chargement forme bien fargo autorisé chèque de dépôt du client malgré le fait écrit organisation de l'entreprise impliquée déménagement certainement nom correct déposé compte individuel manquant entreprise appartenant contracté livrer bon service appelé bien fargo n'a rien dit dépôt de chèque inexact quelqu'un compte explique l'organisation capable d'exécuter un stratagème de fraude longue entreprise adresse principale contractée ga communiquée arrivée programmée du chauffeur adresse principale il dot il choisi appartenant au nom opère plusieurs point légal appartenant adresse principale stockée il dot il livré appartenant sous-traitant manquant cassé organisation opère illégalement arnaque",produit_casse,elevee
ensemble de cartes de crédit walmart paiement automatique jamais manqué de travail couple année carte vendue pris paiement automatique appelé à plusieurs reprises essayer d'organiser le paiement automatique n'arrêtait pas de rappeler rappeler n'arrêtait pas de dire chèque courrier travail route facturé paiement excessivement manqué malgré les efforts répétés payer la facture rétablir le paiement automatique crédit endommagé,produit_casse,elevee
plan de remboursement service de fay mois de départ soumission du paiement bihebdomadaire banque via paiement de facture plan de paiement non officiel censé terminer le paiement mensuel régulier commencé service de fay après le temps de paiement dit dû malgré la preuve banque via facture payer le temps d'envoi causé plan de remboursement cassé gestionnaire de rayon conseillé fonctionnerait usine de remboursement continuer à effectuer le paiement aujourd'hui fay service tenant compte d'attente environ fonds appliqué pour le paiement hypothécaire représentant le représentant hier conseillé préforclusion apporter compte courant pourrait utiliser fonds compte d'attente addition appelant trouver type soulagement incitatif offrant droit personnes perdu emploi dû conseillé éligible quoi que ce soit en raison de fait également conseillé lettre envoyée pour informer malgré fait deux compte d'attente de paiement hypothécaire complet société gardant délibérément de l'argent compte d'attente assurez-vous d'aller forclusion représentant conseillé l'année dernière a subi plusieurs retards essayé modification de prêt fay entretien hé refusé chose pourrait offrir un plan de remboursement honoré erreur fin proo,produit_casse,elevee
voiture achetée il y a un mois carhop attrapé paiement en temps opportun moteur remplacé mile se sentir plutôt bientôt pensant voiture bon remplacement allé voyage côte petite amie problème de chien coût u presque grand a pris voiture trouvé joint homocinétique dépouillé mécanicien précédent axel fissuré photo déclaration fixe cv axel dirigé maison désert du nevada puissance perdue a été remorqué ville poche coût appelé carhop mécanicien trouver dire alternateur donné voiture hop remplacé alternateur voiture tour gaz travail bloqué petite ville nevada jour coût financier courir u sec regardant dollar carte mère partie voiture incertain rentrer à la maison sentir carhop location mécanicien pas cher donner une voiture défectueuse les gens facturent beaucoup beaucoup de voiture trouvée vaut comme le mieux payé toujours aller vouloir une voiture veulent un remboursement mensuel payé en temps opportun veulent un mauvais crédit vu se produire beaucoup de gens croient que la voiture saute une entreprise scandaleuse,produit_casse,elevee
crédit reçu en raison du voyage annulé carte montrée carte de crédit allée banque retirer ledit montant le jour suivant carte montré montant des frais d'avance de fonds contacter capitole une carte bancaire a parlé du service client expliqué frais d'avance de crédit facturés dit mettrait en attente demander pourrait revenir lot verbiage déclaré pourrait renoncer à la raison logique donc contacter voir option frais payés vouloir crédit endommagé espérer résoudre le problème,produit_casse,elevee
voir la lettre de réclamation pour fraude ci-jointe date de réclamation les États-Unis ont pris l'année enquête complète lettre de crédit temporaire alléguée faite de manière permanente voir la déclaration confirmant le crédit du commerçant crédit des États-Unis voir la transaction ci-jointe transaction signalée fraude marchands crédit déduit solde titulaire de la carte tenu responsable voir la transaction ci-jointe transaction en double charge non autorisée total remettre une carte différente la deuxième fois voir le cas de vol d'identité ci-joint usaa notifié vol d'identité usa n'a jamais fourni fraude au crédit permanent usaa détruit collecte de crédit vol d'identité,produit_casse,elevee
"rapport de crédit personnel à comptes multiples non valide article jamais validé créancier différent aucun compte de relation jamais venu rapport d'appartenance année ive bureau de crédit supprimant le blocage du compte frauduleux conformément à la loi fcra b envoyé le document nécessaire nécessaire activer le compte de blocage mais l'agence de crédit n'a pas encore reçu de preuves concrètes validation article rapporté ni l'une ni l'autre agence de crédit créditeur blasphème bureau de crédit désobéissant volontairement à la loi sur le crédit dépenses de consommation en essayant de rétablir l'identité de l'agence de crédit peu d'aide besoin cfpb superviser s'assurer que l'agence de crédit a un travail en bonne et due forme fournissant une preuve complète de validation du compte de fraude considéré comme exact valide conformément à la loi fcra b jamais embauché une entreprise de crédit, aide au milieu d'un événement tragique, appels téléphoniques sincères, question posée par le bureau, réponse obtenue, étude en ligne, loi fcra, personne libre, crime, consommateur, bon gars, bureau à gauche, dernière réponse du cfpb, honorant la demande, dit que la société de crédit embauchée ne pensait pas à un litige autorisé, ya rocket science, tout ce qu'il fallait savoir en ligne, yall w",produit_casse,elevee
réclamation de protection d'assurance de téléphone portable déposée téléphone accidentellement endommagé au-delà de la réparation u banque signature bleue carte visa aka réclamation par banque fournie par l'administrateur copie valide facture de carte de crédit originale reçu d'achat original reçu de réparation informations de garantie bien captures d'écran réclamation de prix de téléphone de remplacement actuelle refusée refusée en appel raison donnée merci soumission complète de la demande de réclamation du programme de gestionnaire de garantie malheureusement incapable d'honorer la réclamation due date suivante perte garantie du fabricant toujours valide veuillez contacter le fabricant couverture des avantages de réparation miroir couverture du fabricant cause réclamée défaillance du produit couvert garantie du fabricant donc réclamation par u titulaire de la carte bancaire guide de protection du téléphone portable site Web http la carte fournit une couverture d'assurance pour téléphone portable fournissant une couverture contre les dommages accidentels la garantie d'assurance applicable existe couvrir l'article d'assurance contre la perte par le site Web du fabricant dommages physiques accidentels dispositif spécifiquement exclu couverture de garantie appels téléphoniques multiples u ba,produit_casse,elevee
voir ci-joint la lettre de réclamation pour fraude alléguant un crédit temporaire permanent voir le relevé ci-joint crédit marchand crédit temporaire faire voir le rapport de fraude ci-joint transaction signalée fraude mois besoin de rien usaa poursuivre la fraude obtenir lettre avis résultat enquête commencé enquête complète crédit temporaire fait permanent veuillez noter le crédit a pris l'année faire permanent veuillez noter le crédit permanent jamais fourni tenu responsable du vol d'identité voir le cas de vol d'identité ci-joint usaa crédit détruit sans fraude crédit fourni année membre consommateur responsable fraude usaa,produit_casse,elevee
capital un seul responsable dommage point de cote de crédit contacté bureau de crédit trouver chute survenue dit capital un point responsable chute appelé capital un dit trois occasions différentes un e-mail deux appels téléphoniques décidé diminuer l'année compte de carte de crédit excellente limite de crédit debout dit société restructuration limite de crédit pourrait inverser les dommages cote de crédit score contesté capital un nom capital un toujours refusé décision inverse réparation dommages faits pointage de crédit mettre répéter litige capital un jour rapport problème société bien procureur général de l'état caroline du sud également envoyé déclaration de mot agence d'évaluation du crédit communiquer enquête de crédit transpiré rapport de crédit tri chose besoin arrêté crédit monde important carte de crédit inutilement endommagée entreprise erronée rien créer des dommages tout ce qui est nécessaire voir les dommages réparés pièce justificative veuillez contacter des informations supplémentaires peut avoir besoin d'aide merci d'assistance,produit_casse,elevee
afficher le bouton d'info-bulle xxxxdispute sdispute sdispute sdispute xxxxdispute sdispute sdispute sdispute sdispute sdispute xxxxdispute xxxxdispute xxxxdispute xxxxdispute dept dept edxxxxdispute dept dept dept xxxxdispute xxxxdispute xxxxdispute xxxxdispute xxxxdispute xxxxdifférend violation cassé ftc reporting rapport de temps de dette pratique équitable en matière de dette,produit_casse,elevee
injustement placé transunion rapport de crédit collection acct licence d'entreprise exploiter géorgie acheté inexact non validé non vérifié collection frauduleuse acct une autre société également licence exploiter géorgie société entité exister jamais fait entreprise acct quelqu'un prendre minute recherche état entreprise recherche site Web page du site trouver ni l'une ni l'autre licence d'entreprise exploiter entreprise ga société appelée licence perdue exploiter fraude financière crime ironiquement payer la facture état toujours illégalement exploité sans licence mépris sans faille vendu inexact non vérifié collection frauduleuse acct également licence exploiter soit enquêter apparemment enfreint la loi il y a un an détruit la vie de crédit compte de collection frauduleux compte frauduleux toujours rapport de crédit transunion contesté inexact compte frauduleux transunion a montré une preuve écrite intentionnellement par malveillance refusé supprimer douloureux compte frauduleux inexact crédit transunion s'il vous plaît aider remercier d'avance réfléchi,produit_casse,elevee
déclaration réalisée citibank crédit réduit recevoir notification faire plainte appeler service client employé dire connaître raison lettre envoyée citibank entreprise crédit affecté manière inhabituelle payé minimum requis jamais arriéré de paiement affecté score donc crédit affecté endommagé dommage acheter décision également faite carte de crédit citibank jamais carte de crédit banque de crédit dépasser la limite ouvrir un autre cas un autre compte la banque considère déjà comme discriminatoire,produit_casse,elevee
tentative de fermeture du compte paypal plusieurs mois système cassé fonctionnement utilisé système automatisé permettre l'accès transfert d'argent automatisé suivi invite mnno avil temps incalculable de réponse cours automatisé revenir en arrière système inutile ad nauseam appelé numéro joué jeu possibilité de parler n'importe qui aide causé beaucoup de frustration stress pour les cinq derniers mois espoir aide merci,produit_casse,elevee
quelqu'un a volé l'identité a ouvert deux comptes chèques autour de la banque Chase a compris que Chase a envoyé un courrier de carte de débit appelé Chase service client première fois bientôt recevoir une carte de débit faire savoir compte ouvert fermer dit fermerait la carte de débit détruite pensée prise en charge depuis reçu trois mailing Chase a d'abord reçu un chèque récapitulatif compte courant dit solde de début compte respectivement facturé deviner moyenne annulé solde final concerné semblait toujours ouvert bien que appelé Chase téléphone de longue durée transféré plusieurs fois assuré compte fermé dit rapport identité volée bureau de crédit depuis obtenu lettre de recouvrement compte de chasse deux fois lettre de recouvrement total un ensemble daté ensemble daté demander lettre précédente dit facturé appelé la poursuite a été maintenue pendant longtemps et le département a rebondi le département a dit d'enregistrer le vol d'identité même si déjà appelé deux fois l'appel récent a finalement été envoyé femme nommée pense que le département de la fraude parle l'envoi d'un paquet de correspondance permettrait de signaler officiellement l'identité,produit_casse,elevee
"il y a un an acheté un lit superposé troisième lit coulissant magasin de meubles en bas ville a donné deux lignes de crédit banque de synchronisation un une livraison lit coulissant ajustement lit superposé appelé magasin de détail a repris dit qu'ils rendraient un autre conviendrait un an donner plusieurs appels visite au magasin appel se plaint livraison de la banque de synchronisation lit coulissant étant donné la pire partie encore la dette banque de synchronisation marchandise jamais recevoir informé banque de synchronisation depuis le début il y a deux mois a parlé a dit au magasin une dernière fois au nom de la banque de synchronisation demande du propriétaire de lit coulissant a dit qu'il ne serait certainement jamais livré frustration informé banque de synchronisation puisque le lit coulissant ne rentre pas a dit d'attendre la livraison non obtenir une refacturation demandée à plusieurs reprises par an, solde de refacturation, temps du représentant, dire qu'il faut demander une marchandise, un magasin de meubles, un crédit détruit",produit_casse,elevee
banque dovenmuhle retenue du montant du séquestre le mois dernier difficile temps sans précédent banque réactive retour d'argent refinancement hypothécaire banque donc loi droit montant du séquestre temps contacté la banque première enquête faite demande de contrôle de statut dit chèque à venir deuxième enquête faite demande chèque dit besoin d'aller système obtenir jour troisième enquête faite demande chèque dit courrier quatrième enquête faite demande chèque de séquestre dit chèque du superviseur à venir aujourd'hui mois d'attente coronavirus période difficile temps la banque retenir de l'argent les gens ordinaires immoral contraire à l'éthique,produit_casse,elevee
deux charges dépôt solde placé chasse visa compte de carte de crédit location de vacances période de location propriété de vacances annoncée propre coffre-fort étant donné des circonstances sans précédent concernant la pandémie u cdc a émis une recommandation de nettoyage assainissement norme de location jugée minimale nécessaire sécurité publique échec suivre la norme considérée comme dangereuse raisonnable s'attendre à ce que la norme soit respectée propriété de vacances propre coffre-fort annoncé marchand contacté obtenir confirmation norme de nettoyage utilisée confirmer la propriété y compris l'espace commun inclus service payant propre coffre-fort plusieurs tentatives de réception de documentation ignoré service marchand raisonnablement considéré défectueux plusieurs tentatives de résolution du problème commerçant infructueux litige ouvert émetteur de carte de crédit poursuite litige refusé lettre reçu période de location expirée service rendu en plus rétrofacturation résolution des litiges lettre chasse raison ignorée litige revendiqué politique d'annulation ne jamais remettre en question la réclamation au sol service rendu catégorie d'automne erreur de facturation en plus le marchand continue,produit_casse,elevee
entreprise impliquée ct sous pression achat kilomètre d'occasion expliqué voiture comme tout neuf problème malheureusement voiture même le mois dernier toujours pris bien soin cas de voiture d'occasion différent a pris la responsabilité grossier à chaque fois essayé d'apporter le contrôle de la voiture même essayé de dire être gentil le temps de la voiture n'a jamais aidé même si offert payer le dernier temps apporté a réparé la fuite cassée le jour a été réparé complètement a échoué a arrêté de fonctionner grossier a dit la faute donné un coup de pied à gauche avec la voiture cassée toujours due la banque a refusé aider a parlé un autre client a raconté une histoire similaire bientôt acheter une enquête de force de voiture changement d'huile gratuit faire un signe étoile avis avis comme mauvais service client mauvais,produit_casse,elevee
"envoyé facture même affiché compte immédiatement contacté faire savoir divergence a insisté d'une manière ou d'une autre dette malgré le numéro de compte appartenant à la dette nom affiché adresse numéro de compte différent continu recevoir relevé numéro de compte appel continu essayer d'obtenir le fond reçu une autre lettre indiquant quel que soit le solde mystère compte transféré père belle-mère retour titre dette réalisée éventuellement père premier nom de famille en quelque sorte manqué petite différence nom deuxième prénom titre mélangeant ainsi compte adresse de facturation attribution dette suivre lettre membre exécutif relation équipe numéro de contact erreur reconnue émis excuses inconvénient fourni nom numéro contact suivre adresse question x continu reçu appel facture numéro de compte identifié père réclamant dette mine charge continue problème de dette pensé résolu procédé numéro de contact fourni disponible jamais entendu représentant malgré de nombreuses tentatives de nombreux messages vocaux présents aujourd'hui chaque mois, je reçois toujours le relevé d'appel de l'agence de recouvrement concernant",produit_casse,critique
compte bancaire ouvert ny astoria bank destiné à revenir en arrière ny a donné l'autorisation du compte de courtage transfert de fonds liquidé transfert de fonds astoria bank voir le relevé d'informations volé par courrier vol banque informé problème de consommateur jamais protégé au courant victime fraude compte prendre malheureusement identifiant contacter la succursale a dit au contact de l'entreprise dire à la succursale de contact pourrait produire fournir l'accord original en effet changé le numéro de routage dit à la banque plus transférer quelqu'un qui utilise encore l'identifiant vraiment important crier fort un soin entendre l'argent illégalement retiré déposé a résidé lieu année rien n'a changé suivi la loi adresse mise à jour licence contactée directement la personne appelée n'a jamais reçu de courrier à une certaine date voir l'adresse mystérieusement changée arrêté d'envoyer la protection de la déclaration quelqu'un a reçu un courrier numéro de compte ouvert voir souhaité appelé plusieurs fois obtenir la déclaration a volé en arrière ny a pu trouver le premier contrat bancaire réel avis envoyé un collecteur de dettes poursuivi en justice ny a changé de dba quelque chose d'autre de harcèlement horrible année d'émission d'informations,produit_casse,elevee
"ive temps faible voisin environnant ciblant les informations d'identification utilisant les informations d'identification remarquant tout le monde autour d'entrer dans un certain périmètre capable d'utiliser une activité Web acheter une technologie matérialiste coûteuse essentiellement capable de s'enfuir presque peu d'année, je suis certain qu'ils ont obtenu un dispositif de prêt cloué tracé j'espère comprendre que les poursuites complètes sont détruites toute l'année s'il vous plaît possible je suis disponible les informations stockées sur la carte SIM obtenir personnellement",produit_casse,elevee
ligne de crédit banque depuis la pandémie de covid essayant vraiment de rester au top paiement améliorer la limite de crédit montant de la banque en ligne a montré le montant dû toujours respecté la date d'échéance mais apparemment le montant a montré le montant dû avis de temps appel téléphonique gestionnaire de courrier électronique a déclaré couru historique de crédit rapport dû diminution de la limite de crédit notification de swoop avant la lettre de changement apparemment envoyé le jour d'attente mais diminuer automatiquement la date inférieure le solde plaçant automatiquement la limite de crédit allouée donc solde négatif déjà pris effet pointage de crédit achat effectué carte sauf un abonnement annuel dû essayer de payer le crédit obtenir le débit déterminé se concentrer essayer d'améliorer le pointage de crédit écrasé un point de chute avis d'avertissement coupé sans raison pandémie mondiale bon historique de paie entreprise presque récompensé frustré arriver soutenir le consommateur comprendre n'a pas effectué de paiement raison justifiée pointage de crédit vraiment décourageant vitalité aller de l'avant enfant a quitté l'accord,produit_casse,elevee
rapport de crédit examiné trouvé entrée de compte négative enquête identifiée placé dossier de crédit sans connaissance enquête de compte négative causé grand acte difficultés crédit injuste sentir comme une situation quelqu'un d'autre actes répréhensibles dossier de crédit laissé souffrir conséquence devenir difficile acquérir un nouveau crédit crédit endommagé manière demander s'il vous plaît enquête de compte frauduleuse crédit supprimé bientôt possible aussi garder à l'esprit l'enquête de compte appartenir,produit_casse,elevee
taux d'intérêt de la carte de crédit Sears v taux d'intérêt de la carte bancaire Citi soutenu par une carte extrêmement élevé profiter d'une minorité crédit pauvre appelé voir pourrait taux d'intérêt réduit dit n'importe quoi pourrait aider à fermer le gouvernement voir effet de fermeture revenu au moins une autre année croire que Citi Sears profite des gens à faible revenu écrasés perte d'emploi croire que les intérêts ont été réduits Sears obtenir de l'argent moins cher nourri en prenant un avantage injuste client,produit_casse,elevee
soc sec dob adresse fl attention litige département aujourd'hui date serf notifier informations inexactes rapport de crédit par fichier lettre envoyée par courrier recommandé objectif escalade formelle tribunal approprié droit besoin surgir récemment refusé demande prêt hypothécaire voiture carte de crédit assurance maladie emploi floride ddupon regarder de plus près en raison d'informations inexactes rapport de crédit le mien carte de sécurité sociale d'identité de floride volé contester l'accusation prouvé compte frauduleux également inclus copie rapport de police inutilement embarrassé partie de surveillance peut-être partie journaliste de crédit informations erronées dégradantes diffamatoires également endommagé bon crédit debout empêché quelque chose de absolument nécessaire causé beaucoup affecté santé courte qualité de vie affecté négativement informations inexactes rapport de crédit détaillé suit soc sec dob adresse fl,produit_casse,elevee
a fait plusieurs tentatives de résolution du problème l'entreprise a refusé plusieurs occasions demande de validation de la dette preuve de réclamation dette dire devoir à une autre entreprise envoyé plusieurs envois certifiés demandant une validation de la dette preuve réclamation reçue dernière demande faite téléphone nom du représentant transféré superviseur processus demande suspendue intentionnellement évitée communication refusée supprimer la dette rapport de crédit processus de litige suivre la loi recouvrement de créances un compte sérieusement endommagé rapport de crédit illégal pratique commerciale contraire à l'éthique,produit_casse,elevee
appelé Equifax obtenir un gel de sécurité placé un dossier de crédit robot automatisé permettre de poser une question essayé une option en ligne traiterait le gel du crédit a donné un autre numéro de téléphone appeler le système de réussite du robot problème cassé bureau savoir que le crédit a été violé plus tôt obtenir un meilleur gel merci,produit_casse,elevee
demande soumise banque préapprobation hypothécaire soumis dur crédit pull société appelée notification ultérieure reçue tiers transunion pointage de crédit point tombé du jour au lendemain crédit dur tirer point de crédit excessif en particulier gamme transaction vérifiée pourrait traiter la demande de rapport en ligne score baisse peu encore relativement peu affecté comportement de gamme on pourrait s'attendre à un changement de rapport de transunion tiré dur crédit pull contacté transunion divulguer s'est produit comprendre le pointage de crédit algorithmique gardé se référer capable rapport de regard comprendre le facteur comprendre le facteur comprendre la bonne réputation de la personne considérablement endommagée demander la ligne de crédit hypothécaire répondrait à la question même confirmer le score frappé garder le service de routage ordre de surveillance du crédit voir score,produit_casse,elevee
lettre envoyée pointant du doigt un faux compte inexact rapport de crédit presque jour personne n'a encore répondu au litige selon l'échec de la fcra enquêter sur le litige avis du jour de l'article date du consommateur l'agence reçoit un avis litige article litigieux doit être conforme au paragraphe pleinement conscient violation directe selon la fcra b réputation endommagée selon la fcra causant du stress demande compte supprimé rapport de crédit immédiatement également causé des informations impactées violation de données litige dans les fichiers,produit_casse,critique
"hypothèque vendue service de gestion de prêt Rushmore il y a deux mois capable de créer un compte signer effectuer un paiement, etc. depuis chaque fois que le système de journalisation échoue reconnaître correctement entré le mot de passe du journal a disparu le temps de processus de réinitialisation du mot de passe la semaine dernière le système de temps ne peut pas laisser le problème de compte poubelle du site Web ne permet pas à l'utilisateur de se connecter au compte depuis l'hypothèque achetée Rushmore service de gestion de prêt rapport du bureau de crédit le paiement de l'hypothèque a appelé ledit prendre le jour de la période de prêt rapport du jour demandé du bureau de crédit la période du jour se terminerait la journée demandée, donc le bureau de reporting a commencé à poser des questions sur le prêt Rushmore au lieu de dire à Rushmore rapporter l'historique des paiements du bureau de crédit Rushmore service de gestion des prêts adresse e-mail du consommateur poser des questions au travail pour résoudre le problème de téléphone numéro message initial expliquant le volume d'appels élevé assez verbalement instruit capacité de lecteur de script répondre à la question également portail de journal en ligne au-delà de cassé autoriser le journal du consommateur",produit_casse,elevee
illégal prendre un règlement en dollars récupérer les dommages autoriser légalement les dommages de la plus haute autorité s'attendre à ce qu'une attaque criminelle illégale ait été tenue pour responsable contacter le FBI différend s'attendre à des dommages totalement non associés année s'attendre à un score de crédit autour de parfait payeur de factures histoire sans dette également s'attendre à un crime non associé criminel fraîchement continuer la vie sans fardeau illégal non autorisé hypothèque détruite par la présente s'attendre à être réparé éventuellement nouveau dl nouveau nom de famille double dieu bénisse l'amérique merci service continu heureux jour du souvenir meilleur respect,produit_casse,elevee
aujourd'hui date soc sec dob adresse fl réponse cfpb plainte ex serf notifier des informations inexactes rapport de crédit par fichier envoyé lettre par courrier recommandé objectif escalade formelle tribunal approprié droit besoin surgir récemment refusé demande hypothèque prêt voiture carte de crédit assurance maladie emploi floride xxxx après avoir regardé de plus près en raison d'informations inexactes rapport de crédit le mien carte de sécurité sociale volée contester la charge prouvée compte frauduleux également inclus copie rapport de police inutilement embarrassé partie de surveillance peut-être partie journaliste de crédit informations erronées dégradantes diffamatoire également endommagé une bonne solvabilité empêché quelque chose de vraiment nécessaire causé beaucoup de stress affecté la santé courte qualité de vie affecté négativement informations inexactes rapport de crédit détaillé suit dp educ dpedxxxx soc sec dob adresse fl dire fondamentalement stupide venez lettre à la place enquête appropriée réclamation j'utilise une société de réparation de crédit s'il vous plaît conscient prochaine option courrier certifié horodatage procès s'il vous plaît pr,produit_casse,elevee
essayé de payer le capital un montant de compte de carte de crédit essayé de payer le capital un processus de compte de carte de crédit essayer de payer un compte d'épargne dit de commettre une fraude compte d'épargne coopérative de crédit temps essayé de payer discuter de la question le directeur principal a dit fait un grand système de paiement reconnaître le paiement supposé frauduleux décidé de faire un montant inférieur paiement payé complet continuer à faire le paiement compte d'épargne en continu paiement final appelé avec succès soumis représentant du téléphone le lundi suivant appelé s'assurer que le paiement final publié choc entendre le paiement renvoyé compte compte frauduleux pourrait accepter continuer prendre le paiement paiement final également payé mari capital un compte de carte de crédit paiement accepté dit retourné le mien demandé pourrait aller en succursale effectuer le paiement en dernier le directeur principal a dit oui le lendemain est allé dans une succursale RH parlant caissier capital une banque téléphone portable permettrait au caissier de prendre le paiement en espèces argent fenêtre de caissier conversation ouverte affaires situation publique monde heure actuelle virus corona informations personnelles parmi les pubs,produit_casse,elevee
processus de demande cassé mal peut-être mal divulgué la question initiale conjoint gel du crédit lieu après la violation accentuation de l'application dite demande rejetée besoin ascenseur gel ordre appliquer hsbc en utilisant le rapport cra première instance produit prolongeant l'évaluation du crédit par défaut semble problématique rapport arrivé vérification du compte bancaire en outre rappelez-vous avoir vu la divulgation concernant le rapport cra double vérification mentionner l'état de la page de destination du produit tirerait le rapport cra hsbc va tirer le rapport dire sans équivoque d'avance dire aux gens lever gel lever gel appliquer aller tout le rigmarole y compris télécharger la preuve adresse Internet facture de service public temps l'application accepte en attente d'initier le dépôt d'essai vérifier les informations du compte bancaire existant vérifier hsbc refuser la demande incapable de vérifier l'adresse du demandeur impair soumis justification adresse appeler les gens qui parlent obtenir l'équipe appropriée poser le problème télécharger vouloir le relevé bancaire bulletin de paie à la place émettre le rapport de l'arc quelque chose ca dire correspondre s'il vous plaît appeler réparer le rapport de l'arc essayer utile,produit_casse,elevee
synovus bank ga chaque fois que demandé au caissier donner une impression compte courant drive thru one jamais donné tirerait obtenir une copie également limite quotidienne supposée jour banque autorisée retrait atm géorgie soit dysfonctionnement fonds pris quelqu'un carte d'information coincée machine réalisé est allé en arrière magasin un client a donné la carte plus pris en compte réalisé aller travail quart de travail signalé banque la banque a dit qu'elle reviendrait l'appel a pris une semaine a donné l'information le mieux pouvait aller affaires également demandé frais de facturation la banque a été remboursée frais de maintenance argent beaucoup représentant des litiges appelé dit dossier rapport de police demandé payer a également dit au représentant a pris déclaration dit aller mettre frauduleux disant ATM machine dysfonctionnement le problème semblait suspect a dit quel que soit l'ami dire à l'une ou l'autre machine distributeur défectueux lecteur de carte usé endommagé clavier cassé logiciel dysfonctionnement du reçu distributeur automatique d'adresse utilisée distribuer le reçu papier alors que la preuve soumettre le représentant de la banque synovus a dit qu'il rappellerait le fichier nécessaire rapport de police appel effectué mais reçu,produit_casse,elevee
essayé à deux occasions différentes essayer de signaler un compte de fraude continuer à dire une faute mettre de l'argent carte payer score fico détruit victime fraude crédit détruit faute rendre mille dollars,produit_casse,elevee
compte chèque banque ouest protection contre les découverts numéro effectué achat en ligne transaction précédente le compte chèque a montré un solde positif en utilisant l'application de téléphone de la banque ouest transaction inférieure fonds disponible immédiatement connu solde positif initié transfert de solde un autre compte compte courant fait une transaction en ligne apparemment cassé deux transactions distinctes produit marchand frais d'expédition sûr autorisé une charge achat jour de la transaction autres publiés selon le solde disponible malheureusement le transfert de solde post a abouti compte à découvert le lendemain reçu cinq frais de découvert vu charge appelé banque ouest demander une charge pourrait résulter cinq frais de découvert dit charge postée le compte est devenu une charge négative générée frais une charge le jour suivant les frais de découvert ont montré le compte appelé demander va dit frais supplémentaires affichés compte négatif nouveaux frais attribués frais également effectués frais de découvert dus un achat en ligne effectué le jour suivant cinq frais montrés frais de découvert du compte un en ligne,produit_casse,critique
reçu prêt automobile nissan motor acceptation véhicule repris de possession paiement soumis montant total en souffrance incident du jour en utilisant le service de paiement nommé état du texas ne sont pas des frais supposés faire le paiement automatique cependant facturé presque paiement par téléphone paiement nmac le moyen le moins cher le plus simple payer cependant le décalage du jour nissan a reçu le paiement posté le jour suivant véhicule repris de possession pensé volé depuis payé via obtenir quelqu'un nissan enquêter comme arracher les dents enfin le gestionnaire dit littéralement travail regarder compte travail entretien automobile arène savoir date actuelle reprise de possession effectuée unité de retour demandé copie transaction par e-mail déclaré prendrait le moins obtenir la voiture serait vendu aux enchères lettre appelée lettre serait probablement générée automatiquement essayé obtenir des trucs voiture déclaré paierait des frais boucle d'oreille en perles collier de perles passeport propriété fédérale botte en cuir endroit précieux essayé horaire rendez-vous paierait les frais de stockage choisir les frais d'article commander obtenir des trucs papa a finalement décidé de déplacer le temps de la voiture aux enchères sans savoir déplacé les trucs pris f,produit_casse,elevee
se battre à droite bien fargo près d'un an carte de crédit ouverte frauduleusement nom reçu déclaration courrier immédiatement appelé signalé carte de crédit ouverte utilisé loi dire rapport de personne vol d'identité déclaré première conversation charge responsable visa également dire compte en règle déclaré fraude zéro responsabilité société enfreint la loi signalé bureau de crédit fausse déclaration disant résolu chèque compte d'épargne choisi fermer vol d'identité déclaré risque de sécurité garder ouvert refuser fournir une preuve définitive claire charge appartenue preuve de fardeau bien fargo a fourni les informations veulent être résolues immédiatement,produit_casse,critique
soumission de plusieurs demandes d'associé de recouvrement de portefeuille écrivant complètement la validation du compte suivant demandant le bureau de crédit supprimer le compte suivant réinséré dans le rapport de crédit trois violations majeures des rapports de crédit section fcra pièce jointe à l'avis de solde du compte nom du créancier d'origine modifié associé cohérent de recouvrement de portefeuille intentionnellement déformé résultat du compte fabriqué action de l'entreprise rapport de crédit gravement endommagé violation de l'avis fdcpa rapport inexact compte invérifiable xxxxxxxx conformité du solde loi sur les pratiques équitables de recouvrement des dettes violation de l'associé de recouvrement de portefeuille section b,produit_casse,elevee
rapport de crédit examiné trouvé compte inexact connaissance du crédit compte négatif causé une grande action difficultés crédit situation injuste quelqu'un d'autre manière égoïste choix souffrir conséquence est devenu difficile acquérir un nouveau crédit crédit manière endommagée victime innocente vol d'identité demander s'il vous plaît compte supprimé crédit bientôt possible s'il vous plaît garder à l'esprit le compte appartient,produit_casse,elevee
Equifax a signalé des informations incorrectes dossier de crédit essayer de collecter le compte doit l'entreprise n'a jamais envoyé d'informations veut que le compte supprime immédiatement la propriété d'équifax code de loi enfreint la société de dette envoyer quoi que ce soit vérifier quoi que ce soit la société a acheté la dette doit vouloir supprimer le rapport de crédit immédiatement,produit_casse,critique
hypothèque appliquée amerisave hypothécaire société épouse signé divulgation du prêt année spécifiée taux d'intérêt zéro point dépôt payé douzaine de documents envoyés société y compris les états financiers rapport de crédit élément jugé acceptable prêteur cependant accord de prêt verrouillé amerisave réclamation prêt entièrement approuvé condition remplie prêt fermeture modification divulgation du prêt arrivé voir pièce jointe e-mail l'initiateur du prêt hypothécaire offert raison nouveau document mention dépense supplémentaire frais de réduction figuré pourrait capable snooker ans personne âgée interrogé nouveau nombre répondu prêt remise taux requis allé voir pièce jointe évidente mensonge note rapport taux hypothécaire atteint une autre hypothèque basse atteint le niveau le plus bas enquête presque histoire battant le record troisième fois le mois dernier sans précédent le taux a certainement eu un impact la demande d'achat a rebondi baisse en pourcentage augmentation en pourcentage la semaine dernière un revirement remarquable compte tenu de la forte contraction de l'activité économique en outre l'activité de refinancement reste élevée le faible taux hypothécaire s'accompagne d'une baisse,produit_casse,elevee
soc sec dob adresse fl attention litige département aujourd'hui date serf notifier informations inexactes rapport de crédit par fichier lettre envoyée par courrier recommandé objectif escalade formelle tribunal approprié droit besoin surgir récemment refusé demande prêt hypothécaire voiture carte de crédit assurance maladie emploi floride ddupon regarder de plus près en raison d'informations inexactes rapport de crédit le mien carte de sécurité sociale d'identité de floride volé contester l'accusation prouvé compte frauduleux également inclus copie rapport de police inutilement embarrassé partie de surveillance peut-être partie journaliste de crédit informations erronées dégradantes diffamatoires également endommagé bon crédit debout empêché quelque chose de absolument nécessaire causé beaucoup de stress affecté la santé courte qualité de vie affecté négativement informations inexactes rapport de crédit détaillé suit soc sec dob adresse fl,produit_casse,elevee
voiture volée endommagée réputée perte totale assurancexxxx payé société de financement bridgecrest laissant solde encore effectué écart de paiement assurance payé solde restant montant basé sur la date de perte cependant paiement reçu société de financement bridgecrest n'a pas appliqué le paiement autorisé intérêts courus compte paiement reçu posté refusé service prêt temps appelé période allonger le chèque du jour commencé reçu le jour disant la date demandée chèque reçu ledit chèque du jour en cours reçu affiché solde clair permettant l'accumulation des intérêts effectivement dus remboursement,produit_casse,elevee
crédit endommagé système de crédit national ga jamais loué appartement appliqué facturé connaissance grossier menacé crédit année un agent se sentir correct écrit crédit clair vouloir charge correcte aimerait voir la réclamation de l'appartement vécu veut aussi voir le paiement mensuel utilitaire adresse postale nom emplacement passé passé problème appartement nommé finalement résolu problème raconté en direct complexe d'appartements veut que les frais soient effacés,produit_casse,elevee
essayé à plusieurs reprises de prendre une facture médicale service ambulatoire pris rapport de crédit facturé par toujours refuser de supprimer la dette rapport de crédit score de crédit endommagé causé crédit refusé information reçue toujours refuser de supprimer à chaque fois appel grossier même essayer d'écouter en disant informations d'assurance données à plusieurs reprises même rapport de crédit réclamation toujours déposée correctement notifiée concernant l'affaire,produit_casse,critique
soc sec dob adresse fl attention litige département aujourd'hui date serf notifier informations inexactes rapport de crédit par fichier lettre envoyée par courrier recommandé objectif escalade formelle tribunal approprié droit besoin surgir récemment refusé demande hypothèque prêt voiture carte de crédit assurance maladie emploi floride regarder de plus près en raison d'informations inexactes rapport de crédit le mien carte d'identité de floride carte de sécurité sociale volée contestation charge avérée compte frauduleux également inclus copie rapport de police inutilement embarrassé partie de surveillance peut-être partie journaliste de crédit partie de journaliste informations erronées dégradantes diffamatoires également endommagé bonne solvabilité empêché quelque chose de absolument nécessaire a causé beaucoup de stress affecté la santé courte qualité de vie affecté négativement informations inexactes rapport de crédit détaillé suit xxxxxxxx soc sec dob adresse fl,produit_casse,elevee
rapport échoué compte excellent statut provoquant une baisse du score fico envoyé une notification fcra erreur assurée serait une erreur corrigée jamais corrigée date hier vérifié rapport de crédit experian chose arrivée échec montrer un excellent historique de crédit score endommagé envoyé lettre fcra exigeant une erreur correcte dans la journée intenter une action en justice,produit_casse,elevee
rapport de crédit examiné trouvé compte inexact connaissance du crédit compte négatif causé une grande action difficultés crédit situation injuste quelqu'un d'autre manière égoïste choix souffrir conséquence est devenu difficile acquérir un nouveau crédit crédit manière endommagée victime innocente vol d'identité demander s'il vous plaît compte supprimé crédit bientôt possible s'il vous plaît garder à l'esprit le compte appartient,produit_casse,elevee
attention litige département aujourd'hui date serf notifier des informations inexactes rapport de crédit par fichier lettre envoyée par courrier recommandé objectif escalade formelle tribunal approprié droit besoin surgir récemment refusé demande hypothèque prêt voiture carte de crédit assurance maladie emploi floride ddupon regarder de plus près en raison d'informations inexactes rapport de crédit le mien carte d'identité de floride carte de sécurité sociale volée contester l'accusation avérée compte frauduleux également inclus copie rapport de police inutilement embarrassé partie de surveillance peut-être partie journaliste de crédit partie de journaliste de crédit informations erronées dégradant diffamatoire également endommagé bonne solvabilité empêché quelque chose de absolument nécessaire causé beaucoup de stress affecté la santé courte qualité de vie affecté négativement informations inexactes rapport de crédit détaillé suit rapporté fermé signalé fermé adresse ddn fl,produit_casse,elevee
bracelet acheté via utilisé quelque chose appelé étoile basé sur l'argent achat précédent malheureusement le bracelet est arrivé endommagé macy remboursé l'argent facturé star money total plus taxe de charge facture envoyée carte cadeau macy réclamation légale loi gouvernementale par représentant a parlé il y a un jour en ligne déchirant cent taxe carte cadeau non désiré espérant rembourser la carte de crédit perdrait l'argent star refusé résoudre l'enquête baisse charge carte cadeau également être facturé mois rien déclaration sentir simplement baisser charge magasin carte de crédit confisqué star argent essayé fermer la date de sortie de la carte solde doit payer minimum d'intérêt même si retourné ajustement correctement passé envoyé défectueux pli lit bébé dit que le remboursement pourrait garder le prix réduire brutalement la limite de pouvoir d'achat des cartes de crédit beaucoup le carte vraiment aggravant certain jeu en jouant assez contrarié fondamentalement carte de paiement article inexistant retourné à moins que vous ne vouliez payer des intérêts tout le désordre attendre un mois chèque de courrier remboursement facture excédentaire service client super inutile,produit_casse,elevee
rapport de crédit examiné trouvé entrée de compte négative enquête identifiée placé dossier de crédit sans connaissance enquête de compte négative causé grande action difficultés crédit absolument idée informations personnelles obtenues quel que soit l'individu fait dommage crédit devenir difficile acquérir un nouveau crédit crédit manière endommagée situation hors de contrôle essayer la meilleure façon d'être résolu demander s'il vous plaît enquête de compte négative supprimé dossier de crédit bientôt possible aussi garder à l'esprit l'enquête de compte appartenir,produit_casse,elevee
soc sec dob adresse xxxxxxxx ny attention litige département aujourd'hui date serf notifier informations inexactes rapport de crédit par fichier envoyé lettre par courrier recommandé objectif escalade formelle tribunal approprié loi besoin surgir récemment refusé demande prêt hypothécaire voiture carte de crédit assurance maladie emploi floride ddupon regarder de plus près en raison d'informations inexactes rapport de crédit le mien carte de sécurité sociale volée contestation charge avérée compte frauduleux également inclus copie rapport de police inutilement embarrassé partie de surveillance peut-être partie journaliste de crédit informations erronées dégradantes diffamatoires également endommagé une bonne solvabilité empêché quelque chose de absolument nécessaire causé beaucoup de stress affecté la santé courte qualité de vie affecté négativement informations inexactes rapport de crédit détaillé suit b u dept edxxxx u dept u dept edxxxx soc sec dob adresse xxxxxxxx ny,produit_casse,elevee
ouragan michael tempête pièce détruite église donné aide demandé informations bancaires bien fargo a donné compte connecté désolé téléchargé compte chèque compte gens dit compte argent chèque argent changement de compte histoire dit chèque faux fait fraude fermer compte fermé banque ive ouvert xxxxand déplacer fils ami de la famille transaction non autorisée télécharger chèque,produit_casse,elevee
temps trouver vivant entreprise floride milieu coronavirus zone chaude pandémie état floride temps par la présente informer l'émetteur de la carte de crédit pandémie de coronavirus effectuer le paiement pandémie de coronavirus également s'il vous plaît savoir appliquer les secours du gouvernement fédéral en cas de catastrophe se référer au numéro de cas joindre le solde de la carte de crédit mis en évidence la dette qualifie les secours en cas de catastrophe dans les trois mois l'émetteur de crédit recevoir l'intégralité de la notification du solde de paiement l'action devient effective immédiatement horodatage date message de mise à jour du statut de la demande sba vendredi cher demandeur veuillez consulter la lettre ci-jointe informations concernant la demande de statut blessure économique prêt en cas de catastrophe sba comprend les temps difficiles entreprise nation apprécie la patience compréhension agence travail surtension volume de demande de prêt question de temps sans précédent aide à t'appeler,produit_casse,critique
"S'il vous plaît, aidez-moi à essayer d'atteindre la banque américaine Escrow Department semaine de départ suspendre également le représentant de la banque retenir l'heure Escrow Department Pick Hang également signaler de fausses informations bureau de crédit dernier paiement des quatre mois soumis temps bon montant essayer de qualifier un nouveau prêt crédit détruit pourrait coûter des intérêts plus élevés paiement d'intérêts année de vie hypothèque montant substantiel documentation retour heure de réclamation essayer d'être résolu représentant boa dire bon système problème majeur nouveau système fonctionne correctement système foiré tout le monde attendre moyenne heure d'attente une réponse transfert attendre encore une heure deux un représentant a dit aux gens département viennent les gens tiennent parfois les gens ont travaillé service à la clientèle dire vont rappeler jamais désordre gouvernement étape forcer embaucher assez de gens gérer appel réellement requis banque ouverte fermée en direct ca même aller résoudre la banque",produit_casse,elevee
processus essayer d'acheter une maison sans le savoir quatre compte de dette frauduleux refusé banque prêt immobilier jamais reçu notification notification de dette droit litige dans la journée vérification dette présumée violation du contrôle du crédit corp fdcpa crédit détruit corp sans notifier le compte devoir devoir crédit contrôle corp partie groupe de contrôle du crédit réclamation représenter la dernière chose consommateur confronté à un temps particulièrement sans précédent demande groupe de contrôle du crédit supprimer quatre dettes frauduleuses rapport de crédit poursuivre demander une compensation maximale disponible violation de la loi,produit_casse,elevee
appartement ga action prise il y a un an entrée par effraction appelée département de maintenance département du shérif appelé équipe toujours en charge du loyer bail expiré bureau de jour situé en floride géorgie envoyé agence de recouvrement gestion mutuelle sans demander des informations sur les litiges contacter l'agence de recouvrement autorisation de temps appartement ga chargé agence de recouvrement floride unité de location jamais loué dépôt de gauche rempli demande déménagement fraude année géorgie facturé chambre nettoyage de la moquette réparation jamais moquette de la chambre endommagée envoyé une autre agence de recouvrement historique de location prouver que la chambre a besoin de nettoyage temps de réparation de la moquette,produit_casse,elevee
s'excuser dont la date exacte du mois dernier ive problème essayer d'obtenir un prêt véhicule bien embaucher partie réparation crédit quelle que soit la raison Equifax enregistrer l'historique de crédit mais problème w rapport loin fournir concessionnaire automobile tiers réparation de crédit informé nécessaire comtact Equifax trouver rapport fourni j'ai appelé temps tenir au moins min chaque fois essayer de trouver le rapport soit mettre en attente dit problème mais toujours signer myequifax venir montrer des informations je suis fatigué menti étant donné courir partout je suis capable quoi que ce soit en raison de résoudre le problème en disant n'est pas le moment du problème je suis allé assez loin parler représentant poser une mauvaise question vérifier l'identité curieux mériter savoir exactement ce qui se passe j'ai contesté plusieurs problèmes recevoir un e-mail disant signe résolu voir le résultat bien c'est une blague montrer l'article contesté dont le résultat tente de télécharger le résultat montrer aucun je pense peut-être que le système a été piraté les informations prises ont supprimé quelque chose ive rapport de crédit année rien rapport je ne rapporte rien encore bien que le rapport d'informations soit faux rapport encore au moins la date rapport physiquement voir le rapport là problème appliquer le crédit jusqu'au prêteur capable pu,produit_casse,elevee
temps apt cassé volé sac à main portefeuille carte téléphone portable parmi de nombreux objets volés endroit immédiatement appelé signalé volé informé activité allé déposé rapport de police répertorié carte volée informé nécessaire appel carte bancaire appartenait direct express envoyé paperasse classé faxé retour renvoyé réponse retour refusant la réclamation,produit_casse,critique
"mettre le jour préavis honoré bail devoir à l'entreprise n'importe quoi l'audace de l'entreprise dire devoir rien fait absolument rien volé fait fils malade résidait fils appris pédiatre niveau de plomb point loin hospitalisation écume complexe d'appartements pourrait tuer le fils a vécu un mois bien que le niveau soit peu encore élevé fils surveillance pédiatrique stricte droit prier fermer endroit tuer l'enfant également le personnel a volé iphone ipad lv chaussure également cloué charge ne devait pas compte temps tout casser appartement inondé tuyau mauvais temps article de vie a été endommagé conditions de vie insalubres gauche eau courante toilette lumière plusieurs fois ans fils a vécu ne peux pas croire je suis nerveux, je dois quelque chose, j'ai appelé le mois dernier, j'ai parlé à la réception, même confirmé, je ne dois rien, je ne tiens pas compte de la lettre reçue.",produit_casse,elevee
refinancement hypothécaire appliqué mois sofi fermé tout au long du processus sofi a échoué à répondre en temps opportun à la question fournir une mise à jour manquée différente date de clôture projetée a provoqué une baisse du pointage de crédit inutilement en raison d'un tirage excessif du crédit a causé un retard de clôture date de tirage a présenté des informations erronées divulgation de clôture étape prise par une demande de processus jointe à un calendrier séparé action de retard pertinent résumer sofi a pris un processus de quatre mois refinancement unique pointage de crédit endommagé tirage excessif présenté divulgation incorrecte manqué plusieurs dates de clôture projetées sofi insuffisamment réactif a échoué à fournir une mise à jour substantielle,produit_casse,elevee
notification reçue du bureau de crédit concernant le montant du compte de collecte inconnu compte de connaissance contrat l'entreprise atteinte l'entreprise a demandé la validation de la dette envoyer le contrat signé agent de signature déconnecté appel contrat appelant a tenté de collecter le compte frauduleux bien capable de valider la dette supprimée du dossier de crédit acheté compte frauduleux signalé dossier de crédit besoin de valider le compte signé contrat signature originale date d'exposition compte année ouverte état besoin de savoir utiliser les informations ouvrir un compte frauduleux charge de fichier autorité appropriée bureau de vol d'identité insérer continuellement des informations frauduleuses dossier de crédit ne pas contracter l'entreprise n'a jamais de compte supprimé bien réinséré temps sans connaissance vérification dette cassée loi fcra réinsertion des informations frauduleuses dossier de crédit,produit_casse,elevee
illégal prendre un règlement en dollars récupérer les dommages autoriser légalement les dommages de la plus haute autorité s'attendre à ce qu'un criminel attaque illégale mise en scène tenu pour responsable contacter le FBI différend s'attendre à des dommages entièrement non associés année s'attendre à un score de crédit autour de parfait payeur de factures histoire sans dette également s'attendre à un crime non associé criminel fraîchement continuer la vie sans fardeau illégal non autorisé hypothèque par la présente détruit s'attendre à être réparé finalement nouveau ssn nouveau dl nouveau nom de famille double boîte postale que Dieu bénisse l'amérique merci service continu heureux jour du souvenir meilleur respect,produit_casse,elevee
soc sec dob adresse fl attention litige département aujourd'hui date serf notifier informations inexactes rapport de crédit par fichier lettre envoyée par courrier recommandé objectif escalade formelle tribunal approprié droit besoin surgir récemment refusé demande prêt hypothécaire voiture carte de crédit assurance maladie emploi floride ddupon regarder de plus près en raison d'informations inexactes rapport de crédit le mien carte de sécurité sociale d'identité de floride volé contester l'accusation prouvé compte frauduleux également inclus copie rapport de police inutilement embarrassé partie de surveillance peut-être partie journaliste de crédit informations erronées dégradantes diffamatoires également endommagé bon crédit debout empêché quelque chose de absolument nécessaire causé beaucoup de stress affecté la santé courte qualité de vie affecté négativement informations inexactes rapport de crédit détaillé suit soc sec dob adresse fl,produit_casse,elevee
voir le relevé de transaction ci-joint nouvelle transaction voir la lettre de fraude ci-jointe date de réclamation transaction non autorisée voir la transaction ci-jointe dupliquer l'heure de la fraude non autorisée nouvelle transaction crédit dû par les États-Unis depuis que les États-Unis ont détruit un excellent crédit dû,produit_casse,elevee
capital un prêt auto bien lien offrir crédit dur pull c'est-à-dire soft pull prêt auto financement taux envoyer immédiatement taux devis rien plafond un déjà affaires le lendemain obtenu e-mail tournant même taux devis remplir application timing droit dire intéressé aller cap un posté un rapport tourné prêt refusé donner les informations nécessaires vérifier le crédit appelé en colère demandé confiance de la sécurité sociale cassée enfin parler dirigé département des litiges de crédit prendre beaucoup de rapports service de crédit directement peut-être point les gens promis taux se conformer leders,produit_casse,elevee
bonjour deux voitures via audi service financier super jusqu'à covid actuellement arrêté de servir le choix du client téléphone commencé voiture volé chéquier volé gant appartement selon la loi nécessaire fermer le compte courant ouvrir un nouveau essayé changer le paramètre de paiement automatique l'application audi f n'a jamais fonctionné correctement changé deux fois déjà néanmoins essayer de facturer l'ancien compte fermé demande de retour bancaire frais de retour frais retournés soumettre la ligne paiement unique devinez manuellement utiliser les anciennes informations d'identification bancaire autoriser le changement de compte courant essayé le temps d'appel sans exagération choisir le téléphone dire un montant sans précédent appel envoyé plusieurs messages via le centre de messagerie n'a jamais répondu à quoi que ce soit dernier bouton historique de paiement site Web afficher une liste incorrecte demande de chaussure cas de paiement afficher le paiement retourné payé tromperie garder l'obscurité audi f fraude,produit_casse,elevee
affecté cessation activité produit pandémie paralysé économie mondiale pays particulier femme charge tout le compte du groupe familial cinq ans jamais manqué engagement honoré aller difficulté année sans précédent honneur vérité pris période de grâce avantage accordé société financière outil mobilisé pourrait soutenir l'économie du pays debout dernière période terminée analysé première ligne service client possibilité prolongation d'un mois refusé niveau supérieur dernière possibilité toujours facturer famille donnant visage pleine responsabilité de crédit appeler appeler voir pourrait résoudre attente analyse analyse possibilité prolongation période de grâce arriver refusé quota de jour de prestation expiré jour passé rapporté bureau de crédit sinon serait payé terme faire maximum sacrifice,produit_casse,elevee
"programme de remboursement actuellement progressif le prêt étudiant sallie mae paie généralement environ par mois, mais peu de retard actuellement dû le mois dernier paiement le mois atteint sallie mae temps de côté pour atteindre appeler obtenir le représentant du compte parler menace essentiellement en disant effectuer le paiement à une certaine datexxxx xxxxstils rapportent que le bureau de crédit abandonne le programme de remboursement gradué de côté problème menacé financièrement affecté pandémie sallie mae annonce clairement l'aide prioritaire de l'emprunteur appelée à plusieurs reprises a déclaré que le représentant de l'aide a dit l'option une personne a parlé mettre quelqu'un peut-être aider savait même lire le script programme de paiement gradué la raison pouvait se permettre d'effectuer un paiement à la hausse par mois point comme ajouter un aider le temps soit l'ordre d'accéder au programme de paiement progressif, en gros, arrêter d'effectuer le paiement, la société aurait peur, mettre le spécialiste de la résolution, à peine se permettre d'effectuer le paiement, supposément se permettre par mois, programme de coup de pied, supposément déposé une plainte directement, sallie mae surprise surprise, je suis revenu absolument dégoûtant",produit_casse,elevee
plainte précédente monterey financier violation loi sur les rapports de débit équitables pratique de recouvrement des débits déclaration compte de recouvrement deux fois rapport de crédit essayer sournois en pensant les gens vérifier rapport fixe voir dernier différend envoyé fixe fixe blesser crédit bonne période temps mauvaise violation solde original faire compte de paiement essayer dire continuer à charger le compte près d'un an charge presque frais d'intérêt extorsion avocat atteindre pratique de recouvrement de débit loi essayer triple solde dû mentionné essayé collecter le solde deux fois endommagé preuve de crédit voir tour société,produit_casse,elevee
soc sec dob adresse fl attention litige département aujourd'hui date serf notifier informations inexactes rapport de crédit par fichier lettre envoyée par courrier recommandé objectif escalade formelle tribunal approprié droit besoin surgir récemment refusé demande hypothèque prêt voiture carte de crédit assurance maladie emploi floride regarder de plus près en raison d'informations inexactes rapport de crédit le mien carte d'identité de floride carte de sécurité sociale volée contestation charge avérée compte frauduleux également inclus copie rapport de police inutilement embarrassé partie de surveillance peut-être partie journaliste de crédit partie de journaliste informations erronées dégradantes diffamatoires également endommagé bonne solvabilité empêché quelque chose de absolument nécessaire a causé beaucoup de stress affecté la santé courte qualité de vie affecté négativement informations inexactes rapport de crédit détaillé suit soc sec dob adresse fl,produit_casse,elevee
"téléphone récemment acheté a été victime d'une arnaque le vendeur a accepté le remboursement n'a jamais rien envoyé le remboursement de l'article a été refusé pourrait expédier un appareil cassé le vendeur a envoyé n'importe quoi a essayé de contacter la banque deux fois refusé, tolérant clairement la fraude dégoûtant",produit_casse,elevee
passé des heures au téléphone agent du service d'assistance ftc aujourd'hui a confirmé le rapport de vol ftc cassé réalisant la déclaration du client longue fraude fiscale formatage propagation sur la page inclus note le système interne contacterait le bureau de crédit valider le rapport dit pourrait jour correction il n'y a rien vérification du bureau de crédit validation du système interne numéro d'appel du bureau d'assistance crédit bureau experian accepter mon mari rapport de vol ftc vol d'identité droit promulguer le blocage fcra déclarant faux formatage faux j'ai parlé téléchargé reçu réponse plusieurs fois n'accepterai pas même si j'ai dit venir directement site web ftc téléchargé informations vérifier le rapport ftc a dit ne pas l'habitude quelque chose comme malade attendre deux communiquer permettre au mari de promulguer le droit fcra article contesté à la place de bloquer ne peut pas obtenir le compte de fraude de prêt automobile répertorié supprimé ive mois de travail s'il vous plaît s'il vous plaît aider,produit_casse,elevee
sec dob adresse fl attention litige département aujourd'hui date serf notifier informations inexactes rapport de crédit par fichier lettre envoyée par courrier recommandé objectif escalade formelle tribunal approprié loi besoin surgir récemment refusé demande hypothèque prêt voiture carte de crédit assurance maladie emploi floride ddupon regarder de plus près en raison d'informations inexactes rapport de crédit le mien carte d'identité de floride carte de sécurité sociale volée contester l'accusation avérée compte frauduleux également inclus copie rapport de police inutilement embarrassé partie de surveillance peut-être partie journaliste de crédit informations erronées dégradantes diffamatoires également endommagé bonne solvabilité empêché quelque chose de absolument nécessaire causé beaucoup de stress affecté la santé courte qualité de vie affecté négativement informations inexactes rapport de crédit détaillé suit sec dob adresse fl,produit_casse,elevee
demande de congé hypothécaire appliquée demande de paiement basée sur le chômage covid arrêté de retenue le mois depuis le retour du travail demandé paiement recommencer la retenue à la source la société de prêt hypothécaire continue de percevoir le paiement aujourd'hui appelé beaucoup de temps travaillé agent de crédit a finalement obtenu un accord de report de paiement signé retourné le mois dernier toujours encaissé le paiement date d'échéance détruit pointage de crédit demandant de commencer le paiement depuis le paiement collecté mais la peur d'être saisi espère attirer l'attention se plaindre être résolu,produit_casse,elevee
le compte sans fil a terminé la fermeture du paiement refacturé les frais de déconnexion du compte ont donné à l'entreprise a travaillé a travaillé plan de paiement petit montant le mois pouvait se permettre d'effectuer le paiement tous les mois l'année dernière rapport convenu de recouvrement de crédit paiement effectué depuis longtemps l'été a donné un compte un autre système d'entreprise sans notifier le paiement réalisé effectué appelé demander toujours compte dit inquiétude reçu système de lettre disant compte appelé dit compte impossible une entreprise pouvait encore tenir le temps dit ignorer le système de lettre essayé le système d'appel de toute façon pourrait être retenu paiement à venir compte bancaire essayé numéro d'appel plus allé trouver un compte en ligne ledit compte existe appelé système année a parlé compte d'agent demandé paiement minimum pourrait faire un échange mensuel rapport de collecte de crédit dit pourrait effectuer un paiement mensuel dollar rapporterait un ensemble de recouvrement de crédit arrangement de paiement dollar venir chaque mois payé jour effectué deuxième paiement obtenu une alerte compte de recouvrement signalé rapport de crédit compte signalé système appelé scie alerte rayon,produit_casse,elevee
citicards site web cassé affichage correctement compte détail important permettant suivre la charge téléphone en ligne service client travail branche service travail incapable de décider charge légitime accès frauduleux compte en ligne essayé trois navigateur différent résultat du téléphone service téléphonique blocage automatique,produit_casse,elevee
atteint trois bureaux de crédit article de recouvrement inexact rapport de crédit disant dette vérifiée exacte dit reçu une page de bail afficher la page reçue page une page dire n'importe quoi cassé frais de bail demandé agence certifier la dette obtenu réponse n'a pas reçu de facturation grand livre agence de recouvrement dire envoyé avis voulait fin de bail ci-joint informations de rapport précises non vérifiées ne peut pas ajouter quelque chose rapport de crédit sans bail complet historique de paiement complet preuve de dette s'il vous plaît examiner le document que je soumets s'il vous plaît dire même état bail rompu frais donc acceptable rapport irresponsable,produit_casse,elevee
Capitol One essayant de collecter autoriser dit l'heure prouver acheté dire payer Capitol One n'a jamais répondu signalé agence de crédit détruit crédit essayé aider penser Capitol One rire répondu penser que le temps appliquer une pression répondre plainte,produit_casse,elevee
"reçu un appel de récupération de portefeuille gentille dame expliqué combat expliqué avocat aider la sécurité sociale informé pourrait prendre deux ans être approuvé également expliqué pensé rempli de paperasse difficile rappelez-vous l'heure demandée appel téléphonique pensait que je prendrais soin de l'appel téléphonique reçu appel téléphonique dame représentée agent de recouvrement de créances associé de récupération de portefeuille informations personnelles vérifiées expliqué j'ai déjà parlé quelqu'un a dit le dépôt intermédiaire est allé toute l'histoire n'a pas travaillé depuis l'année dernière demandé appel téléphonique numéro de téléphone répertorié compte même essayé vérifier le numéro de téléphone bon numéro de contact a dit s'il vous plaît appeler reçu encore un autre appel téléphone portable femme identifiée portefeuille récupération identifié expliqué appel téléphonique note compte vérifier les informations dit mettrait une loi enfreinte s'est exclamé est allé déclaration déclaré que la loi enfreint dit qu'elle mettrait le compte d'appel dit qu'elle a déjà enfreint la loi accrochée expliquant qu'elle ne sera probablement pas approuvée l'année, je suis sûr que peut changer ignorer désobéir appel demandé acceptable bouleversé quelque chose de corrigé ne me dérange pas de prendre",produit_casse,elevee
"reçu une alerte de crédit adresse informant le pointage de crédit a radicalement chuté confus payer facture temps plein tous les mois sans faute toute la vie presque parfaite pointage de crédit coupé la moitié de la nuit immédiatement tiré rapport de crédit enquêter trouvé quatre comptes en souffrance la société reconnaît a contracté un prêt aes payant à temps plein mois calculant le prêt absorbé un compte appelé la société a donné un compte en souffrance trouvé fedloan compte trouvé recevoir un courrier de communication appel téléphonique fedloan alerte solde à venir spécifiquement problème compte appelé fedloan trouvé incorrecte adresse de mise à jour e-mail numéro de téléphone correct a échoué utiliser jamais même faire savoir compte prêt commencer à effectuer le paiement beaucoup le délinquant sans le savoir, désemparé, pointage de crédit détruit de manière irréparable, même quelque chose qui ne va pas, car l'entreprise a échoué, contact initial, l'employé a dit qu'il pourrait faire supprimer la marque de crédit, cela prendrait un jour, dit d'aller créer un compte, le numéro de compte fourni commence à effectuer le paiement, un jour clair, un autre drapeau rouge, même un compte en ligne est censé savoir que le paiement a commencé c.",produit_casse,critique
"ive titulaire de la carte citibank depuis que la banque citi a récemment réduit la limite de crédit spécifiquement sans préavis limite de crédit réduite presque la banque citi encouragée à prendre un prêt de transfert de solde premier montant deuxième montant devenu dû taux d'intérêt élevé respectivement croire que la banque citi a réduit la limite de crédit effort rembourser deux prêt de transfert de solde extrêmement élevé capable même de se rapprocher du paiement banque citi sciemment détruite cote de crédit capacité réduite emprunter effort obtenir un taux d'intérêt de la dette probablement excessif essayé refinancer la maison environ capitaux propres incapable de garantir le prêt en raison de fait senior revenu fixe banque citi mettre position choix fichier faillite carte de crédit dette rejetée mettre de côté dire fait sciemment banque citi en raison de fait, un relevé de carte de crédit imprimé prendrait un an pour effectuer le paiement minimum deuxième option mois de paiement ordre de trois ans dette d'un an revenu fixe aucune des deux options réalisable je suis sûr de l'option trier la faillite payer la dette ci-joint relevé de trois mois montrer la limite de crédit option de réduction paiement décrit merci cali",produit_casse,elevee
l'entreprise a échoué à envoyer une notification écrite fausse dette reçue moyen trouvé examen du rapport de crédit il y a quelques semaines appelé demandé dette dit verbalement e-mail notification écrite recherché litige validité compte absolument manière appartenir aujourd'hui rien de fait concernant la dette vérifiée validée demandée refusée supprimer le rapport de crédit même enquêter sur la loi de l'État fédéral mettre en place protéger le consommateur pratique de recouvrement de dettes illégales collecteur de dettes en outre informé par notification écrite verbalement la dette appartient à une personne individuelle jamais personne responsable personnellement défini individuellement compte d'entreprise californien utiliser le numéro d'identification de l'employeur attribué à l'entreprise donné à la société service des revenus internes back set account agent actionnaire exécutif membre de la société jamais signé un document rendant l'individu responsable personnellement personnellement garantie compte temps uniquement compte professionnel uniquement configuration d'un compte professionnel rendant la société responsable seule entité distincte gars crédit endommagé étant donné le montant indescriptible stress apporté,produit_casse,elevee
stenger stenger n'a prouvé rien processus légal recouvrement de créances une agence de recouvrement de dettes déjà envoyée preuve convocation comparaître litige judiciaire dit réclamation de dette demandé stenger stenger envoyé validité date du jugement rien envoyé obtenir jour litige tribunal faux recouvrement de dettes dette selon la loi concernant les rapports de crédit http poursuivi dettes défendre le tribunal poursuivi en justice recouvrer la dette prêter attention répondre envisager de parler avocat avocat dire au juge preuve de dette fournir copie vérification collecteur informations montrer la date du dernier paiement procès rejeté le juge décide de la dette ignorer le cas de dette ignorer le collecteur de poursuites probablement obtenir le jugement du tribunal éventuellement prendre de l'argent chèque de paie compte bancaire remboursement d'impôt affirmer fdcpa droit collecteur de droit poursuivre en justice menacer poursuivre en justice la dette pense que le collecteur a enfreint la loi déposer une plainte ftc procureur général de l'état envisager de parler avocat amener une action privée collecteur violant la fdcpa,produit_casse,elevee
peut concerner envoyé par courrier trois différends lettre un agence d'évaluation du crédit trans union fcra section loi conduite fournir la preuve signature du contrat original enquête sur l'article négatif signalé rapport de crédit le mien encore dans les trente jours autorisé ordre prouver l'exactitude de la propriété correspondance d'information fournissant des informations mise à jour statut différend également envoyé trois demande de trente jours se conformer lettre un bureau de crédit transunion loi enfreinte fournissant une preuve corrigeant l'article contesté délai loi autorisée,produit_casse,elevee
rapport de crédit examiné trouvé entrée de compte frauduleuse enquête identifiée placé un dossier de crédit sans connaissance enquête de compte frauduleuse causé une grande action difficultés de crédit absolument idée informations personnelles obtenues individu capable ouvrir une enquête de compte devenir difficile acquérir un nouveau crédit dossier de crédit manière endommagée demander s'il vous plaît enquête de compte frauduleuse crédit supprimé bientôt possible aussi garder à l'esprit l'enquête de compte appartenir,produit_casse,elevee
ive attaché usaa historique de paiement compte usaa compte causé un plongeon catastrophique score attaché crédit historique de paiement démontrer clairement une activité saine du consommateur pandémie activité de paiement inhabituelle uniquement due à une pandémie de covid stressé usaa je suis étiqueté consommateur incorrect faux usaas réticence prendre du temps examiner physiquement l'historique de crédit afin de prendre une décision de crédit précise et saine par demande laissé confus toute l'année a causé un problème plus important concernant le pointage de crédit jamais connu le pointage de crédit même possible usaa rapport de consommateur déformé véritable identité du consommateur comprendre la règle de l'institution financière prendre l'entière responsabilité financière action laissé confus un usaa le représentant a pris le temps de regarder l'historique de crédit avec précision acquérir une meilleure compréhension du point de vue du consommateur vétéran rapports positifs clairement affichés rapport de crédit à la consommation avant d'avoir informé les États-Unis difficultés le moins de temps mois je suis constamment refusé l'assistance qualifiée recevoir participer au programme de secours d'aide des États-Unis demande de représentant paiement en souffrance un,produit_casse,elevee
aujourd'hui reçu un autre appel représentant du support de Carrington indiquant le document fourni preuve de résidence suffisante il y a encore deux semaines virginie un autre représentant de Carrington déclarant le centre de plainte a déclaré le document envoyé au représentant adéquat temps de parole demandé soumettre l'article téléchargé portail de documents de Carrington formulaire de facture de services publics expliqué déjà vérifié confirmé ledit souscripteur a reçu la réponse irs a besoin de fournir une déclaration de revenus expliquée option donnée fournir une déclaration de revenus soumettre le formulaire de déclaration de revenus point dire écrire une lettre d'explication Carrington indiquant le formulaire d'accès Carrington incohérent tout au long du processus de soumission de l'assistance assistance hypothécaire processus de modification de prêt affecté bien envoyé par e-mail à Carrington par demande soumise en ligne formulaire site principal habituel toujours reçu problème de soumission de confirmation bien que Carrington pousse le courrier électronique du client télécharger le portail de prêt de document vérifiant activement l'heure de publication du document quelqu'un analyse de l'histoire d'appel nécessaire déplacer le cas différent reçu de document notifié,produit_casse,critique
soumis un litige service de salon de coiffure correctement effectué par la suite cheveux ruinés contacté le commerçant a proposé du temps rendu les cheveux pires un service remis en question fait deux fois dans la semaine sans faire de dégâts cheveux endommagés fragiles rien attendre la croissance des cheveux coupés payé un temps facile tous les matins sans passer beaucoup de temps cheveux à la place crépus endommagés citi fermé litige faveur marchand expliqué situation citi photo preuves montrer le commerçant résoudre le problème charge effectuée,produit_casse,elevee
regardant le rapport de crédit remarqué vendu facture impayée service de recouvrement de crédit vraiment mal au crédit contacté le service de recouvrement de crédit représentant du client identifié expliqué savoir soumettre payer mensuellement déchéance de salaire politique de véhicule à moteur de toute façon décidé d'aller de l'avant négocier retiré rapport de crédit le représentant du client a dit pourrait supprimer le crédit accepterait le paiement complet reflété rapport payé solde complet vraiment voulu supprimé a insisté pourrait supprimé refléterait payé solde complet a regardé le rapport de crédit aujourd'hui remarqué déduit facture impayée renouveler solde nouvelle dette manifestement malhonnête apprécierait vraiment l'aide affaire rapport de crédit endommagé dette payée solde complet promis à la place publié nouveau solde de la dette représentant du service à la clientèle fourni suite aux informations confirmation paiement représentant du client l'assistance fournie serait grandement appréciée en espérant une conversation enregistrée,produit_casse,elevee
soc sec dob adresse ny attention litige département aujourd'hui date serf notifier informations inexactes rapport de crédit par fichier lettre envoyée par courrier recommandé objectif escalade formelle tribunal approprié droit besoin surgir récemment refusé demande prêt hypothécaire voiture carte de crédit assurance maladie emploi floride ddupon regarder de plus près en raison d'informations inexactes rapport de crédit le mien carte de sécurité sociale volée contester l'accusation prouvée compte frauduleux également inclus copie rapport de police inutilement embarrassé partie de surveillance peut-être partie journaliste de crédit informations erronées dégradant diffamatoire également endommagé bon solvabilité empêché quelque chose de absolument nécessaire causé beaucoup de stress santé affectée courte qualité de vie affectée négativement informations inexactes rapport de crédit détaillé suit b u dept u dept u dept soc sec dob adresse ny,produit_casse,elevee
détail du document joint expédition du commerçant livrée ouverte endommagée confirmée usps ni capital marchand un problème détail du crédit décrire partie frauduleuse,produit_casse,elevee
carte de paiement tous les mois carte en ligne suspendue carte détruite continue d'effectuer un paiement en ligne verrouillé accès au compte en ligne car impossible d'appeler en semaine heure de bureau pourrait contacter n'importe qui effectuer le paiement vacances passées heures tenir différentes occasions essayer d'effectuer le processus de paiement téléphone temps d'attente fastidieux je veux terriblement déverrouiller l'accès en ligne effectuer le paiement en ligne attrapé facturable temps de paiement ca téléphone semaine,produit_casse,elevee
endommagé savoir autrement obtenir une solution équitable problème vouloir se plaindre meilleure action de la société de service injuste négligent violer le pointage de crédit ccra abandonné mois mois capable d'obtenir une hypothèque meilleur compte de la société de service causant un énorme problème également essayé de résoudre le problème téléphone même marquer le compte enquête compte contesté impliqué suivant le compte de la meilleure société de service montant original le créancier original demandant d'obtenir l'article retiré rapport de crédit compensation dommages subis demander de l'argent demander n'importe quoi suppression article vouloir contacter la société s'il vous plaît envoyer la société de pièce jointe remercier,produit_casse,elevee
rapport de crédit examiné trouvé entrée de compte inexacte enquête identifiée crédit placé sans connaissance enquête de compte négative causé grand acte difficultés crédit injuste sentiment comme une situation quelqu'un d'autre comportement égoïste choix souffrir conséquence absolument idée n'importe qui aurait des informations personnelles pourrait obtenir un compte difficile acquérir un nouveau crédit crédit endommagé état demander s'il vous plaît enquête de compte supprimé crédit en temps opportun garder également à l'esprit l'enquête de compte appartient,produit_casse,elevee
lit acheté lit livré état endommagé tache livreur encore maison envoyé vendeur photo tache lit bien dommage livreur livreur à la maison refusé de reprendre le lit à gauche obtenu téléphone vendeur soumis faux reçu de livraison signature supposé mien mine fait ressembler à gros absolument ridicule carte de crédit barclays à l'origine crédité prix d'achat retourné a rendu de l'argent appelé bureau d'entreprise jour matelas livré s'est plaint également refusé venir choisir matelas ramené magasin point lit fou nc procureur général travaillant également dépôt de plainte delaware carte de crédit hq état barclays de,produit_casse,elevee
"envoyé à plusieurs reprises lettre certifiée Equifax supprimer l'article de crédit supposé inclus règlement du recours collectif a écrit au bureau procureur général envoyé lettre datée de piu a dit suivre administrer les dommages monétaires supposée remise de prêt, etc. appelé n'a jamais reçu d'avis déclaré partie recours collectif malgré le taux d'intérêt du prêt automobile faire savoir au bureau du procureur général que le bureau du crédit n'a rien fait supprimer le rapport de crédit n'a rien fait aider à obtenir des dommages monétaires dommages à la réputation de crédit empêcher d'avancer la vie obtenir un emploi décent payer élevé obtenir une carte de crédit même une maison de voiture détruite capacité futur vouloir cfpb aider à faire respecter la loi fédérale faire payer au bureau du procureur général un bureau de crédit des dommages punitifs pécuniaires souffrance travail travail l'agence a perdu une chance d'obtenir un emploi fédéral, d'obtenir un vrai travail grâce à la destruction du crédit",produit_casse,elevee
contesté au sommet quatre carte d'entreprise date au sommet suivre demandé copie originale fichier de contrat signé signature requise fichier de document de loi vérifier les informations déclarées compte vérifié vouloir savoir le compte vérifié a également échoué fournir la méthode vérification demandée fournir l'article demandant l'article supprimé bien par article croire que la loi est enfreinte,produit_casse,elevee
acheté un réfrigérateur à domicile a reçu l'article de livraison réfrigérateur machine à glaçons prendre une heure faire des glaçons boîte défectueuse a dit quelque chose rapport de travail dans l'heure promis échangé un autre produit changeant la date de livraison réfrigérateur remplacé un autre deuxième est arrivé endommagé la porte du congélateur s'ouvrirait charger article congelé quelque chose de cassé roue coulissante savoir promis magasin échanger un a pris beaucoup plus de temps stock de produit finalement reçu réfrigérateur un travail est venu partie manquante porte fabricant promis temps d'expédition home depot utile aider home depot pourrait aider magasin carte de crédit citi banque facturant intérêts frais de financement appelé à plusieurs reprises service client refusé inverse financement supplémentaire frais de retard posté carte de crédit comme supprimer happy pay produit acheté sans frais s'il vous plaît aider merci d'avance,produit_casse,elevee
problème de paiement payé amerihome hypothécaire société séquestre utilisé paiement impôt foncier retenu à tort amerihome depuis utilisé payer l'impôt a tenté d'aller par le canal approprié fournir l'hypothèque amerihome documentation appropriée coordonnées indiquées résoudre le paiement de l'hypothèque amerihome en temps opportun de la manière initialement contactée problème lancement anticipé plusieurs téléphones e-mail enquête sentir recours dossier plainte cfpb original total dû amerihome échec continu payer résultant ajouté pénalité intérêt total dû pénalité intérêt continuer accumuler peur privilège fiscal déposé rapport de crédit endommagé,produit_casse,elevee
"état fcra informations inexactes non factuelles rapport de crédit à la consommation supprimé rapport de crédit trouvé informations non factuelles répertoriées compte de collecte suivant vouloir compte de collecte supprimé rapport de crédit fcra également état fichier procès droit des dommages cassé bien compte de collecte considéré compte ouvert répertorié compte ouvert date d'ouverture inexacte liste de bureau de crédit différentes informations veuillez supprimer la liste de compte ouvert date d'ouverture inexacte liste de bureau de crédit différentes informations veuillez supprimer la liste de compte ouvert date d'ouverture inexacte liste de bureau de crédit différentes informations veuillez supprimer la liste de compte ouvert date d'ouverture inexacte liste de bureau de crédit différentes informations veuillez supprimer la liste de compte ouvert date d'ouverture inexacte bureau de crédit lister les différentes informations, veuillez supprimer la date d'ouverture du compte ouvert, bureau de crédit inexact, lister les différentes informations, enfin, veuillez supprimer la demande suivante, indiquer l'objectif autorisé, vérifier le rapport de crédit xxxxxxxx",produit_casse,elevee
soc sec dob adresse fl attention litige département aujourd'hui date serf notifier demande informations inexactes rapport de crédit par fichier lettre envoyée par courrier recommandé objectif escalade formelle tribunal approprié droit besoin surgir récemment refusé demande prêt hypothécaire voiture carte de crédit assurance maladie emploi floride regarder de plus près en raison d'informations inexactes rapport de crédit le mien carte d'identité de floride carte de sécurité sociale volée contester l'accusation avérée compte frauduleux également inclus copie rapport de police inutilement embarrassé partie de surveillance peut-être partie journaliste de crédit informations erronées dégradant diffamatoire également endommagé bonne solvabilité empêché quelque chose de absolument nécessaire causé beaucoup de stress affecté la santé courte qualité de vie affecté négativement informations inexactes rapport de crédit détaillé suit soc sec dob adresse fl,produit_casse,elevee
"samedi effectué dépôt en espèces autorisé tcf atm emplacement montant un dépôt effectué en attente de recevoir un reçu à la place du reçu écran atm dit transaction complète a donné le retour de la carte reçu argent obtenu écran vide phrase transaction rappel complet déposé espèces besoin d'argent facture de couverture déjà postée appeler la banque tcf faire savoir est arrivé a donné l'adresse oh atm a expliqué besoin d'argent déposé bientôt possible facture déjà payée connu atm cassé n'utiliserait pas dame a dit ok cas ouvert gon na enquêté rappelant la banque tcf demander de l'argent facture à payer représentant de la banque tcf enquête mise à jour en attente d'appeler la banque tcf demander de l'argent paniqué, l'enquête du représentant de la banque TCF est toujours en cours, peut prendre un jour ouvrable, vous savez que quelque chose a besoin de payer la facture, pas d'argent, fonds insuffisant, la banque TCF peut payer des frais, un chèque a écrit de l'argent clair, il n'y a rien de mal, de l'argent volé, ne pas avoir d'argent pour couvrir la facture, aidez s'il vous plaît.",produit_casse,elevee
compte de recouvrement contesté quatre fois résultat reste compte de recouvrement dette médicale illinois temps assurance fournie assurance assurance hospitalisation envoyé explication bénéfice déclaré responsable cependant cmre service financier collecte rapport de crédit violation droit par juste loi sur les rapports de crédit illinois solde facturation loi société rapport fausse information illégale rapport de crédit endommagé essayer de faire payer quelque chose doit déclarer le paiement puisque la demande a supprimé les dommages,produit_casse,critique
lettre envoyée par le bureau d'évaluation du crédit à la consommation concernant des informations inexactes inconnues rapport de crédit à la consommation rapport d'article suivant signalé mais reçu réponse même si le jour se sent utilisé litige ignoré publication inexacte rapport de crédit d'article non vérifié distribuant la réputation de la partie solvabilité section endommagée fcra indiquer clairement l'échec enquêter sur l'article contesté dans la journée fournir les informations demandées donner la raison immédiatement supprimer l'article rapport de crédit jour article question rapidement supprimé demande de rapport de crédit article erroné supprimé immédiatement rapport de crédit fichier litige en raison du stress enduré échec se conformer aux informations fcra impactées violation de données copie jointe lettre envoyée,produit_casse,critique
soc sec dob adresse fl attention litige département aujourd'hui date serf notifier informations inexactes rapport de crédit par fichier lettre envoyée par courrier recommandé objectif escalade formelle tribunal approprié droit besoin surgir récemment refusé demande prêt hypothécaire voiture carte de crédit assurance maladie emploi floride ddupon regarder de plus près en raison d'informations inexactes rapport de crédit le mien carte de sécurité sociale d'identité de floride volé contester l'accusation prouvé compte frauduleux également inclus copie rapport de police inutilement embarrassé partie de surveillance peut-être partie journaliste de crédit informations erronées dégradantes diffamatoires également endommagé bon crédit debout empêché quelque chose de absolument nécessaire causé beaucoup de stress affecté la santé courte qualité de vie affecté négativement informations inexactes rapport de crédit détaillé suit soc sec dob adresse fl,produit_casse,elevee
essayer de charger de l'argent sur la carte continuait à venir transaction refusée pensant que la banque américaine transaction bloquée en raison d'une fraude appelée approuver la transaction chargement de la carte prochaine chose savoir pris compte transféré quelqu'un connaît la banque américaine a dit que le transfert allait immédiatement arrêter la transaction s'est produite aujourd'hui j'ai encore résolu le problème boa a dit que le remboursement de l'argent envoyé par e-mail pouvait tracer j'ai le cœur brisé ive banque puisque rien,produit_casse,critique
configuration compte axos banque le il y a un jour photo dépôt chèque attendu jour clair clair appelé dit serait libéré lundi attendu lundi argent disponible appelé dit fonds serait disponible cst attendu cst fonds libéré appelé dit oh désolé mal dit pst fonds libéré attendu pst deviner fonds libéré appelé ad obtenu temps l'argent serait libéré temps dit pst sentiment comme soit menti mauvaise formation on sait dire l'heure attendre minuit voir fonds côté note banque gracieusement assez courtoisie libération cst appel de temps aussi trouver intéressant dont superviseur disponible parler client traité poussé problème mettre en attente dit parlé superviseur appel retour jour ouvrable vraiment superviseur disponible correspondance client réponse en ligne axos bonjour merci de contacter la banque axos espoir journée merveilleuse heureux aider enquête examen du compte veuillez fournir une preuve fonds compensés institution financière capable de soumettre une demande de libération de fonds s'excuser la gêne occasionnée peut vraiment apprécier la patience commerciale temps sans précédent question supplémentaire s'il vous plaît l,produit_casse,elevee
bon après-midi par réclamation préalable tentative de vente maison aux enchères communication transféré hypothèque vue sur la baie refuser de communiquer bien le transfert semble avoir eu lieu l'année réclamée hypothèque refusé parler encore essayé de vendre la maison aux enchères refuser de parler statut prêt note avocat payer forcé la dette sauver la forclusion de la maison discuté acompte payé uniquement note titre vue sur la baie continuer refuser de communiquer détail de la propriété note en défaut propriété environ refusé laisser travail affaire prendre note sauver maison essayé vendre maison aux enchères donné droit gérer la propriété tribunal ordonné rester maison hypothèque transféré vue sur la baie refuser parler statut aggraver également refuser d'accepter le paiement mois mois location appartement ny menace garder dépôt de garantie voir le message déjà déposé mois mois chèque le mois précédent croire action loi transmis message date mer sujet salut s'il vous plaît déduire le loyer cc sûr chèque référant j'ai dit avant email le chèque de solde peut être retourné vous avez effectué le paiement bail complet expiré fin accepter,produit_casse,elevee
identité utilisée ouvert frauduleux nom du compte de crédit rapport de police affidavit de vol d'identité fédéral déposé enquête ouverte aujourd'hui identité récupérée enquête fraude fermée récupérée vol d'identité vol d'identité voleur d'identité appliqué de nombreuses demandes de crédit prêt de voiture nom demande toujours reflétant le rapport de crédit transunion envoyé par la poste lettre détaillée de transunion l'action a eu lieu une activité frauduleuse informée a eu lieu également une copie envoyée par courrier du rapport de police le long du rapport fédéral de vol d'identité réclamation de soutien aujourd'hui reçu lettre transunion indiquant pourrait aider deux raisons première raison a dit s'enquiert question rapport rapport de crédit lettre dire ne peut pas aider déterminé demande faite erreur fausse déclaration fait matériel obtenu possession bon résultat transaction problème allégations faux déterminé transunion sans diligence raisonnable informations fournies clairement transunion négligé son devoir agence d'information sur les consommateurs enfreint la loi fcra niant le droit article frauduleux enquêté supprimé rapport de crédit,produit_casse,elevee
"il y a plusieurs années, le compte Cash App signé a ensuite été utilisé pour transférer la devise U, d'autres bien acheter le service commercial Bitcoin acheté à peu près pour Bitcoin il y a plusieurs années, la valeur commerciale Bitcoin est la moitié actuellement Bitcoin Trading environ un mois en arrière. carte associée au compte précédent dernier chiffre carte de paiement nouvellement acquise obtenue processus de vérification code postal réponse de la carte de paiement associée suit remercier en fournissant des informations connaître le processus fastidieux frustrant tentative de fusion ac",produit_casse,elevee
menacé appelé harcelé dette perte d'emploi qui se passe essayé d'établir un arrangement de paiement rien n'a fonctionné crédit endommagé a travaillé dur l'année dernière payer la facture en temps opportun même établir une carte de crédit supplémentaire construire un crédit article payé référence a également pris du temps appeler demander supprimer remarque préjudiciable rapport de crédit également appelé demande d'agence supprimée bien s'il vous plaît aider à obtenir corrigé l'avantage privé vétéran un essai d'achat pour toujours temps à la maison profiter s'il vous plaît aider,produit_casse,elevee
chronologie premier prêteur taux d'intérêt voir titre attaché ocwen montant du prêt acheté note de paiement initial mensuel ocwen ca difficultés ocwen lettre demande de soutien demande de modification de prêt approuvée ocwen supposer vous aider à obtenir un paiement hypothécaire en arrière piste hypothèque abordable vécu maison année vouloir travailler dur garder pris du retard sur le paiement hypothécaire en raison de la perte de revenu en raison de la perte d'emploi année du mari blessé emploi déposé réclamation l osha congédié dossier pension repos vie dur temps traiter la dette jamais problème financier beaucoup de dépenses gestion de la maison famille dur employé année d'affaires travailler à l'intérieur blessé emploi déposé réclamation l osha immédiatement mari congédié dossier pension reste vie accumulée montagne financière facture médicale antécédents de crédit détruits difficultés à gérer la dette revenu inférieur deux ans accordés demande d'aide appliquée placé plan d'abstention accumulés frais de retard excessifs frais d'avocat frais de saisie récurrents fraude abus du propriétaire pratique trompeuse déloyale comme le prêt modification non traitée menace illégale facturation de saisie,produit_casse,critique
attention relation client copie récemment obtenue copie rapport de crédit service trouvé article suivant erreur fournie documentation preuve article question inexacte besoin supprimé rapport de crédit article litige rapport solde compte mine société envoyée notification dette ftc loi notifiée dette jour donné litige société enfreinte compte besoin supprimé dès que possible par section acte de déclaration de crédit équitable demandant l'article indiqué supprimer rapidement l'article valide inexact informations obsolètes rapport de crédit ajout demandant une description enquête menée le long du nom adresse numéro de téléphone toute personne contactée informations s'il vous plaît envoyer une copie mise à jour du rapport notification article supprimé considérer le jour délai raisonnable valider l'article merci attention rapide question respectueusement,produit_casse,elevee
déposé abstention hypothèque due demandé toujours en mesure d'effectuer le paiement paiement principal appliqué dit oui principal appliqué appelé paiement par téléphone représentant demandé montant total appliqué principal reçu relevé paiement cassé principal intérêts appelé banque a parlé cas ouvert correct rappelé parlé a déclaré la correction aurait été fait avant dit nécessaire fait ferait le prochain paiement dit aurait fait manière le système crée en attente correction de date traitée rapidement serait notifié écrit appelé rayon transféré transféré demandé superviseur mettre attente minute est revenu ligne dit superviseur rappeler un a déjà appelé aujourd'hui parlé mettre attente superviseur heure minute jamais revenu téléphone,produit_casse,elevee
acheté grill acheté politique de retour déclaré jour retour grill cassé utilisé essayé retour dans la journée a dit accepter le retour charge contestée esprit suntrust fausse publicité trompeuse mentir les gens acheter des trucs suntrust a dit erreur transaction valide venir conclusion litige original même lire suntrust a échoué enquêter sur la réclamation,produit_casse,elevee
"propriété de location réservée via l'avis après la lecture de l'avis le jour de la location réservée a pris conscience de la propriété coq dangereux directement de l'autre côté de la rue propriété appelée propriétaire envoyé un SMS concernant l'avis confirmé avis vrai demandé serrure cassée fenêtre dit jamais de problème offre de réparation de verrouillage demandé remboursement complet via le site Web dépôt pour animal de compagnie remboursé réservé une autre propriété frais contestés société de carte de crédit capital un montant société de carte de crédit refusé litige trouvé déjà répondu remboursement dépôt initial pour animal de compagnie montant total contesté politique de remboursement dit annuler semaine réservation malheureusement réservé réservation politique d'annulation condition d'annulation de la réservation état le propriétaire fournit de fausses informations trompeuses permettre aux gens de louer une propriété sachant fenêtre de verrouillage cassée chant du coq responsabilité assurer la sécurité confort propriété appliquer une politique arbitraire penser une utilisation équitable de la propriété, en particulier si l'on considère que la propriété est dangereuse",produit_casse,elevee
ive attaché historique de paiement compte compte causé un plongeon catastrophique score attaché crédit historique de paiement démontrer clairement l'activité saine du consommateur pandémie activité de paiement inhabituelle uniquement due à la pandémie de covid stressé je suis étiqueté consommateur incorrect fausse réticence prendre du temps examiner physiquement l'historique de crédit afin de prendre une décision de crédit précise et saine par demande laissé confus l'année entière a causé un problème plus important concernant le pointage de crédit n'a jamais connu le pointage de crédit même possible rapport du consommateur déformé véritable identité du consommateur comprendre la règle de l'institution financière ligne directrice prendre l'entière responsabilité financière action laissé confus un représentant a pris le temps regarder l'histoire du crédit avec précision mieux comprendre la perspective du consommateur vétéran rapports positifs clairement affiché consommateur rapport de crédit avant ive informé difficultés moins de temps mois je suis constamment refusé assistance qualifié recevoir participer aide programme de secours représentant demande paiement compte en souffrance historique de crédit entier détruit mo,produit_casse,elevee
sec dob soc sec dob adresse fl attention litige département aujourd'hui date serf notifier informations inexactes rapport de crédit par fichier envoyé lettre par courrier recommandé objectif escalade formelle tribunal approprié loi besoin surgir récemment refusé demande hypothèque prêt voiture carte de crédit assurance maladie emploi floride ddupon regarder de plus près en raison d'informations inexactes rapport de crédit le mien carte de sécurité sociale volée contestation charge avérée compte frauduleux également inclus copie rapport de police inutilement embarrassé partie de surveillance peut-être partie journaliste de crédit informations erronées dégradantes diffamatoires également endommagé bonne solvabilité empêché quelque chose de absolument nécessaire causé beaucoup de stress santé affectée courte qualité de vie affecté négativement informations inexactes rapport de crédit détaillé suit xxxxxxxx sec dob soc sec dob adresse fl,produit_casse,elevee
"envoyé à plusieurs reprises lettre certifiée transunion supprimer l'article de crédit supposé inclus règlement du recours collectif a écrit au bureau procureur général envoyé lettre datée de piu dit suivre administrer les dommages monétaires supposée remise de prêt, etc. appelé n'a jamais reçu d'avis déclaré partie recours collectif malgré le taux d'intérêt du prêt automobile faire savoir au bureau du procureur général que le bureau du crédit n'a rien fait supprimer le rapport de crédit n'a rien fait aider à obtenir des dommages monétaires continue à nuire à la réputation de crédit empêcher d'avancer la vie obtenir un travail décent bien rémunéré obtenir une carte de crédit même une maison de voiture détruite capacité futur vouloir cfpb aider à faire respecter la loi fédérale faire payer au bureau du procureur général un bureau de crédit des dommages punitifs monétaires souffrir d'un travail de travail l'agence a perdu une chance d'obtenir un emploi fédéral, d'obtenir un vrai travail grâce à la destruction du crédit",produit_casse,elevee
déposer de nombreuses plaintes prendre une enquête appropriée sur l'expérience deuxième plainte envoyer l'avis de l'avocat plainte déposée préoccupation fait enfreignant la loi garder délibérément le rapport de crédit endommagé sans tenter d'enquêter,produit_casse,elevee
trans union credit bureau service rapport continu informations frauduleuses score de dossier de crédit diminué point de diminution aujourd'hui mettre payé bon compte fermé affectant score compte montrant payé payé disant également créancier fermeture compte ne jamais fermerait bon compte trans union dit créancier mettre remarque désobligeante crédit affectant score supprimé compte frauduleux compte frauduleux compte affecté score année baisse score supprimé compte affecté score compte suit répertorié donné point suppression frauduleux détruit solvabilité remarque crédit dossier fermé compte payé département ed fermé compte payé fermé compte payé remarque désobligeante compte payé complet fermé procès cfpb poursuivre trans union affecté crédit solvabilité du dossier dodd frank acte crédit ne jamais récupérer incapacité à conserver les informations du dossier de crédit fraude pratique déloyale syndicat trans veut une enquête complète affaire contactée cfpb a déposé une plainte bureau transunion pratique frauduleuse continue score module corrigé,produit_casse,elevee
débiteur signalé dette frauduleuse ouverte en utilisant des informations personnelles partielles contacté essayer de résoudre la situation dit qu'il enverrait le colis courrier envoyé copie renvoyée copie du permis de conduire rapport de police vérification sous serment identité aujourd'hui contacté téléphone dit va rouvrir le cas envoyer un autre colis courrier pourrait envoyer un document exagéré demandé parler superviseur expliquer la situation ignorée dit aller prendre des mesures reçu paquet selon la pratique ftc illégale depuis le rapport d'information précise jour résoudre le différend aujourd'hui jour depuis que l'enquête a commencé deux fois le temps requis la loi donc exiger immédiatement supprimer la dette bureau de crédit payer dollar par mois jour obligatoire dommages collatéraux ftc,retard_livraison,critique
soc sec dob adresse fl date d'aujourd'hui service financier de phénix service financier de phénix service financier de phénix société violée fcra f f f interdiction de vente transfert de dette causé vol d'identité a répondu demande de fournir un rapport d'enquête besoin de résoudre la loi sur les rapports de solvabilité équitables l'article litigieux peut apparaître rapport de crédit preuve appuyée personne générale société doit vendre transfert contrepartie lieu collection de dette personne notifiée section titre résultat vol d'identité applicabilité interdiction sous-section s'applique à la personne qui recouvre la dette décrit paragraphe date notification paragraphe règle construction rien sous-section ne doit être interprété interdire le rachat de dette cas cessionnaire de dette exige rachat de dette résultant d'un vol d'identité b titrisation dette nantissement portefeuille dette garantie connexion emprunt c transfert dette résultat fusion acquisition achat hypothèse transaction transfert substantiellement actif entité la personne fournit des informations l'agence d'information sur la consommation doit mettre en place une procédure raisonnable,retard_livraison,elevee
déposé un litige concernant le compte répertorié rapport de crédit weltman weinberg date réelle du premier défaut répertorié requis loi fédérale également indiqué estimé mois année article supprimé incorrect réclamé vérifié exactitude compte impossible encore date premier défaut indiqué date de suppression incorrecte y compris la preuve montrer la date du dernier paiement compte donc la date de suppression année plus tard inclus deux lettres du créancier original prêt du créancier original servi nom apparaître lettre lettre montrer le prêt dernier paiement en plus écrit agence de recouvrement apparaît actuellement détenir la dette weltman weinberg réel demandé vérification dette envoyé document im comprenant également l'impression intitulée historique du prêt détail montrer le paiement effectué document intitulé document récapitulatif du paiement après défaut afficher le paiement un compte le compte peut dater de la collecte affichée la date du paiement effectué,retard_livraison,elevee
peut concerner l'écriture différend frais frauduleux montant du compte victime vol d'identité faire autoriser la charge demandant la suppression des frais financiers liés au montant frauduleux crédité bien recevoir une déclaration précise demande effectuée conformément à la loi sur la facturation du crédit équitable amendement vérité loi sur le prêt voir aussi b compte fermé acct compte à solde ouvert acct compte à solde ouvert acct compte à solde ouvert acct compte à solde ouvert acct compte à solde ouvert acct compte à solde ouvert acct compte à solde ouvert compte personnel acct compte à solde ouvert acct compte à solde ouvert,retard_livraison,elevee
"prêt de remboursement demandé service de gestion de prêt Rushmore vous a envoyé une lettre datée indiquant le montant du paiement dû obtenu le montant du chèque de banque envoyé par la poste numéro de suivi usps numéro de suivi montrer le bureau de poste paiement perdu trouvé envoyé chemin arrivant Rushmore a commencé à laisser un message téléphonique téléphone à la maison demandant appel semaine de vacances recevoir un message retourné à la maison appelé reçu message dit fermé aurait besoin d'appeler heure ouvrable atteinte découvrir chèque réclamé défectueux même si le montant exact appelé lettre dit chèque retourné vous exigeant de l'argent, y compris des frais de retard de paiement disant que dimanche est tombé pourrait déposer un chèque de banque pense que la lettre date d'échéance cas",retard_livraison,elevee
lettre envoyée concernant une chose inconnue et inexacte rapport de crédit le lendemain réponse reçue mais personnellement l'impression d'avoir profité section simplement juste indiquer clairement l'échec enquêter sur l'article dans la journée donner la raison immédiatement supprimer l'article rapport de crédit le jour n'a toujours pas répondu supprimer rapidement exiger le compte supprimé immédiatement forcé de prendre des mesures ftc des informations vraiment stressantes également impactées la violation de données peut d'une manière ou d'une autre s'être trompée de main,retard_livraison,critique
hypothèque appliquée jp morgan chasse demande complétée en ligne contacté le processeur demandé question complétée demande envoyée signature électronique examen application notée diverses erreurs envoyées email processeur être corrigé erreur grave section actif processeur d'application propriété répertoriée processus de vente actif correct propriété d'équité cotée actif supplémentaire appelé vente propriété personnelle résultant surestimation actif net tentative d'adresse a insisté sur le montant mis montrer l'actif requis payer paiement prêt refusé signe dit nécessaire corrigé processeur changé de nom actif immobilier gauche apporté gestionnaire conversation envoyé par e-mail dire examinerait le processeur plus tard reçu e-mail processeur dit que la demande complétée correctement pourrait continuer sans signature allée ailleurs signe de prêt demande incorrecte,retard_livraison,elevee
brève chronologie accès à l'événement application venmo court deux appareils non autorisés accédés au compte série résultante transaction led compte de perte nette accord d'utilisation venmo protège la transaction non autorisée lors du dépôt du rapport venmo geler compte violation nébuleuse du contrat d'utilisateur raison cours divulgué comme résultat de l'enquête étranger aléatoire envoyé deux avis de transaction plus tard totalisant la transaction envoyé différent étranger d'une manière ou d'une autre liste d'amis également aviser plus tard tentative d'utilisation venmo trouver conversation gelée service client via l'application venmo litige transaction informer mettre le spécialiste du compte informé via le compte venmo nécessite une vérification photo d'identité fournir via le site Web instruit compte spécialiste contact informe activité du compte examinée réclamation refusée incluse e-mail examen volontaire fournir des informations supplémentaires enquêter refus limité aide à moins qu'une enquête policière officielle ne renvoie un e-mail suivant le point d'information transaction spécifique souhait litige donner une explication logique aucun sujet a du sens sujet médecine,retard_livraison,critique
"aujourd'hui date appliquée abstention sl mari industrie hôtelière cadre de haut niveau perdu beaucoup de bonus de salaire petite entreprise industrie hôtelière perdue salons professionnels en raison de covid sl accordé abstention appliquée modification de prêt regarder voir virus l'industrie récupérerait suffisamment besoin d'assistance supplémentaire demande envoyée via un diviseur de cahier à reliure rigide en s'assurant de couvrir tous les détails chaque document demandé a reçu d'innombrables demandes signer le document main renvoyer la date du document main renvoyer renvoyer doc a dit envoyer la chose a commencé se sentir comme une tactique de décrochage constamment assuré que tout ok même dit à plusieurs reprises que tout ce qui était nécessaire recevrait une lettre indiquant que tout a été examiné le document d'assistance n'est jamais venu temps de document envoyé à l'aide du portail télécharger le document nommé, y compris le numéro de compte, la date, toujours afficher le document en attente, passé une heure de fermeture, un homme du service client est allé doc envoyé, en a trouvé un, dit la personne envoyée examinant le doc, la personne n'arrêtait apparemment pas de dire que le document envoyé était déjà tout le temps demandé, poussez le montant de l'abstention, fin du prêt",retard_livraison,elevee
lettre envoyée concernant une chose inconnue et inexacte rapport de crédit un jour plus tard réponse reçue mais avoir l'impression d'avoir profité ignoré section de litige échec clairement déclaré enquêter sur l'article dans la journée donner la raison supprimer immédiatement l'article rapport de crédit jour supprimé rapidement exiger le compte supprimé immédiatement déposer un litige en raison du stress causé informations également impactées violation de données peut avoir la main d'une mauvaise personne,retard_livraison,critique
"reçu une offre de règlement au nom d'ascendium offrant un règlement de la dette étudiante chèque par la poste processus d'achat agent de prêt immobilier appelé dire département éducation rapport montant du prêt étudiant toujours impayé appelé biche dit ne pouvait rien dire prêt placé agence appelée donné message vocal laissé message rappelé plus tard réception rappel envoyé message vocal laissé un autre message fermé week-end lundi appelé donné message vocal laissé un autre message appelé deuxième fois jour réception rappel transféré dit impossible d'accéder aux informations transférées un autre bureau a reçu un message vocal laissé message reçu rappel rappelé mais dit à la réceptionniste vraiment besoin de parler quelqu'un a transféré la messagerie vocale a laissé un autre message je reçois de l'aide l'agence ne peut pas même parler à quelqu'un prouver que la dette payée par le ministère, l'éducation n'aide pas non plus à rentrer à la maison",retard_livraison,elevee
reçu de nombreuses demandes autoriser un ajout récemment signalé informations de paiement en retard un jour inexactes paiement en retard effectué compte de paiement même attribué de manière inexacte une autre entreprise a envoyé une déclaration compte d'accès bloqué parlerait compte appelé appelé parlé de nombreux représentants enfin le gestionnaire est enfin capable d'obtenir la correction de l'erreur le gestionnaire a promis le rapport de crédit serait corrigé faxé même envoyé une lettre certifiée concernant l'affaire,retard_livraison,elevee
crédit apparemment appliqué boutique en ligne wayfair commandé quelque chose même savoir apparaît carte de crédit émise utilisation magasin vu société de rapport de crédit appelée comenity a signalé facture de paiement jamais reçu indice de facture aller essayé d'appeler le numéro de téléphone société de carte de crédit toujours pendre demander une preuve d'achat enfin pure frustration payé facture obtenir rapport de crédit demander cfpb s'il vous plaît trouver obtenir un rapport commande passée rapport de crédit propre société de carte de crédit excellent crédit s'il vous plaît aider,retard_livraison,elevee
vérification de la méthode déposée litige agence d'évaluation du crédit concernant des informations inexactes rapport de crédit rapport de crédit jamais reçu notification concernant le résultat de l'enquête vérification de la méthode déposée se conformer au bureau de crédit toujours recevoir une réponse litige initial,retard_livraison,elevee
Suntrust compte fermé raison sans avertissement réclamation nécessaire vérifier le fonds est venu envoyé une copie du relevé bancaire du compte de mandat-poste a dit que ce n'était toujours pas suffisant à chaque appel obtenir une réponse différente ce qui se passe même a parlé employé nommé dit le montant du chèque solde restant compte trouver plus tard vrai fan reçu chèque dernier chèque de paie déposé un autre chèque un compte d'épargne à chaque appel obtenir une réponse différente ce qui se passe même parlé employé nommé dit montant du chèque solde restant compte trouver plus tard vrai fonds reçu chèque dernier chèque de paie déposé un autre chèque un compte d'épargne luttant contre trois mois d'emploi perdu à cause de covid bord perdre la maison due fonds retenu,retard_livraison,elevee
"L'externalisation convergente des consommateurs protégée par le gouvernement fédéral a violé la disposition de l'USC, veuillez consulter la documentation ci-jointe.",retard_livraison,elevee
envoyé le montant du paiement chasser le relevé de compte reflété le paiement reçu comparer le changement de solde déterminer le paiement appliqué la différence de solde un relevé ajouter ensuite soumis manquant contacté chasser a déclaré qu'il aggraverait le problème simplement demandé continuer à effectuer le paiement,retard_livraison,elevee
ridicule au milieu de la pandémie de coronavirus bien fargo numéro limite en ligne faire bien fargo site Web essayé d'effectuer le paiement le compte de carte de crédit bien fargo a reçu un message d'erreur indiquant le nombre dépassé le paiement en ligne a ensuite été appelé tentative de paiement par téléphone déconnecté aller succursale effectuer le paiement préférerait le cas de coronavirus en hausse zone géographique noté paiement en retard en essayant d'effectuer un paiement supplémentaire payer le solde complet le mois prochain la société de carte de crédit bien fargo est consciente du nombre limite de paiement en ligne,retard_livraison,elevee
"choqué examiné rapport de crédit semaine trouvé plusieurs inexactitudes rapport de crédit une grande société de recouvrement de crédit n'a jamais traité tenté plusieurs fois ratifier le problème créancier d'origine bureau de crédit rapportant toujours des informations inexactes et invérifiables article contesté agence d'évaluation du crédit rapporté compte confirmé valide honnêtement croire jamais relation agence de recouvrement créancier d'origine également plusieurs inexactitudes compte manière de rapport violation totale fcra fdcpa règlement de la loi bonne foi effort résoudre l'affaire à l'amiable doit exiger une preuve de dette spécifiquement alléguée contrat instrument portant signature bien preuve autorité matière absence de preuve doit corriger le rapport erroné dette passée demande d'écriture de mine s'il vous plaît fournir les informations suivantes, veuillez prouver l'autorisation usc e usc f autorisation de la matière présumée autorisation de collecte de lois autorisation de collecte de dettes présumées veuillez prouver l'autorisation entreprise exploiter l'état veuillez prouver la preuve de la dette présumée, y compris les instructions de contrat présumées",retard_livraison,critique
récemment aller vérifier une nouvelle voiture soigneusement considération décidé appliquer un prêt voiture moment plus tard refusé taux d'intérêt inférieur approuvé taux d'intérêt extrêmement élevé chèque promu rapport de crédit avis couple rapport d'article mien article besoin rapport de crédit supprimé,retard_livraison,elevee
ga amerifinancial solutio mi compte de recouvrement peut concerner la lettre envoyée avis de réponse envoyé société surtout en raison de rapports erronés bureau de crédit impact très négatif rapport de crédit personnel veuillez aviser refus de payer avis envoyé conformément à la loi sur les pratiques équitables de recouvrement de créances usc sec b réclamation contestée validation demandée demande de vérification preuve d'adresse postale demande de validation effectuée conformément à la section du titre demander respectueusement au bureau de fournir des preuves compétentes obligation légale payer veuillez fournir l'argent suivant dire devoir expliquer montrer calculé dire devoir fournir une copie papier montrer convenu payer dire devoir fournir une copie de vérification jugement applicable identifier le créancier d'origine prouver délai de prescription compte expiré montrer la licence collecter l'état fournir le numéro de licence agent enregistré temps de service informer également le bureau a rapporté des informations invalidées l'action majeure du bureau de crédit pourrait constituer une fraude loi de l'état fédéral fait dû marque négative trouvée rapport de crédit société société représente hésitation,retard_livraison,critique
voir ci-joint usps rtr formulaire article reçu usaa service de carte de crédit tx usaa reçu voir ci-joint lettre d'enquête criminelle des États-Unis datée de la livraison usps effectuée zip voir ci-joint lettre de réclamation pour fraude par carte de crédit date de réclamation enquête terminée un mois plus tard voir ci-joint ftc cas de vol d'identité confirme le problème original usaa fournir l'accès dû veuillez noter pouvoir envoyer le document usaa payer avocat mail usaa douleur physique douleur émotionnelle douleur financière endurer cfpb fournit un accès facile et convivial fournir usaa seconde temps représentant des États-Unis département de fraude dit aucun document fourni voir également la réponse du commerçant ci-joint adresse IP adresse de livraison tiers usaa accès au téléphone bloqué accès à la ligne de puits usaa fournit un accès soudainement vérification du téléphone question capable appel vérifié représailles,retard_livraison,elevee
payé tu as réclamé payé le dernier paiement informations faxées dit nécessaire veux dire l'année dernière rapportant chaque mois un retard de paiement nuisant au crédit déjà contacté cependant,retard_livraison,elevee
effectué le paiement intégral paiement intégral paiement par câble intérêt du principal à la place de la citadelle appliqué paiement partiel frais de retard sans consentement quitter le paiement à rayons courts le superviseur a déclaré le paiement inversé faisant le compte en cours jusqu'au mois appliqué l'assistance hypothécaire s'attendre au prochain paiement dû report de paiement pardon la citadelle a dit qu'elle placerait le remboursement du mois prêt a parlé paiement de la citadelle inversé le superviseur a dit dit à cause totalement incorrect besoin corrigé,retard_livraison,elevee
hôpital soigné fille extrêmement malade entreprise appel continu offre d'aide prêt jamais expliqué qui paierait le temps emprunté payer bien emprunté appelé demander le solde réponse élevée payer le solde partie des intérêts arrêté de payer changer de compte bancaire veut que l'entreprise supprime le relevé mensuel paiement en retard compte fermé deux ans d'attente paiement mensuel,retard_livraison,elevee
chasser le mois dernier continue commodément perdre le paiement appliquer le temps de paiement la société de paiement en ligne a dit savoir appelé à plusieurs reprises date correcte accumulant des intérêts incorrects solde incorrect frapper les frais de retard facture payante société utiliser appelé indiquant l'envoi du paiement dans la journée paiement date d'échéance l'année dernière perte de paiement facturant les frais de retard du client ajustant le solde en conséquence bien les intérêts payés solde ajusté dû voir l'image ci-jointe ajouté frais de retard paiement du compte posté période de grâce date de paiement afficher le paiement correct reçu date de paiement en retard raison prendre semaine livre paiement payé envoyé semaine payé envoyé semaine xxxxxxxx payé envoyé semaine xxxxxxxx toujours envoyé paiement semaine année reflété date d'échéance frappé frais de retard intérêts incorrects appliqué fou besoin d'aide se faire corriger,retard_livraison,elevee
vous a envoyé une facture de fin de bail de voiture divulguée voiture transformée concessionnaire local xxxxxxxx vendu véhicule d'origine originaire location véhicule retour retardé mois déménagement maison covid mise à jour adresse ensuite envoyé frais fin de bail recevoir facture déplacée transmise usps prédateur injustement rapporté jour de paiement en retard score de crédit affecté négativement refuser renoncer au rapport de crédit négatif comprendre déplacé traiter pandémie deux contribuable qui travaille dur travaillant à la maison essayant d'élever un enfant travaillant grossièrement injuste première place même injuste refuser rapport de crédit correct,retard_livraison,elevee
prêt consommateur de santander toujours effectué délai de paiement raison réalisé paiement en retard rapport de crédit voir toujours une société d'enregistrement de paiement stellaire essayé de contacter le consommateur de santander résolution réussie,retard_livraison,elevee
en direct est allé va entreprise carte utilisée au retour ky essayer vérifier le compte du solde ne pouvait pas se souvenir du mot de passe appeler le service client obtenir réinitialiser le retour redirigé service de fraude a dit soumettre une preuve d'identification établir le retour d'identité par e-mail une heure plus tard à minuit compte fermé disant que l'identité n'a pas pu être vérifiée carte sociale certainement e-mail dit aller adresse du titulaire de la carte du fonds de courrier dans le jour ouvrable bien attendu appelé service client assuré oui fonds à venir appelé fonds notifié en fait envoyé vec virginia employ commission fonds transaction absolument frauduleuse voir envoi du dernier dépôt vec solde du compte complet remboursement incitations fiscales chèque déposé compte compte en règle envoyer le compte entier vec a retenu l'avocat atteint l'homme nommé dit vec a signé un chèque aujourd'hui rien de vérifié un avocat répondant a dit que le chèque serait encaissé le jour rien l'avocat essayant d'obtenir des fonds envoyés dès que possible lettre certifiée émise vec avocat essayant d'obtenir une réponse concernant le problème rien de répondu encore besoin de réponse att,retard_livraison,elevee
rapport inexact retard de paiement rapport de crédit varie bureau bureau paiement incorrect paiement en retard numéro de représentant du téléphone paiement transposé retourné impayé remarque jamais tenté de compte appelé question point d'aller représentant s'est excusé paiement resoumis compte surveillé assurez-vous effacé le mois prochain xxxxxxxx compte fermé essayé litige d'appel statut de paiement en retard déconnecter automatiquement l'appel enregistré déclaration dire enregistrer afficher le compte solde nul appel réouverture demande terminée signal occupé enfin capable enregistrer le compte ouvert chat dit courrier lettre litige lettre envoyée par la poste occasion différente lundi a parlé représentant a dit incapable d'aide nécessaire courrier encore une autre lettre capable conflit de travail entreprise sélectionner au hasard le mois montrer en retard le paiement varie bureau bureau terrible loi sur le service client voir le rapport de crédit ci-joint valider la différence,retard_livraison,elevee
"ouvert un nouveau compte professionnel nom de la société créé un chèque déposé à l'ordre numéro de chèque émis une lettre de poursuite indiquant que le compte est bloqué, les fonds sont gelés depuis, veuillez être conscient du chèque, les fonds encaissés sont disponibles mais libérés, rendu accessible contacté le banquier personnel, directeur de succursale, bureau de conformité, bureau de conformité, adresse indiquée, chèque rendu payable, fichier d'adresses de correspondance, ca à la place, adresse ca, libérer le fonds, adresse expliquée, adresse de travail, a même donné une copie du contrat de travail indiquant l'adresse de travail, jour depuis l'arrivée, choix, déposer une plainte, escalader, s'il vous plaît, aidez-moi",retard_livraison,elevee
voir plusieurs jours de retard marquer une violation claire du droit fcra la société n'a jamais répondu tenter d'obtenir une preuve de documentation prouver que le compte a été rapporté avec précision,retard_livraison,elevee
informé entreprise contact RH société de prêt soleil il a travaillé essayé manipuler RH saisie-arrêt salaire autorisation légale a écrit une lettre prêt soleil entreprise souhait chose prêt soleil représente obtenu verbalement agressif méchant RH gestionnaire des ressources humaines exigeant prendre numéro de salaire situation d'information prêt soleil est arrivé bien que la dette ait chuté apparemment n'a pas ajouté de compte d'intérêt ne réclame pas la validation de la dette due procédure illégale essayé de collecter je suis inquiet pourrait essayer de déranger mon travail j'essaie de protéger l'avenir financier,retard_livraison,elevee
"Navient continue de signaler un rapport de crédit en retard même si le compte a été facturé au créancier d'origine il y a un an, effectue en outre une enquête sérieuse non autorisée sur le compte mensuellement, chaque mois, action ensemble continue d'apporter des scores surpuissance harcèlement inutile empêche l'obtention de crédit faible taux d'intérêt",retard_livraison,elevee
limite de carte de crédit date d'échéance toujours automne mois solde payé dollar jamais payé avis disponible solde est devenu disponible toujours en disant dû le lendemain toujours pas de mise à jour appelé demander quel est le problème dit système mise à jour du jour mise à jour appelé en disant délinquant étant donné les frais de retard dit système toujours à jour corrigé prochaine chose vérifié crédit signalé n'a pas payé la carte de crédit disant également utilisé pourcentage de crédit disponible n'est pas vrai crédit point de chute de crédit j'ai contacté l'agence de crédit bancaire refusant de réparer également falsifié effectué le paiement dépôt par carte de crédit besoin d'aide pour corriger le problème criminel,retard_livraison,elevee
"peut concerner l'écriture d'un litige concernant le montant du compte de charge frauduleuse, le vol d'identité de la victime, autoriser la charge demandant la suppression des frais financiers, montant frauduleux crédité, bien recevoir une déclaration précise, demande faite conformément à la loi sur la facturation du crédit équitable, amendement de la loi sur le prêt de la vérité, voir également b, demande d'écriture, méthode de vérification, litige initié, réponse ultérieure reçue lettre jointe, section fcra demandant l'examen des informations, exhaustivité, exactitude, pertinence, lieu d'envoi d'informations, rouvrir le litige, garantir une enquête appropriée effectuée, apprécierait une réponse en temps opportun, décrivant l'étape se produire, résoudre l'affaire, recevoir une réponse, choix, exercice, droit, section frca, poursuivre une action en justice, compte fermé, compte ouvert, compte à solde ouvert, compte à solde ouvert compte solde ouvert",retard_livraison,elevee
"longue histoire voiture courte bientôt ex mari inscrit enregistrement méchant divorce arrêterait de payer payer le temps obtenu jour affecter le crédit bien finalement trouvé voiture utilisant un enquêteur privé remorqué vendu vendeur privé payant solde chèque compensation date d'échéance extatique enfin pourrait arrêter de stresser crédit montré rapport de crédit paiement tardif envoyé lettre santander litige précoce refusé envoyer enregistrement de paiement montrer fait temps déposé obtenu refusé atteint santander chat fonctionnalité santander représentant effectivement convenu fait temps envoyer gestionnaire escalader gestionnaire appelé convenu paiement fait temps cependant expliqué appel surveillé espoir effectué paiement obtenu jour mois santander Je n'ai jamais pu signaler un paiement effectué en retard, le paiement final autorisé apporter le compte actuel, j'ai cherché le dossier, j'ai dit quelque chose, un paiement en retard a dit, c'est bien, veuillez mettre à jour le rapport de crédit, bien que le mari n'ait pas montré la date d'audience, il pourrait potentiellement montrer une utilisation de la preuve du rapport de crédit, une réclamation de crédit inquiet, mais un mois de voiture remorquée, vendre un mois, un jour, je veux quel que soit le mois tardif, celui montré a dit le rapport de crédit.",retard_livraison,elevee
touché financièrement pandémie perte de revenu famille contactée well fargo a demandé de l'aide retarder le processus hypothécaire convenu retarder le mois de l'hypothèque le temps pourrait voir le paiement admissible déplacé fin prêt responsable faire le mois entier paiement manqué contacté déplacer le paiement demandé fin prêt serait financièrement capable d'effectuer le paiement au lieu de pouvoir effectuer le paiement essentiellement mois de paiement en retard point voulu ajouter la fin du prêt étalement du mois début placé abstention de paiement a déclaré rapporter le prêt en retard frais de retard bien que correct reporté prêt abstention également impact négatif rapport de crédit trois agence d'évaluation reçu avis bien fargo place commentaire abstention faire paiement impacté agence de notation de crédit plus point mauvaise pratique commerciale sentir exploiter les failles de la loi sur les soins permettre l'option hypothécaire besoin de peu de planification du consommateur reprendre le paiement,retard_livraison,elevee
rapport du mois de l'entreprise inexact invérifiable chose erronée rapport de crédit ruiner le pointage de crédit entreprise malade pointage de crédit ruiné mauvais obtenu prêt refusé maison fournir famille marque désobligeante facture médicale compte de recouvrement dérogatoire répertorié rapport de crédit incorrect le mien simplement vérifier quelqu'un utilisé nom numéro de sécurité sociale adresse insuffisante confirmer personne question doit dette tribunal a statué hinkle Midland différend de gestion du crédit enquête ultérieure créancier original collectionneur bureau de crédit le collectionneur original doit fournir la documentation tiendrait présenté au jury signifie contrat original preuve similaire fin exigeant facture détaillée inclure diagnostic limité procédure effectuée date de facturation ladite procédure coût médicament peut fournir un coût dispositif médical peut fournir une visite au bureau consultation visite à l'hôpital divers la personne doit une facture au courant de la fourniture des informations demandées peut conduire à une divulgation par un tiers une violation de la hipaa poserait un problème à mon consommateur par fcra fcpa requis représentant complet de la police,retard_livraison,critique
obtenu une marque désobligeante trois rapport de crédit victime vol d'identité écriture demande bloquer suite à des informations frauduleuses rapport de crédit idée le vol a eu lieu également connaissance suspect recevoir de l'argent bon service résultat vol d'identité informations rapporter transaction effectuée copie jointe rapport de vol d'identité plus copie jointe section b acte de rapport de crédit équitable détail responsabilité bloc informations frauduleuses rapport de crédit vol d'identité résultant s'il vous plaît laissez savoir besoin d'information bloc information rapport de crédit compte supprimé réinséré sur le rapport de crédit réapparaissant société de récupération améliorée,retard_livraison,elevee
"reçu relevé mensuel nelnet détaillant les frais d'intérêt nelnet ne relevé d'intérêts taux d'intérêt quotidien taux d'intérêt avril appliqué solde approximatif taux d'intérêt quotidien égal approximativement relevé indiqué multipliant le taux d'intérêt quotidien jour jour montant maximum d'intérêts pouvant être facturés en fonction du solde dû serait approximatif du montant facturé le mois dernier en fonction du calendrier de paiement nelnet montant des intérêts facturés relevé indiqué moins les frais d'intérêt normaux intérêt égal soutien au taux d'intérêt annuel contacté nelnet à trois reprises par téléphone en soirée deux fois par e-mail longue conversation le représentant a mis en attente à plusieurs reprises le gestionnaire consulté a aidé à résoudre le problème nelnet a indiqué qu'il enverrait des détails concernant les frais d'intérêt par courrier électronique nelnet a fourni des détails nelnet a répondu à une demande par courrier électronique nelnet a donné une formule pour calculer les intérêts, mais en utilisant la formule, montant du support, intérêts facturés, diviser le montant des intérêts facturés, frais d'intérêt journaliers, un relevé égal indique un intérêt quotidien incapable de recevoir un traitement direct.",retard_livraison,elevee
"peut concerner le nom atteindre concernant le prêt automobile banque prêt automobile résoudre le problème créé lui-même première place problème de début assurance fait couverture véhicule prêt à temps plein accès bloqué compte en ligne chèque de trésorerie envoyé par courrier paiement de voiture mettre reprise de prêt auto essayé d'atteindre le représentant de la direction dit à la direction pourrait aider dit acheter une assurance le mois précédent commander prendre reprise de prêt auto frustrant temps entier couverture d'assurance prêt voiture qui arrive temps frappé pays membre de la famille malade fait chose encore pire combattu quelques mois finalement admis erreur système confirmé en effet couverture prêt auto à temps plein annulé frais supplémentaires laisser devenir prêt actuel réparer rapport de crédit crédit promis épuisé litige atteint crédit le bureau a dit que la fin du correctif depuis le mois écoulé a pris des mesures extrêmement difficiles à atteindre, le problème de la commande serait s'il vous plaît atteint les actes répréhensibles ruinant le crédit sans réparer le rapport de crédit, capable de voir le rapport de crédit, ne jamais payer en retard, merci",retard_livraison,elevee
tentative d'achat de vernis à ongles payé reçu achat premier e-mail allé paypal daté paypal a répondu dire encore attendre le produit pourrait s'aggraver problème toujours recevoir le produit envoyé par e-mail paypal recevoir de l'aide le problème mentionné l'escalade se produit contacté paypal a demandé d'autre besoin d'escalader le problème car l'e-mail recevant l'e-mail standard concernant l'escalade est resté sur le site envoyé par e-mail à une autre partie du site demandant le lien du processus d'escalade notant l'e-mail précédent paypal envoyé par e-mail dire que le dossier fermé pourrait être rouvert depuis l'escalade affaire en colère jour envoyé par e-mail numéro de téléphone gauche résolution jour reçu assistance réponse reçue assistance à la rédaction du produit,retard_livraison,elevee
contacté un fl principal effet dû covid malheureusement subi un revers société libérée en raison d'une pandémie demandé prendre un salaire direct le revenu pouvait se permettre d'effectuer le paiement deux dates de prêt prévues rédigées dirigé leur site Web capable d'appeler tous les deux jours vérifier leur paiement expliqué travailler essayer gain réemploi dur temps lutté trouvé moyen effectuer le paiement en retard le dernier autour sans autorisation rédigé compte en dollars non inscrit paiement direct envoyé frais bancaires négatifs rendant la position pire réclamation aide essayer temps la réalité pourrait s'en soucier le remboursement argent non autorisé illégalement pris en compte,retard_livraison,elevee
solde payé en entier en soumettant le solde de paiement a montré le solde remarqué fin du pointage de crédit a continué à baisser le solde de la carte à l'insu bientôt trouvé le solde payé jamais un paiement en retard jamais pénalisé dans une mesure ridicule pointage de crédit solde réduit,retard_livraison,elevee
"nelnet reporting retard de paiement différent compte rapport de crédit abstention de compte temps payé consolidation complète précédemment contesté réponse antidatée abstention antidatée abstention administrative modifier précédemment fourni rapport d'obligation incorrect information correcte conscient accordé abstention période de temps donc rien dû temps donc rien de retard rapport incorrect période tardive correction mise à jour supplémentaire des informations affectant considérablement le crédit mise à jour préjudice nelnet way payé complet même détenir le prêt plus long besoin résolu dès que possible venir directement département éducation incident précédent comme section fcra adresse devoir correct mettre à jour les fournisseurs d'informations personne fournir des informations agence d'information sur les consommateurs bureau de crédit de l'arc, une section particulière exige que la personne fournisse des informations sur l'agence d'information sur les consommateurs que la personne détermine complètes et exactes aviser rapidement la détermination de l'agence d'évaluation des consommateurs fournir les informations nécessaires rendre complète et exacte donc faire face à la disposition re",retard_livraison,elevee
"supprimé l'historique des paiements en retard informations de paiement en retard compte fermé il y a un an, fourni à plusieurs reprises copie de l'agence d'évaluation du crédit indiquant la suppression du retard de paiement agence d'évaluation du crédit par téléphone fournissant également un litige écrit via le site Web information du mois rapport d'erreur toujours rapport transunion toujours supprimé historique supprimé toujours supposé supprimé historique paiement le long de la notification paiement en retard également joint copie lettre supprimant les informations de paiement en retard historique du compte écrit",retard_livraison,elevee
retard de paiement signalé de trois jours après paiement en retard de deux jours en plus signalé paiement en retard d'un jour paiement en deux temps effectué en plus paiement en retard d'un jour signalé paiement en retard de deux jours séquence signalée temps de retard de paiement possible manière possible délai de paiement suivi paiement en retard de deux jours paiement sauté jour supposé retard de paiement rapport dommageable supprimer immédiatement,retard_livraison,critique
visité oh persuadé devenir membre coût d'adhésion par mois dit au membre pourrait visiter la clinique le mois recevoir un peeling chimique microdermabrasion valeur d'échange frais d'adhésion payé excité profiter de l'adhésion visite mensuelle recevoir un traitement déclaré nouvelle épidémie de coronavirus pandémie mondiale immédiatement après la déclaration mois fermé citant un problème de sécurité au milieu d'une pandémie en raison d'une restriction fédérale locale interdite fournir un service standard au client normalement fournir le jour fournissant toujours un service majoritaire par site Web mais toujours en charge membre disant que le membre pouvait utiliser le crédit d'argent bancaire utilisé plus tard contacté l'année dernière essayé problème de travail concernant capable entretenu toujours payant le superviseur est revenu en avant la résolution a fait un appel téléphonique essayé d'obtenir un service coûteux n'avait pas besoin d'être déposé malgré citibank espérant aider citibank atteint le commerçant a donné le jour répondre le commerçant a répondu contrat général de citibank nom réel signature présent capture d'écran correspondance différend mûr erreur falsification date fait un po,retard_livraison,critique
contacté liberté produit hypothécaire qualifié appelé rationaliser l'hypothèque dit processus assez transparent fait assez rapidement remplir la paperasse envoyer jamais dit contester le processus crédit vérifié paiement mensuel irait pouvoir profiter de sauter le mois de paiement tout sonnait bien terme accepté présenté processus commencé en particulier sauter l'option de paiement changement prévu emploi dans un futur proche payer l'hypothèque un mois avantage bénéfique le temps a été reçu prêt document signé semblait tout se passait bien commencé avis on suivrait a commencé à travailler défenseur du client expliqué la signature du document la prochaine étape semblait être le temps fermer aller nouveau prêt reçu document signe signé différent document deviendrait frustrant mois se terminerait penser que le prêt fermerait le temps on suivrait passé est venu problème dû retour paiement de la pension alimentaire pour enfants incorrect corrigé pensée ok enfin fermer obtenir un appel téléphonique se souvenir de la date expliqué tout avait l'air bien demandé faire le paiement hypothécaire signer le processus en cours,retard_livraison,elevee
"supprimé le gel du crédit transunion tardivement xxxxearly pourrait appliquer une nouvelle carte de crédit également explorer le refinancement du taux d'intérêt prêt étudiant taux d'intérêt crise financière supprimé le gel via le site Web, mais est rapidement devenu apparent gel supprimé la carte de crédit prêt étudiant l'institution financière a pu récupérer le crédit dû gel place transunion appelé transunion a dit problème d'appel téléphonique en raison d'un volume élevé placé heure d'attente n'a jamais atteint personne n'a commencé à communiquer transunion via Asktu via la conversation a commencé le jour du fichier communiquer à quelqu'un via la méthode problème toujours non résolu transunion promis le problème serait résolu dans l'heure revenir en arrière une heure plus tard promettant de supprimer le gel du crédit représentant disant problème fin prouvé capture d'écran la transunion continue de rapporter le statut de crédit inconnu site Web application a essayé d'appliquer une carte de crédit refusée recevoir une lettre d'appel indiquant le fichier de gel du crédit transunion sentir le crédit tenu en otage société plusieurs semaines contrôler le crédit une capacité de l'entreprise tenir le droit d'appliquer un crédit un temps sans précédent sentir la transunion pe",retard_livraison,elevee
récemment essayé sans succès banque américaine supprimer une entrée incorrecte rapport de crédit contesté à plusieurs reprises boa continue de dire correct sans enquête ne devait pas d'argent boa et jamais de paiement en retard encore date selon le rapport de crédit pourtant boa refuse à plusieurs reprises supprimer l'entrée correcte j'aurais également travaillé dur pour reconstruire le crédit le divorce a causé la faillite je suis entièrement nourri d'absurdités n'est pas pris au sérieux la prochaine étape une action en justice c'est une menace promise corrigée,retard_livraison,elevee
femme acheté objectif d'appareil photo nom de l'article montant total en utilisant la caisse citi carte de crédit se terminant joint minute obtenu email paypal disant obtenu remboursement achat attaché supposé vendeur annulé transaction retourné argent savoir raison attendu jour voir crédit retour carte de crédit envoyé par e-mail au vendeur ebay vendeur réponse compte piraté jamais réellement vendu article demandé contacter ebay attaché conversation problème voir pièce jointe bien obtenu remboursement par e-mail paypal infructueux voir essayé arrêt de contact en raison de la pandémie temps autour ouvert litige de carte de crédit article annulé depuis obtenu confirmation de remboursement argent remboursé entre-temps a continué à contacter ebay on a aidé litige existant traité carte de crédit obtenu e-mail crédit de carte de crédit litige refusé raison mentionnée appelé demandé demandé examen cas demandé changement article du cas jamais reçu litige carte citi demandé document soumis copie papier du document envoyé via usps numéro de suivi mois jour refusé cas disant document jamais reçu dossier fermé sans remboursement appelé carte citi fait appel cas dit sen,retard_livraison,elevee
au chômage depuis une catastrophe naturelle appelée informer la circonstance donnée option reporter le paiement un mois après l'appel demander un ajournement toujours disponible dit oui recevoir l'appel la société signifie que le paiement approuvé serait dû lors de la vérification du rapport de crédit la société n'a jamais appelé informer le paiement en retard le paiement résultant va au-delà du jour de retard causé un impact négatif date du rapport de crédit signalé en retard de paiement montant du mois essayé de résoudre le problème l'entreprise conteste bien le bureau de crédit déclarant en raison d'une catastrophe naturelle client exceptionnel avant l'épidémie de coronavirus,retard_livraison,elevee
"deuxième année, synchronisation de la banque a automatiquement changé de personne relevé en ligne à moins que la réponse par courrier électronique relevé en ligne soit effectuée demande plutôt forçant le client opte pour le relevé en ligne opte pour le relevé imprimé cause des frais de retard paiement manqué dommages historique de crédit trompeur",retard_livraison,elevee
"demande de réponse tradeline répertorié dossier de consommateur personnel lié potentiel dette négative référencée conscient droit de l'entreprise rapport dette crédit bureau juge nécessaire en outre capacité changement liste puisque fournisseur d'informations malheureusement article négatif rapport factuellement précis marque négative bien dans le droit même dommages solvabilité accordée juste pratique de recouvrement de créances acte rempli droit litige dette aujourd'hui compte fermé voir raison tradeline reste fichier accepter maltraiter chaque commerçant rapport activité de crédit moyen prêteur rapport trois agence un là-bas obligation légale rapport commerçant informations de crédit ne jamais signaler l'activité complètement volontaire ajout chaque vendeur exemple de crédit d'entreprise médecin ne rapporte généralement pas l'activité de paiement agences d'évaluation du créditsauf si envoyer point de l'agence de recouvrement de factures montrer probablement le rapport de crédit loi sur la dette impayée, mais activité dirigeante signalée loi sur l'information sur le crédit équitable créée cadre juridique agence d'évaluation du crédit décrit droit consommateur welli",retard_livraison,elevee
"copie récemment obtenue des informations sur le dossier de crédit concernant la transaction effectuée, demande de compte complètement supprimé dossier de crédit bloqué litige régulier déposé plainte de la commission fédérale du commerce document de la victime vol d'identité veuillez bloquer les informations frauduleuses selon la section f loi sur les rapports de crédit équitables demandant le compte frauduleux suivant supprimé le dossier de crédit bloqué",retard_livraison,elevee
peut concerner l'écriture litige montant du compte de frais frauduleux vol d'identité de la victime autoriser la charge demandant la suppression des frais financiers liés au montant frauduleux crédité bien recevoir une déclaration précise demande faite en vertu de la loi sur la facturation du crédit équitable amendement de la loi sur le prêt de vérité voir aussi b compte fermé acct compte à solde ouvert acct compte à solde ouvert acct compte à solde ouvert compte de collecte acct compte à solde ouvert acct compte à solde ouvert acct compte à solde ouvert acct compte à solde ouvert acct compte à solde ouvert,retard_livraison,elevee
contester le rapport de crédit du compte de fraude depuis continuer à envoyer plusieurs lettres d'excuse du bureau se produire en outre lettre certifiée lettre de suivi montrer signée livrée mais le bureau prend toujours des mesures compte montrant le litige supprimé rapport demandé enquête initiée également preuve vérifiable soumis compte réclamation le mien a reçu un courrier montrant une preuve vérifiable nécessaire justifier le rapport de compte même reçu une lettre indiquant que l'enquête a commencé par le processus de loi fédérale fcra supposé un jour plus tard toujours bombarder de l'argent courrier certifié fin vue résultat montrer la dernière option prendre un avocat poursuivre en justice l'indemnisation complète des dommages subis,retard_livraison,elevee
chasse à la carte de crédit fin de la banque utilisé période de facturation temps états unis zone de l'état du tri pour new york new jersey dévasté pandémie corona virus covid mille new york new jersey résident décédé encore en train de mourir activité régulière affaires scolaires banque paralysée succursale fermée service pandémie en raison ordre d'urgence peur mort mis en quarantaine maison prendre soin de l'enfant relatif appris institution financière y compris entreprise de service public société du gouvernement fédéral de l'état a fourni un allégement de paiement en particulier prêt étudiant hypothécaire pénalité de paiement par carte de crédit facturée la banque est devenue publique offre de secours appel de secours ligne appelée ligne heure d'attente plusieurs fois réalisé impossible obtenir de l'aide pour chasser une succursale locale personnel indisponible la poursuite a échoué à fournir un relevé de facturation par courrier électronique malgré la fermeture de la poursuite fournissant un service limité paiement effectué par le client presque impossible,retard_livraison,critique
lettre reçue Chase Bank annulant unilatéralement le compte personnel associé comprend la mère nièce enfant annulé carte de crédit date lettre déclarée résiliation relation bancaire serait efficace la banque a fourni une explication refusée communiquer concernant le problème relation Chase année bancaire plusieurs entreprises compte personnel institution montant global actif Chase Bank substantiel membre certifié appartenant à une femme trouver traitement discriminatoire échec fournir explication opportunité guérir irrégularité perçue mauvaise conduite institution,retard_livraison,elevee
"dernières années ont tenté d'obtenir Equifax correct erreur de longue date rapport de crédit informations Equifax nom de femme mixte date de naissance la mienne cependant initiale du milieu numéro de sécurité sociale différent personne déclarante Equifax fichier de crédit Ssn bien compte de nombreux délinquants dernière tentative obtenir Equifax erreur correcte contestée données erronées via le mécanisme de litige en ligne Equifaxs cependant à la place de corriger l'erreur Equifax instruisant la société de contact aurait signalé des données erronées Equifax a essayé de contacter Equifax téléphone Discus différend cependant l'enregistrement du numéro fourni se connecterait à l'agent en direct s'est produit à différentes occasions pourrait ajouter un problème de rapport de crédit cependant, la société a corrigé le compte SSN erroné dans la journée",retard_livraison,elevee
plainte cooper dba nationstar hypothèque réglée cfpb enquête conjointe irrégularité pratique de gestion hypothécaire résolue actuellement mal gérée cooper voir les détails approuvés fha réclamation partielle terme réclamation requise couverture de fonds d'avance fha paiement hypothécaire contractuel montant total terme déclaré reprendrait le paiement mensuel normal d'abord approuvé expliqué spoc approuvé modification effectuer un nouveau paiement dû dans un jour ouvrable au-delà de irresponsable mais pourrait changer donc concédé accord signé revendiqué décision prise fha cooper informé a pris un jour processus finaliser la modification prêt rapport de prêt correctement attendu faire le premier paiement incapable d'appeler en ligne compléter le point de discussion divers représentants informer faire modification de paiement réclamation partielle finalisée attendu confiance gestionnaire de service gérer correctement également vouloir un impact négatif sur le rapport de crédit femme également prêt malgré le représentant disant rapport de crédit déclaration de confiance zéro précédemment contacté gestionnaire partie réclamation aucun représentant employer atténuation des pertes même genou,retard_livraison,elevee
prêt auto td auto finance paiement automatiquement retiré paiement du compte dernier paiement supposé comme le dernier paiement prendrait envoyer le titre deux mois se demandait vu titre appelé td auto finance dit faire le paiement final contrat écrit manuellement il y a cinq ans l'homme comprenant mettre arrive tout le monde prêt auto banque ne conteste jamais marque tardive rapport de crédit arrive tout le monde évidemment procédure trompeuse systématique mise en place recueillir des intérêts supplémentaires frais de retard,retard_livraison,elevee
agence de réparation de dettes contestée sans relâche informations incorrectes rapport de crédit contesté retard de paiement le créancier a accepté de renoncer aux frais de retard solde causé solde du compte solde gauche essayé sans succès paiement en retard supprimé rapport de crédit même fourni une preuve de changement de créancier compte inversé rapportant toujours un rapport de crédit négatif contesté trois bureaux de crédit reviennent toujours vérifié contesté,retard_livraison,elevee
chronologie charge frauduleuse jamais acheté quoi que ce soit atteint barclay par téléphone peut appeler enregistré tout dit relevé de fax le courrier a dit peut prendre deux mois correct depuis l'âge d'un an rien n'a jamais fait donné le numéro de dossier renvoyer la réponse par fax barclay a rappelé le service de fraude a dit n'a jamais reçu de fax envoyé une autre réponse par fax barclay a envoyé une copie physique réponse depuis atteindre plusieurs fois par téléphone portail de message sécurisé demandant d'y aller peut jamais donner une réponse directe continuez à dire soit le fax déjà fait à plusieurs reprises connais un problème pour recevoir le remboursement des frais frauduleux même fermer la carte précédente en raison de frais frauduleux,retard_livraison,elevee
fl créances performances wa compte peut concerner la lettre envoyée réponse avis envoyé société surtout en raison de rapports erronés bureau de crédit impact très négatif rapport de crédit personnel veuillez aviser refus avis de paiement envoyé conformément à la loi sur les pratiques équitables de recouvrement des dettes loi usc sec b réclamation contestée validation demandée vérification preuve adresse postale demande de validation faite conformément à la section titre demander respectueusement au bureau fournir des preuves compétentes obligation légale payer veuillez fournir l'argent suivant dire devoir expliquer montrer calculé dire devoir fournir une copie papier montrer convenu payer dire devoir fournir une copie de vérification jugement applicable identifier le créancier d'origine prouver la limitation de la loi compte expiré montrer la licence collecter l'état fournir le numéro de licence agent enregistré temps de service de l'agent informer également le bureau a rapporté des informations invalidées l'action majeure du bureau de crédit pourrait constituer une fraude la loi de l'état fédéral en raison du fait marque négative trouvée rapport de crédit société société représente hésiter apporter l,retard_livraison,critique
bon samedi tout le monde équipe de direction choqué compte rapporte toujours rapport de crédit rapporte toujours des informations incomplètes et invérifiables compte en effet vérifié enquêté rapporte toujours une date différente dernière activité impossible variation agence d'évaluation du crédit également incohérence historique de paiement exemple montrer le paiement marqué ok soudain montrer est allé statut de charge statut du compte historique de paiement nom incorrect dire tardif jour de retard charge correcte impérative ligne directrice fcra créancier fournisseur rapport informations précises nombreuses incohérences incorrectes informations incomplètes rendre le compte invérifiable violation signalée veuillez supprimer le compte immédiatement rapport de crédit,retard_livraison,critique
abstention due au covid perte de revenus liée à la clé abstention du directeur de succursale date anticipée d'envoi du paquet appelé département hypothécaire a dit de remplir le paquet attendre rappel atténuation des pertes plusieurs semaines est venu contacté représentant clé a parlé agent transféré département d'atténuation des pertes monsieur a répondu a expliqué le paiement serait dû jour période appel rationaliser le processus aurait lieu serait éligible ajouter paiement fin prêt également expliqué le département d'atténuation des pertes de tête obtenir le nom a parlé minute peur mois paiement deviendrait fin abstention travail dû mandat pennsylvanie a dit qu'il pourrait venir gagner le mois assuré inquiétude paperasse requise aujourd'hui reçu paperasse remplir le courrier appelé dit agent d'atténuation des pertes paiement fin due expliqué incorrect voudrait parler la personne a parlé confirmer obtenir des éclaircissements effrayé mort clé tenter de ramener à la maison nous avons année prudent clair abstention situation pourrait venir mois paiement assuré serait cas,retard_livraison,elevee
voiture financée payée en espèces repos financé effectué paiement requis prêt plus rapide représentant représentant d'accord paiement supplémentaire compté reçu paiement dû appelé demandé calculer le temps de paiement vu banque soumettre le paiement demandé annuler arrêter le paiement automatique paiement fait différent compte reçu notification diminution du crédit prêt auto signalé deux fois compte en souffrance non paiement causant une diminution du score appelé expliqué malade infecté dit fait paiement besoin recalculer le paiement effectué passé le temps demandé reporter le paiement malade travail capable promis faire le paiement reçu notification compte en souffrance appelé demandé réparer problème promis faire paiement effectué ordre de paiement cause problème rapport non paiement payé taux taux promis reporter le paiement à chaque fois appeler blâmer quelqu'un d'autre payer souffrance erreur envoyé notification en retard appelé demandé explication histoire dire désolé erreur système système permettre faire changement apporter compte ordre actuellement payé souffrir d'erreur demander notifier l'erreur de l'agence d'évaluation du crédit corriger le pointage de crédit,retard_livraison,elevee
"lettre envoyée concernant un rapport de crédit inexact et inconnu un jour plus tard, réponse reçue, mais les informations ont également eu un impact sur la violation de données, peut-être entre la mauvaise personne",retard_livraison,elevee
banque appelée informer un compte de débit inconnu recherché vérifier que le mien est correct appartenir plus tard reçu appeler un fournisseur de carte de crédit indiquant la chose savait immédiatement l'identité volée j'ai neuf compte créé j'ai obtenu une copie du rapport année nom anniversaire numéro de sécurité sociale utilisé compte ouvert le mien veuillez supprimer l'article rapport,retard_livraison,critique
fait litige experian concernant retard de paiement prêt étudiant atteint l'école d'abord dit litige retard de paiement experian atteint répondrait résultant experian suppression rapport de crédit premier litige ouvert litige résultat prêt changement fait rapport de crédit compte contesté temps inclus documentation résultat du litige prêt changement rapport de crédit appelé experian demandant retard de paiement retiré représentant a parlé documentation informée soumise jamais jointe cas demandé démarrer un autre litige inclure la documentation résultat prêt changement rapport de crédit crois experian reçu réponse école concernant paiement en retard prêt étudiant examiné documentation soumise depuis le premier litige jour écoulé retiré crédit enrôlé effectuer un paiement annuel pour preuve de prêt étudiant,retard_livraison,elevee
lettre envoyée concernant une chose inconnue et précise rapport de crédit le jour suivant reçu une réponse mais l'inquiétude semble prioritaire bien que j'en ai profité bien ignoré la section des litiges indique clairement l'échec enquêter sur l'article dans la journée donner la raison supprimer immédiatement le rapport de crédit le jour supprimé rapidement exiger le compte supprimé immédiatement déposer un litige en raison du stress causé les informations également impactées la violation peut avoir eu une mauvaise main,retard_livraison,critique
trouvé le site Web acheté payé numéro de suivi donné cependant le colis est arrivé étui de téléphone bon marché clairement payé appareil photo payant étui de téléphone fragile de plus en plus difficile obtenir un remboursement de la banque semble un arnaqueur par exemple assez frustrant vraiment besoin d'aide depuis reçu quelque chose refuser même étui de téléphone bon marché produit acheté produit incorrect essayé litige ouvert chance le vendeur voulait envoyer le produit étui de téléphone bon marché plaidé clairement preuve d'arnaque d'autres se faisant arnaquer est allé la banque a pensé que la protection a refusé la réclamation déposée en appel est allée la succursale a donné la preuve département de fraude par fax a refusé de déposer un troisième appel bien sûr plus frustré,retard_livraison,elevee
"fidèle titulaire de la carte american express année raison plainte concernant le retard de paiement effectué compte amex temps femme mariée responsable payer la facture gagnée revenu du ménage majoritaire temps éprouver des difficultés conjugales plutôt payer compte amex temps savait très dépendant dépenses d'affaires rembourrage compte bancaire facture payée temps préparer secrètement divorce potentiel complètement inconscient situation vérifié pointage de crédit point confronté fait a pris la responsabilité de payer compte amex temporairement réconcilier depuis le temps de gestion du compte amex jamais de paiement en retard le mois consécutif comprend fait utiliser largement la carte amex de nombreux mois dépassant toujours le temps de paiement malheureusement réconciliation de mariage dernier divorcé noté jamais de paiement en retard compte depuis que la direction a déclaré crédit toujours une action significativement impactée a été prise unilatéralement il y a presque un an, notée l'année dernière, j'ai soumis à plusieurs reprises un litige au bureau de crédit récemment directement, un amex indiquant un retard de paiement dû, une action plutôt le résultat d'une mauvaise gestion intentionnelle, une tentative",retard_livraison,elevee
"cas déjà déposé cfpb amerisave challenge refinance company a promis une compensation monétaire, résolution partielle, mais n'a jamais reçu d'argent, d'où l'ouverture d'un nouveau dossier demande amerisave honor compensation faite cfpb",retard_livraison,elevee
"sujet se plaindre réduction réduction score de crédit déclaration délinquance remarque négative rejet résultant rejet prêt auto petit crédit carte de crédit bonjour cfpb négligence refusé demande de prêt véhicule neuf basé fait discriminatoire savait fraude a eu lieu dette minimale résultat direct vol d'identité alerte fraude mettre cependant discriminé éventuellement en supposant personne sujette à la fraude fait crédit beaureaus y compris fait conscient victime vol d'identité alerte fraude mettre ssn respect alerte fraude remarque négative crédit explication petite dette frais de retard intérêt résultat direct agence vol d'identité y compris copie consciente du document soumis crédit cfpb le bureau copie également le document doit être soumis au prêteur a refusé la négligence du crédit, y compris malgré une connaissance complète de la documentation preuve de transaction non autorisée en outre victime de vol d'identité victime de discrimination personne problématique sujette au vol d'identité abattée service de prêt automobile le service de l'entreprise a été rejeté sur la base du prêt remarque négative signalée malgré la documentation complète preuve fac",retard_livraison,elevee
contacté découvrir rapport bancaire charge non autorisée découvrir fourni frais de crédit provisoire une semaine plus tard annulé contacté découvrir dit charge trouvée informations valables attachées charge conseillée information compromise carte volée n'a rien fait une autre charge commande précédente retournée émis remboursement plus tard trouvé rechargé sans autorisation dit découvrir carte fermée crédit émis sorcière inversé dit plus tard repris crédit retourné mauvais article dit émis remboursement marchandise retournée une semaine plus tard autorisation faite complètement nouvelle charge saisie manuellement montant rechargé toujours retourné fraude de marchandise découvrir réparer,retard_livraison,elevee
litige déposé concernant des informations incorrectes rapport de crédit concerne un retard de paiement bien jour reçu résultat de l'enquête date indiquée montant bureau de crédit paiement mensuel paiement mensuel paiement mensuel paiement mensuel,retard_livraison,elevee
département payé en retard de paiement département payé en retard partie violation de ftc gestionnaire majeur prêt étudiant fédéral privé faisant face à six procès alléguant un emprunteur de prêt étudiant lésé tout au long du processus de remboursement remise de prêt étudiant véritable gestionnaire de prêt étudiant manquant ftc doit inclure ftc dept dept,retard_livraison,elevee
"vendu compte virtuel utilisateur de jeu mobile par la présente via paypal frais paypal un mois plus tard réclamé des frais frauduleux carte de crédit paypal par la suite gelé le compte de fonds a pris de l'argent vente également facturé des frais de rétrofacturation preuve d'achat convenu envoyé fonds via paypal confirmé bon annoncé également preuve a donné un avis parfait vente utilisé compte fréquemment acheter des captures d'écran ci-jointes captures d'écran jointes réclamant des frais frauduleux biatant mensonge perpétrer une fraude en particulier le mois date vente essayé d'appeler paypal plusieurs fois connecter agent essayer message centre de messages obtenir une réponse vague temps utile obtenir une réponse paypal paypal cas suivant identifiant du cas n'hésitez pas à atteindre supplémentaire bonne aide, solution rapide possible",retard_livraison,elevee
cher Equifax a envoyé une lettre certifiée demandant une nouvelle enquête supprimer le rapport de crédit de l'article litigieux bien placé supprimer temporairement le rapport de l'article période d'enquête date d'échec de réponse demande la loi stipule doit enquêter dans la journée réception de la lettre répondre dans la journée terminer l'enquête suivie stipulation la loi peut subir des dommages besoin de compter sur une déclaration complète et précise dossier de crédit exiger de supprimer le rapport de l'article litigieux immédiatement échoué à se conformer à la loi sinon contacter la commission fédérale du commerce aviser un mépris apparent de la loi sur la protection des consommateurs suite à un compte négatif répertorié,retard_livraison,critique
plainte précédemment soumise a répondu la plainte est apparue provenant de quelqu'un d'autre obligation précédemment déclarée plainte continue obscurcissement indication claire culpabilité obligation affirmative enquêter de manière approfondie sur la plainte au lieu d'être aligné créancier abusif demander cfpb contraindre à répondre enquêter en outre exiger une preuve stricte avant l'enquête contemporaine la plainte implique un compte compte trouvé rapport de crédit contestant l'exactitude légitimité charge charge initialement apparue contactée charge signalée frauduleuse la plus grande charge possible suivre le magasin de meubles fourni copie signée document reçu fourni informations femme plus âgée facture signée adresse de livraison adresse adresse jamais vécu informations fournies par la suite rapport de police local rapport du groupe de travail fédéral sur le vol d'identité sur le vol d'identité utilisation frauduleuse carte fournie rapport département état gestion du personnel du bureau conseillant mari victime violation informations utilisation identifiée dark web résultat direct,retard_livraison,elevee
difficultés malade longue pandémie charge bj master card émis comenity bank extrêmement élevé tout à fait montant charge trouvée charge bj commander bjs site internet chèque d'énergie charge stressé peur famille attraper virus malade encore énergie chèque charge essayé meilleur salaire solde bien que peu d'argent contacté comenity bank demander renoncer aux frais de retard dur temps payé solde une fois article commandé bj expédié stock remboursé dit douter assez montant compte de charge demander malade énergie extrêmement contrarié obtenu réponse de la banque comenity première réponse menti disant frais de retard compte de charge deuxième réponse menti disant frais de retard frais de carte principale mensonge troisième réponse dit payer temps sans pitié depuis le client il y a un an toujours payer du temps difficile énergie malade question charge extrêmement élevée assez montant charge non reconnue comprendre montant élevé gestion commerciale bien que bj service client répondre email payé gros montant solde une fois besoin soumettre énergie récupérée genre vouloir débat charge non reconnue semble bj les gens occupés répondre email jour banque de commodité,retard_livraison,elevee
continue de signaler de manière incorrecte au bureau de crédit prêt étudiant transunion date de fait tardive période de questions abstention de prêt sans cesse fourni des documents d'abstention signés une réclamation contradictoire mais refusent de corriger les rapports erronés,retard_livraison,elevee
atteint transunion concernant le compte répertorié rapport de crédit demandant la validation de la dette fait mine transunion réclamation compte validé plusieurs instances envoyer une preuve validée dette présumée dette validée demandée le jour indiqué lettre envoyée transunion cherchant une preuve de dette transunion transunion viole continuellement la loi fcra validant correctement la dette présumée refuser le remède compte numéro de compte,retard_livraison,elevee
"l'abstention de covid a été signalée en fin de journée le bureau de crédit a dit que l'abstention de covid serait signalé tardivement, même le site Web de la loi sur les prêts de la FHA, le nom de M. Cooper, la société d'hypothèques, est également connue pour l'hypothèque",retard_livraison,elevee
choqué examiner le rapport de crédit trouvé en retard date de paiement jour de retard bien sûr arrivé croire effectué paiement reçu déclaration pensée déclaration obtenir,retard_livraison,elevee
bonne journée mois d'attente paiement de chômage enfin déposé jour effectué couple paiement transfert argent compte femme minute plus tard compte gelé appel service client aide dit activité suspecte demander des informations personnelles concernant le compte bancaire dit compte fermer expliquer aller envoyer chèque solde entier jour semaine attente chèque rappeler dit attendre un autre jour mois enfin demander une preuve chômage allé succursale a donné la paperasse image paperasse enregistrer gentille dame aide dit jour compte rappeler support en ligne puisque chaque semaine entendre continuer à attendre mois merci,retard_livraison,elevee
victime de désinformation éventuellement même frauduleuse au sein du rapport de crédit transunion dénonçant affirmer la commande comme produit réglementé contre-fermement droit fédéral litige accepter faciliter la demande soit bloquer minimum suite à des informations frauduleuses non confirmées dossier de crédit demande convaincu mandaté de manière adéquate preuve requise précisément la désinformation vient avoir lieu même connaissance autorisation entité d'écriture pourrait irréfutablement responsable même factuellement reçu de l'argent bon service résultat contesté désinformation d'informations frauduleuses inexactes invérifiables invalides même possible vol d'identité d'où mon utilisation de l'identité manipulée plainte de la victime affidavit,retard_livraison,elevee
heure lieu appel cible carte de crédit demander représentant cible sauter le paiement dû covid représentant cible a dit pourrait aider la situation est allé en ligne payé compte cible plein pensé que rien n'a été compte avis pointage de crédit point de chute arriver rapport cible retard de paiement pénalisé appel cible parler représentant nommé expliqué arrivé expliquer a montré enregistrement d'appel situation discutée dit rien ne pourrait je suis coincé rapport de crédit négatif injuste,retard_livraison,elevee
centre de service client bail renouvelé normalement négocié le paiement du bail réglé automatiquement le paiement du bail hypothèse de paiement automatique rien ne changerait le nouveau bail à partir depuis encore simple échange remarqué facture papier montré en retard réalisé quelque chose de mauvais moment immédiatement prévu paiement complet attraper la facture le jour en cours le paiement en retard a été assuré régler le paiement automatique plus tard avis papier préalable avis jamais reçu avis avertissement tri les informations feraient savoir rapporter un retard de paiement bureau de crédit en particulier le jour de paiement en retard payé complet immédiatement demander retard de paiement supprimé rapport de crédit retard de paiement rapport de défaut se sentir traité situation sorte professionnel due diligence reçu appel téléphonique n'importe quelle sorte serait payé immédiatement communication reçue en retard jamais informé retard de paiement signalé tentative de refinancement courtier en hypothèques résidentielles faites-le savoir,retard_livraison,critique
a commencé à refinancer la liberté hypothèque supposé fermer refi dû inattendu appelé fermeture repoussé quelques jours a nouvelle date de clôture paperasse apportée à la maison signé mal notifié liberté représentant hypothécaire faire savoir paperasse incorrect signe document soumis documents initialement soumis montrer la taxe foncière serait la moitié du montant indiqué dit obtiendrait les documents corrigés liberté hypothèque vous contacterait nouvelle date de clôture heure demandée nécessaire effectuer le paiement depuis la fin du mois voulait voir la longue paperasse prendrait corrigé supposé rappel jamais reçu rappel appelé liberté hypothèque voir statut refi a parlé a dit nécessaire faire le paiement depuis la fin du mois fatigué téléphone payant liberté ligne téléphonique d'hypothèque n'accepterait pas le paiement comme discuté nécessaire payé demandé paiement nécessaire paiement régulier montant augmenté déclaré nécessaire payé depuis l'emballage du séquestre pénurie refi est allé payer la facture envoyé le paiement de la liberté envoyé par e-mail faire savoir envoyé via la banque puisque le système téléphonique de la liberté ne laisserait pas payer le montant un a reçu l'hypothèque de la liberté l,retard_livraison,elevee
"demande de prêt hypothécaire, mais vente de maison, acheteur de financement, société de prêt hypothécaire supposé fermer l'entiercement il y a une semaine, l'acheteur a demandé une prolongation convenue, lundi dernier, appelé l'agent de crédit, chèque d'hypothèque de Franklin, voir tout ce qui pourrait entraver le prêt, curieux, savoir dans l'ensemble, tout va bien sûr, connaître les informations financières confidentielles, partagé, n'a pas demandé d'informations comme curieux, savoir le temps nécessaire, compte tenu de la demande, prolonger la clôture, l'agent de crédit a conseillé le retard, le temps de traitement de l'IRS, comprendre le besoin de prolonger le temps de traitement de l'IRS, comprendre le besoin de prolonger le temps de traitement de l'IRS, laisser l'acheteur, l'agent immobilier, savoir qu'il prolongerait la fermeture, avance rapide lundi, appel de la société de clôture lundi matin, voir le document de prêt encore reçu, dit à l'agent de prêt, tout serait fait vendredi le week-end de clôture lundi l'agent acheteur a envoyé un SMS le matin a demandé le document de clôture envoyer le prêteur la société de fermeture mais prolongerait la clôture a répondu par SMS appellerait plus tard l'agent de crédit a appelé trois fois a appelé min plus tard a dit prendre du temps rapport de fichier cfpb également californie nmls a répondu au téléphone a dit hey bu",retard_livraison,elevee
solution de recouvrement de dettes déposée poursuite comté ohio multiples dettes impayées la dette reste non vérifiée solution de recouvrement de dettes relevé sollicité compte écrit créances irrécouvrables solution de recouvrement de dettes d'hôpital déclaration jointe sollicitée envoyée déclaration d'adresse actuelle datée date d'échéance montrer relevé de solde impayé corps dette de l'état écrit appelé créancier original hôpital enquête déclaration effectivement envoyé déclaration notifiée fait envoyé solution de recouvrement de dettes solution de recouvrement de dettes avant relais déclaration demande paiement réception déclaration avant y compris procès tribunal un chanceux effectivement attrapé voleur avant de recevoir jugement par défaut dit à plusieurs reprises croire dette mine tentative vérifier a rencontré de nombreux défis deux compte tentative de recouvrement solution de recouvrement de dette service allégué parfois numéro d'appel indiqué déclaration de vérification fournie numéro de solution de recouvrement de créance aller lieu appelé numéro de personnel conseillé entreprise plusieurs années agence de recouvrement de faits radiologue cependant collectant l'un ou l'autre agent de recouvrement tentant de collecter,retard_livraison,critique
bon après-midi en fait vraiment choqué en raison d'appels téléphoniques répétés utilisés langage abusif rappel de dette présumée avoir déjà possédé une relation antérieure cc agence de recouvrement choqué examiné rapport de crédit semaine trouvé plusieurs inexactitudes rapport de crédit grande entreprise de recouvrement de crédit jamais traité tenté plusieurs fois de ratifier le problème créancier original bureau de crédit rapportant toujours des informations inexactes et invérifiables article contesté agence d'évaluation du crédit signalé compte confirmé valide honnêtement croire jamais relation agence de recouvrement créancier d'origine également plusieurs inexactitudes compte manière de rapporter violation totale fcra fdcpa règlement de la loi bonne foi effort résoudre l'affaire à l'amiable doit exiger des preuves dette spécifiquement alléguée instrument contractuel portant signature bien preuve autorité matière absence preuve doit corriger le rapport erroné dette passée demande d'écriture de mine veuillez fournir les informations suivantes s'il vous plaît preuve autorisation usc e usc f matière présumée autorisation loi collecte informations autho,retard_livraison,critique
crédit vérifié compte de scie lvnv jamais reçu avis litige dette,retard_livraison,elevee
contester un retard de paiement incorrect bureau depuis le temps recevoir une réponse bureau faire connaître le statut même enquêtant sur un litige envoyé un autre ensemble de demandes du bureau des litiges enquête comprendre la cause pandémique retard reçu quoi que ce soit depuis le premier litige retard négligence partie bureau activé règlement de démantèlement désastreux cfpb respect exigence légale du bureau répondre différend dans la journée,retard_livraison,elevee
informé via une sollicitation avocat regardant représenter la défense cherchant une action en justice tenter de poursuivre le tribunal pour dette présumée apprentissage préalable en attente d'une action en justice ignorer la dette présumée croire avoir violé la protection décrite fdcpa contacter avant écrire téléphone autorisant la demande de validation dette présumée,retard_livraison,elevee
plainte plainte relative déposée la semaine dernière reçue offre plan de paiement mensuel enregistré compte fermé en ligne accepté a donné deux options choisir avril paiement mensuel faible solde payé compte rester fermé avril paiement mensuel faible continuer à facturer le privilège option sélectionnée acceptée plus élevé avr pourrait continuer à facturer le privilège effectué paiement requis discuté représentant en ligne a dit que le compte reste fermé privilège de facturation dit trompeur faussement annoncé demandé laisser sélectionner l'option refusée,retard_livraison,elevee
la semaine dernière contacté présent société de prêt hypothécaire demander relevé hypothécaire note hypothécaire en raison de circonstances imprévisibles privilège en ligne révoqué manière énorme inconvénient fait prendre conscience demande d'urgence plaidant convenu envoyer le document le jour plus tard reçu relevé hypothécaire note hypothécaire manquante appelée résoudre la situation la chose a mal passé enfin capable de parler quelqu'un a accepté fax document manquant surprise faxé quelqu'un d'autre note hypothécaire nouveau prêteur a appelé tout de suite appelé société hypothécaire retour un transféré plusieurs département a parlé directeur informé dossier égaré ajout peu accommodant mis au courant aller contacter cfpb rien n'aide a plaidé obtenir note hypothécaire délai d'échéance la contrainte a fait la différence le dernier effort demandé parler à un autre responsable la réponse par e-mail fonctionnerait inacceptable comprendre pourrait envoyer un relevé hypothécaire dire le dossier perdu besoin désespéré d'aide,retard_livraison,elevee
inconnu enquête sérieuse rapport de crédit je demande vérification méthode d'enquête crédit de vérification plus ajouter une enquête sérieuse rapport de crédit société fournir la preuve suivante objectif autorisé preuve d'autorisation écrite connaissance de l'enquête initiée personnellement document signé autorisant l'organisation voir l'historique de crédit donc le rapport de crédit de l'enquête viole la loi sur les rapports de crédit équitables section c transaction initiée consommateur,retard_livraison,elevee
cher monsieur litige citibank new york concernant les excédents répétés de transfert de frais bancaires correspondants chemin coopératif résolution interrompue citibank refuser de répondre résumé citibank applique des frais supplémentaires usdxxxx top usdxxxx habituels frais bancaires correspondants frais de traitement des réclamations au nom b refuse de recevoir des frais de remboursement frais citibank environ usdxxxx frais de traitement c charge globale donc environ usdxxxx puisque citibank déduit usdxxxx pourrait facilement confirmer l'identité du bénéficiaire progrès question refuser catégoriquement malgré la demande répétée e lettre non signée de citibank refus d'identifier le bénéficiaire conclu déclaration veuillez conseiller de considérer l'affaire close final f email ultérieur daté ignoré affecté transfert effectué reçu confirmation recevoir part usdxxxx facturé pour le compte citibank a reçu confirmation frais bancaires correspondants convenus citibank usdxxxx usdxxxx envoyé lettre détaillée citibank joint rapide illustrant charge dernier transfert copie correspondance informé croit charge réponse erronée daté réf c,retard_livraison,elevee
xxxxxxxx appelé dossier plainte abaissement de la limite de crédit compte marathon représentant téléphone impoli décidé serait drôle commencé fermer le compte totalement blessé crédit gardé rappeler obtenir le compte ouvert ouvrirait peut-être une semaine l'homme fermerait en arrière continuant à revenir en avant le mois de la banque de commodité a donné un crédit détruit a pris un score extrêmement jamais manqué carte de paiement jamais tard récemment a rendu la carte appliquer pour toujours mettre durement la carte de crédit solde faible carte de crédit fermée carte bancaire a donné un solde faible veut carte rétablie solde augmenté heureux trouvé endroit cfpb accord de consommation épreuve un autre homme a parlé grossier en dessous jamais traité de manière preuve compte rapport de crédit,retard_livraison,elevee
résident du Texas a résilié le bail de l'appartement en raison de la section du code de propriété du Texas protégé permet à la victime documentée de quitter la propriété résilier le bail plus tôt éviter la responsabilité fournie copie de la propriété bien numéro de rapport de police incident collecteur de dettes appelé notifié dette due serait signalée au bureau de crédit dette payée intégralement immédiatement expliqué différend de téléphone individuel dette expliquée situation provoquée déménagement dette impolie a parlé rappelé superviseur a déclaré litige dette recherchée dette validée immédiatement contacté gestionnaire immobilier tentative de règlement infructueux gestionnaire immobilier déclaré dette vendue déclaration indiquant la dette validée due appelée expliquée dette présumée en cours litige dette contestée veuillez retarder le rapport de crédit en attente représentant de l'audience au tribunal manière de travail grossière et volontaire envoyée lettre certifiée via usps suivi indiquant la dette officiellement contestée cesser l'activité de recouvrement dette légalement validée litigieuse en outre incluse des preuves prouvant la dette présumée valide cas finalement déclaré p,retard_livraison,critique
fausse publicité prêt approuvé prêt non garanti plus tard commuté prêt garanti tirant le crédit chute du score appelé heure jour nuit y compris début de l'entreprise utilisé trompeur trompeur tactique de vente agressive informant le représentant onemain financier mn emplacement prêt intéressé appelé fauché dit mauvais crédit le véhicule ne montre pas le rapport de crédit le véhicule n'a jamais financé le bail montrer le rapport de crédit a également tiré le score presque envoyé vérification du revenu faisant l'année en baisse prêt appelé inapproprié terme non professionnel représentant l'entreprise a ri accroché procédé appel lieu emploi pendre quelqu'un répondrait de nombreuses quantités de temps répondrait au téléphone rappeler l'entreprise non professionnel grossier harceler,retard_livraison,elevee
"dépôt d'une plainte demandant une validation conformément aux pratiques équitables de recouvrement de créances, loi sur les rapports de crédit équitables conformément à la loi de l'État local correspondante, veuillez noter la demande de validation des preuves compétentes portant une signature montrant l'obligation contractuelle de payer la société cavalry portfolio service llc tirer le rapport de crédit temps rien de collection rapport de crédit trouvé bon le consommateur ne savait même pas le rapport de crédit trouvé lettre utilisation site Web de recouvrement des litiges ftc envoyé lettre de validation envoyé par la poste lettre jointe certifiée envoyée reçue répondre lettre de réponse vérification demander vérification demander validation fournir suivant avis de refus de paiement envoyé conformément à la loi sur les pratiques équitables de recouvrement de créances loi usc sec b réclamation contestée validation demandée demande de vérification preuve adresse postale demander la validation conformément à la section du titre nommé demander respectueusement au bureau de fournir la validation des preuves compétentes portant la signature montrant l'obligation légale payer, veuillez fournir l'argent suivant dire devoir expliquer montrer calculé dire",retard_livraison,critique
lettre reçue assurance chômage numéro d'identification personnel cependant soumettre une demande de chômage contacté département du Colorado travail emploi signalé fraude en ligne également appelé allé processus mettre fraude retenir le numéro de sécurité sociale informé contacterait informer la fraude retenir le jour plus tard reçu l'instruction de la carte bancaire activant la carte carte utilisée reçu l'allocation de chômage la deuxième fois reçue la carte la dernière fois reçue appelée la banque a dit d'appeler le chômage appelé le chômage dit d'appeler la banque s'est fait courir voulait fermer le compte croire que quelqu'un a volé son identité a demandé le nom de l'allocation de chômage,retard_livraison,elevee
entreprise continuer à facturer appliquer incorrectement le prêt de paiement d'une manière différente facturer des frais de retard demander vouloir l'abstention répondre au paiement basé sur le revenu ensemble essayer de payer le prêt effectuer des prêts prédateurs pratique essayer de faire un paiement régulier problème du mois navient appliquer le paiement correctement les frais de prêt frais de retard essayé de payer les anciens frais de retard croire facturé incorrectement pris le retard appliqué les intérêts le paiement en retard facturé appelé se plaindre convenu remboursement l'argent envoyé payer le retard de paiement remboursé l'argent envoyé une autre facture réclamant le paiement du mois dernier facture facturée des frais de retard téléphone regardant problème récent voir effectué un paiement régulier le mois dernier vissé autour de l'argent alloué appliqué correctement frais disant va réparer le problème se produit tous les mois tous les mois mois envoyer la facture payer intégralement appliquer la manière de facturer se changer frais de retard offre d'abstention astuce empêcher de payer le prêt extrait frais intérêts besoin situation entreprise gérée en permanence accepter le prêt envoyé entreprise besoin de contacter l'agence cabinet d'avocats enquêter sur le problème sérieusement aller appeler les gens se plaignent résoudre le problème chaque mois,retard_livraison,elevee
la société de prêt hypothécaire a effectué un paiement compte séquestre paiement d'assurance risque domestique effectué un mauvais bénéficiaire a appris la compagnie d'assurance a envoyé un e-mail disant prime payée mois communication aimloan aimloan a finalement effectué un autre montant de paiement adressé correct bénéficiaire la police d'assurance est restée active cependant le paiement incorrect effectué jamais remboursé compte appelé aimloan a parlé à plusieurs reprises de nombreux représentants différents superviseur a perdu d'innombrables heures de téléphone au cours des quatre derniers mois résultat incorrect paiement total de l'hypothèque augmenté examen annuel du séquestre le solde du compte séquestre est devenu négatif superviseur parlant problème aggravé problème aimloans département de recherche problème garanti serait adressé reçu lettre courrier daté indiquant enquête terminée erreur identifiée correspondance appréciée patience préparer la réponse répondre plus tard question s'il vous plaît appelez-vous un contacté appel attendu parler un autre superviseur a dit que l'affaire s'aggraverait serait contacté dans l'heure un contacté vendredi appelé a parlé un autre superviseur p,retard_livraison,elevee
"choqué examiné rapport de crédit semaine trouvé plusieurs inexactitudes rapport de crédit une grande société de recouvrement de crédit n'a jamais traité tenté plusieurs fois ratifier le problème créancier d'origine bureau de crédit rapportant toujours des informations inexactes et invérifiables article contesté agence d'évaluation du crédit rapporté compte confirmé valide honnêtement croire jamais relation agence de recouvrement créancier d'origine également plusieurs inexactitudes compte manière de rapport violation totale fcra fdcpa règlement de la loi bonne foi effort résoudre l'affaire à l'amiable doit exiger une preuve de dette spécifiquement alléguée contrat instrument portant signature bien preuve autorité matière absence de preuve doit corriger le rapport erroné dette passée demande d'écriture de mine s'il vous plaît fournir les informations suivantes, veuillez prouver l'autorisation usc e usc f autorisation de la matière présumée autorisation de collecte de lois autorisation de collecte de dettes présumées veuillez prouver l'autorisation entreprise exploiter l'état veuillez prouver la preuve de la dette présumée, y compris les instructions de contrat présumées",retard_livraison,critique
paiement du véhicule dû mois actuellement jour de retard aujourd'hui santander consommateur usa continuer à laisser un message menaçant repo véhicule appelé heure un jour a parlé aujourd'hui essayé apporter des informations financières personnelles comme paiement dit effectuer le paiement demain première fois véhicule acheté en retard année d'été harcèlement prêt prédateur,retard_livraison,elevee
peut concerner l'écriture litige montant du compte de frais frauduleux vol d'identité de la victime autoriser la charge demandant la suppression des frais financiers liés au montant frauduleux crédité bien recevoir une déclaration précise demande faite en vertu de la loi sur la facturation du crédit équitable amendement de la loi sur le prêt de vérité voir aussi b compte fermé acct ouvert compte à solde compte étudiant acct ouvert compte à solde acct compte à solde ouvert acct compte à solde ouvert u dept acct compte à solde ouvert u dept acct compte à solde ouvert u dept acct compte à solde ouvert u dept acct compte à solde ouvert,retard_livraison,elevee
"achat effectué internet console de jeu expédition jamais confirmé e-mail atteint réponse du vendeur vendeur appelé usaa banque personnelle résoudre le problème représentant encouragé fichier litige arrêterait la transaction remboursement représentant usaa a dit que l'enquête contacterait des preuves un jour plus tard obtenir un appel téléphonique département de réclamation usaa demandant des preuves délai de réception ledit colis correspond à la description commandé a pris une photo contenu du paquet preuve usaa a dit de renvoyer le colis le vendeur montre la preuve colis envoyé par la poste preuve soumise contacté usaas litige département appelant en laissant un message contact appel téléphonique dit aurait besoin d'une deuxième lettre d'avis commander même soumettre une réclamation deuxième lettre d'avis déterminer le colis reçu correspond à la description preuve déjà soumis auparavant montre clairement que l'ordre a atteint deux affaires différentes, la lettre de deuxième avis dit que la banque ridicule ferait une exigence aimable, les preuves soumises ont déjà été données, aucune des deux entreprises ne voulait impliquer la banque en raison de vouloir un problème juridique, contacter",retard_livraison,elevee
"La carte de crédit td a signalé de fausses informations, le bureau de crédit a déclaré que le paiement de deux mois manqué n'avait pas de retard de paiement. La femme a parlé td a indiqué que cela ne devrait pas arriver. La cote de crédit a chuté de presque un point, veuillez rectifier dès que possible, merci, j'essaie de refinancer la maison, cela gêne vraiment",retard_livraison,elevee
"femme titulaire de la carte principale utilisateur autorisé première carte ajoutée autour d'abord déplacé légèrement bouleversé mariage autour de la carte retirée chose fixe ajoutée carte arrière il y a environ un mois depuis fait de nombreux appels agence de crédit trouver la carte signalée correctement montrer le rapport de crédit carte utilisée à plusieurs reprises savoir problème dire rapport correctement agence de crédit dire problème fin essentiellement coincé milieu prendre la responsabilité carte de crédit montrant le rapport en choisissant le blâme à la place puisque l'utilisateur autorisé supplémentaire a obtenu divers crédit de ligne signalé une amende l'un à l'autre carte de crédit problème de location de voiture rapportant soit l'agence de crédit a reçu une lettre indiquant le rapport correctement, mais semble cas à chaque fois appel mise à jour confirmer les informations personnelles dire jour d'attente premier mois ssn incorrect remarqué plusieurs appels téléphoniques ensuite mois remarqué en utilisant le numéro de carte de crédit correct, le compte associé semble être de nombreuses erreurs, une souffrance aujourd'hui a parlé suite à la dernière enquête, rien trouvé, la semaine aurait essayé d'appeler la femme, confirmer le nom du dob ssn, dit attendre encore",retard_livraison,elevee
première gestion financière appelée signalé une dette due accident d'automobile faute jamais poursuivie participation jamais reçue tentative de recouvrement de la dette dit de commencer le plan de paiement tout de suite la licence serait suspendue immédiatement fait le point recherché communication écrite paiement bien fait jugement décret frais dus appel téléphonique préalable société harcelé verbalement mari au courant à plusieurs reprises,retard_livraison,critique
jamais reçu de prêt demandé contacté pointage de crédit les gens en profitent ont besoin d'être corrigés supprimés rapport de crédit,retard_livraison,elevee
exeter finance continuellement violé la section fcra spécifiquement modifiée statut par lequel les informations de rapport réelles erreur b rapport d'information avis erreur de confirmation continuellement contesté compte de déclaration de nombreux différends agence d'évaluation du crédit différend ultérieur solde contesté dû jamais reçu avis de paperasse requis y compris le défaut de notification envoyé par courrier certifié la loi donne droit à la marque du rapport de crédit historique de paiement date du dernier paiement sur trois bureaux de crédit refusé diverses opportunités de crédit produit refusé demande voir la documentation compte contrat de vente sujet pertinent justifier rapport erroné rapport continu même si également preuve violant fcra reporting informations négatives inexactes différemment selon le bureau de crédit envoyé suivre la lettre indiquant un litige point frivole litige continu bureau de crédit pièce fcra information précise enquête complète apportée aux consommateurs les informations sur les fournisseurs doivent être mises à jour supprimer lesdites informations exactes et complètes,retard_livraison,elevee
mardi vu compte courant reçu notification téléphone compte à découvert lors de la recherche du compte raison du découvert crédit provisoire inversé compte débité facturé frais de découvert la veille lundi retiré compte deux transactions distinctes compensées en attente grand livre de transaction solde restant reçu attaché banque suntrust ordre manipulé mandat de transaction frais de découvert ne peut pas obtenir les frais de découvert retrait inversion litige crédit choisi transaction déjà publié compte faire apparaître raison frais de découvert appelé banque demander supprimer frais montant du dépôt litige crédit obtenir compte solde négatif refusé appelé service des litiges dossier plainte suntrust banque Frais de découvert frauduleux représentant assisté dépôt plainte,retard_livraison,elevee
"ct reçu un message texte numéro inconnu indiquant une alerte de fraude charge suspecte chasser la carte préférée du saphir depuis l'alerte est venue un numéro différent reste chasser une alerte de carte de crédit tentative d'appel du service client en utilisant le numéro de la carte arrière vérifier l'alerte de légitimité cependant chaque fois que la tentative d'appel serait le service de fraude fermé permettrait l'opportunité de connecter la personne réelle confirmer la réponse terminée message texte indiquant reçu indiquant la carte fermée recevoir une nouvelle information supplémentaire fournie pourrait toujours amener n'importe qui poursuivre dire le timing de réception d'une nouvelle carte en attente de transaction apprécier une approche proactive détecter une activité suspecte comprendre le service de fraude temporairement réduit l'heure covid cependant extrêmement injuste trompeur abusif fermer la carte fournir supplémentaire alternative d'information, d'autant plus que le site Web indique des heures de fonctionnement réduites, des informations supplémentaires trouvées n'importe où voyageant à l'étranger, la carte se fermerait d'une manière bloquée, payant l'hébergement de voyage, apparemment pourchasser les soins, fermer les départements de fraude",retard_livraison,elevee
mois essayé d'obtenir le montant du remboursement de l'hypothèque sélectionner le service du portefeuille sps malgré de nombreuses explications montant correct besoin calculé à condition que l'entreprise continue à fournir un devis société l'agence de recouvrement a commencé à acheter une société de prêt hypothécaire sans les connaissances appropriées du personnel gérer les connaissances du personnel hypothécaire l'agent de prêt parle directement à chaque question prend le jour a répondu une conversation expliquer le problème réponse acheté l'hypothèque il y a un an depuis le dépôt de nombreuses plaintes déposées poursuite réglée à l'extérieur du tribunal a essayé d'expliquer le prêt de la première année comprendre le concept de prêt continuer à citer le montant principal sans calcul mois perdu à essayer de revenir en arrière une personne seule parle suffisamment de connaissances sur le processus de prêt,retard_livraison,elevee
hypothèque transférée temps hypothèque d'origine fournisseur de services actuel sélectionner portefeuille entretien vérification rapport de crédit le mois dernier entreprise paiement publié prêt service en retard société bureau de crédit paiement répertorié cependant sps dire rapport bureau paiement déposé faillite cependant fichier faillite maison a parlé beaucoup de gens téléphone état réaffirmer maison réponse fichier faillite maison instruite obtiendrait un avocat s'il vous plaît aviser,retard_livraison,elevee
date du prêt de garantie mal géré lettre ci-jointe nfcu pièce jointe fournir les détails nécessaires conforme,retard_livraison,elevee
"la société de compte ne croit pas que le compte soit correct, le crédit déclaré essaie de s'assurer que tout le crédit est correct, savoir que l'article s'est terminé après le rapport de crédit, jamais signé, les frais convenus, je ne sais pas, ont donné des informations, ont accès au document, le créancier du compte le ferait.",retard_livraison,elevee
lettre envoyée experian notifiant la vérification du rapport de crédit plusieurs inexactitudes signalées en retard de paiement demandé valider les informations fournir une copie de la documentation jour de la réponse lettre envoyée exigeant suivre encore recevoir la preuve de validation enquête méthode d'enquête,retard_livraison,elevee
revenu réduit arrêt économique causé pandémie synchronisation tardive soins carte de crédit demandée synchronisation supprimer paiement en retard causé arrêt économique contrôle refusé,retard_livraison,elevee
choqué aujourd'hui examiné rapport de crédit trouvé retard de paiement compte de prêt étudiant compte contesté rien envoyé vérifier légalement l'exactitude légitimité le rapport continue rapport incomplet inexact informations invérifiables donc impossible enquêté vérifié exact comment possible vous avez signalé un jour de retard de paiement avant comme un jour solde douteux toujours rapportant également le gestionnaire de prêt étudiant poursuivi en appliquant le paiement compte de consommateur correctement signaler la violation droit honnêtement je veux perdre du temps le mien revenir en arrière aimerait supprimer le crédit jamais de façon tardive rapporter,retard_livraison,elevee
sequium Asset Solution agence de recouvrement tentant de recouvrer le montant de la dette présumée compte de connaissance du client n'a jamais reçu de notification écrite sa placement préalable informations invalides rapport de crédit sans procédure régulière inclure le droit du consommateur conformément à la fcra fdcpa loi sur la facturation du crédit équitable bien loi hipaa jamais reçu avis écrit dette présumée recevoir un avis droit litige droit du consommateur agence de droit fédéral placé rapport d'informations désobligeantes fait valide jamais validé le mien,retard_livraison,elevee
année payée prêt mois paiement jamais en retard solde de la carte de crédit score point perdu jour prêt payé déposé litige agence il y a un jour réponse voulait payer voir score fico obtenir le coût du prêt quelque chose de mal lire en ligne seul carte solde élevé changé disparu,retard_livraison,elevee
prêt conventionnel valeur du prêt géré paiement manqué depuis la clôture relevé de paiement du prêt inclus assurance hypothécaire privée paiement pmi demandé écriture supprimer pmi dû fait valeur du prêt jamais effectué paiement en retard paiement manqué prêt jamais reçu réponse paiement encore traité pmi inclus envoyé deuxième demande supprimer pmi réponse reçue contacté agent parlé réponse informée serait fournie reçue déclaration de réponse contient toujours pmi,retard_livraison,elevee
lettre envoyée concernant une chose inconnue et inexacte rapport de crédit le lendemain réponse reçue mais j'ai l'impression d'être ignoré section irrespectueuse indiquer clairement l'échec enquêter sur l'article le jour donner la raison supprimer immédiatement l'article rapport de crédit demande compte supprimé immédiatement sage dossier litige en raison du stress perte de revenu mauvaise cote de crédit causée par les informations de l'avocat impactées violation de données Equifax peut-être que les informations se sont trompées de main,retard_livraison,critique
échangé nv autour du prêt capitol un a reçu le montant total du paiement pourrait échanger un véhicule plus récent un paiement d'une journée complète soumis dans le temps ne sait pas chèque perdu deux places une place décidé prendre du temps payer cependant la faute aimerait la remarque négative crédit en retard a donné le jour de paiement pris en charge en retard marque compte compte s'il vous plaît prendre remarque négative compte de crédit,retard_livraison,elevee
prêt hypothécaire conventionnel fermé refinancement effectué délai de paiement prêt reçu lettre d'avis datée service du prêt vendu phh service hypothécaire phh actuellement ordre de consentement état géorgie échec se conformer à la norme de service communication écrite reçue relevé hypothécaire relevé de facturation similaire hypothèque déterminer le nouveau numéro de compte effectuer le paiement mensuel déterminer le solde hypothécaire actuel compte séquestre solde du paiement information faite tentative de recueillir des informations sur le nouveau compte phh hypothèque succès consentement ordre phh l'hypothèque doit adhérer à une règle importante régissant la gestion de l'hypothèque activité connexe partie de l'ordre de consentement saisi phh hypothèque échoué se conformer,retard_livraison,elevee
carte de crédit usbank frauduleusement facturée à l'extérieur de vous usbank a refusé le remboursement des frais détail des frais afficher les frais entrés manuellement plus les frais de transaction à l'étranger associés catégorie de marchand description du logiciel informatique dol rien n'a jamais été traité affaire ordonnée usbank a simplement refusé l'explication de l'autoliquidation n'a jamais jamais rien commandé certainement commandé un logiciel informatique,retard_livraison,elevee
experian faussement accusé en utilisant une agence de réparation de crédit tierce croire tactique de décrochage partie accorder un jour supplémentaire se conformer à la demande originale croire violation flagrante fcra conseillé il y a un jour litige par courrier article frauduleux demande de rapport de crédit écrit envoyé par courrier agence tierce semble évident abuser du pouvoir fcra évasion enquête complète informations incorrectes rapportées compte supprimé raison experian experian continue de violer le droit en plus la loi état consommateur utilisation tiers utilisant excuse non pertinent fait le congrès des états unis a trouvé tout le processus écrasant se permettre le droit du consommateur utiliser le nom d'un tiers le consommateur choisit la déclaration honteuse droit de réserve poursuivre en justice le bureau de crédit violation des rapports de crédit équitables agir croire prouver utiliser une mesure raisonnable assurer l'exactitude du processus de blocage du rapport de crédit même réaliser un litige décrochage de travail coûteux grand risque veuillez en prendre note demander experian continuer à faire avancer la demande d'enquête originale veuillez envoyer le résultat dans la journée donc légalement refuser,retard_livraison,critique
bonjour fin d'esprit concernant le crédit plainte formelle cfpb experian experian continue la liste des informations erronées rapport sœur prêt étudiant de l'année dernière empêché d'obtenir refi maison mois sœur voiture paiement enquête achat voiture quelqu'un experian accidentellement fusionné rapport de crédit sœur le mien il y a un an contacté plainte déposée contacté procureur général de l'ohio depuis continuer à fermer la plainte marquée résolu résolu tous les mois plainte déposée mensuelle réponse experian indique un problème de crédit fusionné chaque mois obtenir une notification experian disant rapport point abandonné montrer sœur prêt exceptionnel sœur a été approuvée ssdi à la fin de l'année dernière prêt étudiant appliqué rapport supprimé mois calme apparaît rapport de prêt étudiant appliqué location appartement spectacle rapport d'enquête enquête société de prêt automobile a donné un prêt voiture achetée via le rapport actuel de l'entreprise rapport de crédit endommagé argent perdu erreur continue experian processus fixe dépenser de l'argent embauche avocat à la consommation dommages monétaires appliqué refi maison l'année dernière jour fermeture sœur s,retard_livraison,elevee
reçu relevé électronique compte bancaire synchrone ouvert e-mail le lendemain matin montant dû significativement plus élevé attendu compte connecté remarqué facturé un montant énorme d'intérêts achat dit serait sans intérêt facturé montant d'intérêt un autre montant payé temps dû mois selon le plan d'intérêt croire convenu magasin rappel spécifiquement parler banque synchrone employé autorisé sur place peu de temps ouvert tx appelé banque synchrone pour la première fois approximativement expliqué inconscient se sentait trompeur terme appliqué compte demandé intérêt inversé directeur de rayons nommé identifiant de l'employé a dit que rien ne pouvait supprimer la politique d'intérêt état intérêt inversé date de fin de période promotionnelle jour date de fin de période promotionnelle évidemment jour appelé expliqué expérimenter financier résultat des difficultés économiques demandé grâce a dit que rien ne pouvait aider essayé banque de synchronisation chat en ligne discuté a également dit que rien ne pouvait terme en dehors de la journée a donné un numéro différent appel parlé deuxième appel banque de synchronisation parler expliqué expérimenter fi,retard_livraison,elevee
société vendue hypothèque xxxxxxxx refusée accepter le paiement hypothécaire concerné serait acheminée correctement informée à la place effectuer le paiement représentant en parole nommé informé protégé jour de déclaration dérogatoire selon la directive respa résident de Californie a reçu une alerte plusieurs service de surveillance du crédit informant déposé de manière inexacte note dérogatoire jour de retard de paiement requis période respa veut des informations inexactes supprimées historique de crédit immédiatement car affectant la capacité à obtenir un prêt pour l'amélioration de l'habitat,retard_livraison,critique
financé acceptation de crédit corp michigan faible revenu faible pointage de crédit même sûr géré obtenir un prêt même un mois prêt de voiture emploi perdu pourrait payer une assurance voiture emploi perdu en prison coût de combat emploi pourrait payer une assurance voiture volée totalisé poursuite à grande vitesse voiture de police renversée perte totale envoyé acceptation de crédit rapport de police déranger les soins facturés prêt à intérêt l'état de la louisiane permet peut-être d'avoir profité sachant que le faible revenu serait excité d'obtenir la voiture payée le paiement du montant total de la voiture encore le paiement sait que l'assurance supplémentaire facturée folle savait que rien ne serait volontaire voiture totalisée écrasement continuer ajouter le comptage du prêt essayé différend qui fait le changement criminel volé la voiture a toujours fait l'objet d'un procès doit une entreprise de remorquage mille wifi boîte perte de voiture coût du travail maison bien voiture emballée objet personnel perte totale vol acceptation du crédit sciemment déchiré contrat savait que les faibles revenus pouvaient en profiter encore un an plus tard rapport de crédit montant dû voiture volée total poursuite police criminel toujours allé procès en payant le prix ultime d'autres prenant adv,retard_livraison,elevee
demande refusée jamais reçue lettre refusée changement de coordonnées pourrait indiquer un refus,retard_livraison,elevee
soc sec dob adresse fl préféré coll manag société violée fcra f f f interdiction vente transfert dette causé vol d'identité a répondu demande fournir rapport d'enquête besoin résoudre juste crédit déclaration acte litigieux article peut apparaître rapport de crédit preuves appuyées personne générale entreprise doit vendre transfert considération lieu collection dette personne notifiée section titre résultant vol d'identité applicabilité interdiction sous-section doit appliquer personne recouvrant la dette décrit paragraphe date notification paragraphe règle construction rien sous-section ne doit être interprété interdire le rachat de dette cas cessionnaire dette nécessite rachat dette résultant vol d'identité b titrisation dette mise en gage portefeuille dette garantie connexion emprunt c transfert dette résultat fusion acquisition achat hypothèse transaction transfert substantiellement actif entité la personne fournit des informations agence d'information sur la consommation doit placer une procédure raisonnable répondre notification reçoit agence d'information sur la consommation,retard_livraison,elevee
"ressources en actions mettre l'abstention hypothécaire sans notification consentement conscient fait tentative de refinancement deux maison deuxième semaine faire un paiement mensuel le représentant vous a contacté vous demandant aimerait l'abstention clairement indiquer l'abstention de prêt signalé un jour de retard au bureau de crédit mois depuis capable de refinancer la propriété refusée de financement achat appelant ressource en actions informé légalement autorisé mettre l'abstention de la maison prêt dit mettre l'abstention paiement manqué déclenché l'abstention demandée n'a pas appelé informer que vous avez manqué serait payé immédiatement bientôt fait savoir dit déjà abstention point demandé supprimer l'abstention jamais demandé retard de paiement signalé prêt en retard veuillez voir la déclaration ci-jointe indiquant le passé abstention due annulée, veuillez également consulter la lettre ci-jointe er état daté soit opté pour l'abstention selon l'acte de soins, retard de paiement moyen depuis le retard signalé, statut actuel du prêt, paiement manqué, retard de paiement moyen déclaré reconnu, demande d'abstention assurée, entraînerait une charge financière représentant p",retard_livraison,critique
vendre un compte paypal limité à plusieurs occasions limité paypal soumettre les informations requises peut examiner le compte compte à durée limitée dans un délai d'un mois pouvoir fournir la documentation nécessaire compte libéré compte interdit temps soumis informations temps écoulé reçu mise à jour concernant le compte pourrait retirer les fonds désespérément nécessaire contacté support client email service client numéro de téléphone centre d'appels fermé agent dit en attente transaction spécifique client de transit mien compte livré libéré un jour plus tard reçu notification compte définitivement banni fonds retenu jour contactant le support temps capable de trouver la raison de l'interdiction,retard_livraison,elevee
"plusieurs conversations well fargo employé, y compris la conversation basée sur la direction a confirmé quelque chose déjà connu well fargo donner litige client réclamation s'il vous plaît expliquer l'entreprise impliquée de nombreux scandales impliquent client scandale survenu depuis malheureusement commencé processus de refinancement well fargo point support réclamation well fargo employé parler ordre nier faux aujourd'hui a parlé assigné dernière plainte cfpb même si l'intention parler réellement regardant parler manager a dit parlerait nécessairement vouloir parler bêtise entourant well fargo credit reporting agence a apporté exemple mauvais service client a continué à parler forte réponse stupide arrivé mauvais parler plus tard a également parlé appelé manager plus tard dans la journée engagé comportement couper parler mentionner une chose couper répondre question jamais demandé crier au téléphone essayer de ramener la conversation n'a pas fonctionné non plus gestionnaire d'expérience similaire nommé j'ai obtenu le terme utilisé faire savoir que la conversation a été interrompue n'a pas réellement fonctionné conversation civile terminée eh bien fargo dis que la chose a du sens se tenir debout mat",retard_livraison,elevee
année essayer d'obtenir le compte de carte de crédit supprimé rapport de crédit je suis un compte fermé banquier banquier raison principale paiement frauduleux compte ouvert simple facture payée compte fermé bulle charge offs tache rapport de crédit compte fermé personne ouverture compte frauduleux licencié raison information rapportée premier différend litige branche exécutive rapporte toujours un rapport de crédit c'est une bulle frais de retard ne peut pas faire un dépôt en espèces le banquier paie fermer le compte en fait de manière fermée supposé que même le banquier ne peut pas faire confiance à ce qui est juste,retard_livraison,elevee
ive dépensé lettre bureau correct paiement en retard informations rapport de crédit litige ouvert enquête compte rien rapport de crédit mis à jour montré litige ouvert,retard_livraison,elevee
"J'ai conseillé à l'entreprise de ne pas respecter le délai de paiement. Prêt pour petits titres. Envoyé à plusieurs reprises un message texte de collecte spécifique. Informations personnelles. Message vocal laissé indiquant le crédit gelé. En cours de référence, escalader le compte.",retard_livraison,elevee
"lettre envoyée concernant un rapport de crédit inexact et inconnu un jour plus tard, réponse reçue mais demande de compte supprimée immédiatement, dossier de litige en raison du stress causé",retard_livraison,critique
Ford Motor Credit Company ne date d'ouverture de la société nommée réclamation payé solde en retard société apparaître rapport de crédit faisant inexact remarque désobligeante violation juste loi sur les rapports de crédit rapport inexact payé paiement mensuel en retard entreprise a échoué montrer service d'article devoir article service acheté effectué paiement en retard acheté article service nom adresse numéro de téléphone numéro de sécurité sociale article service acheté via carte de débit de crédit espèces mandat etc formulaire de paiement soumettre remarque désobligeante doit être supprimé rapport de crédit basé sur la société a rapporté rapport continu remarque désobligeante sans licence recueillir fonctionner état d'origine actuel adresse actuelle société signalé rapport continu remarque désobligeante sans signé autorisé document entreprise embauche sollicitation service entreprise d'achat signalé rapport continu remarque désobligeante achat dette présumée due à une autre entreprise sans consentement l'entreprise a signalé rapport continu remarque désobligeante sans notifier l'adresse téléphone faire connaître la dette ainsi,retard_livraison,elevee
utilisation du site Web l'entreprise refuse de fournir un rapport en ligne raison étant donné l'ensemble du site Web permettre l'accès en ligne rapport de crédit je suis limité envoi lettre demandant rapport fournir une photocopie d'une preuve d'identité adresse requise le site Web apparaît collusion intention calculée supprimer l'accès cours de rapport de crédit gratuit l'entreprise est prête à vendre le rapport de crédit site Web de l'entreprise sans preuve d'identité photocopiée,retard_livraison,elevee
essayer de se débarrasser du compte frauduleux depuis Equifax semble pouvoir rapporter des informations précises toujours montrant le besoin supprimé montrant la journée ouverte en retard carte de crédit montrant toujours le besoin supprimé montrant la journée ouverte en retard Equifax montrant toujours le besoin supprimé montrant la journée ouverte en retard la carte de crédit montrant toujours le besoin supprimé montrant la journée ouverte en retard carte de crédit montrant toujours le besoin supprimé montrant ouvert par défaut actuel car je joins le permis de conduire carte de sécurité sociale rapport original d'usurpation d'identité,retard_livraison,elevee
service de gestion affilié suis posté deux comptes de recouvrement rapport de crédit un spécialiste d'abord signalé incorrect section fcra intitulé précision maximale trouvé tirant rapport de crédit échec avis d'émission conformément au code appel téléphonique enregistré salaire convenu supprimer mawd pathologie même si idée dette même validée accepter la dette la mienne car faible montant payé de toute façon charge envoyée lettre révoquant autorisation autorisée contact concernant les informations personnelles sur la santé phi lettre a également déclaré exigé instruire suis supprimer chèque de recouvrement encaissé clairement déclaré commentaire encaissement accord terme lettre datée x appel suivi service de facturation confirmant tout également preuve fichier suis suis envoyé e-mail de direction demandant détail confirmé essayé appel envoi avis de recouvrement code de conformité envoyé confirmer numéro adresse utilisation cabinet médical société de recouvrement de créances causé un préjudice financier émotionnel grave déclaration d'informations erronées et inexactes vérification du statut bureau d'évaluation du crédit violé la loi de l'état fédéral avis nous,retard_livraison,critique
copie demandée du rapport de crédit trois courrier du bureau de crédit inclus carte d'identité carte de sécurité sociale récente recevoir une copie du rapport de crédit demandé autour du rapport de retrait terminé service de surveillance du crédit en ligne trouvé des informations inexactes concernant le retard de paiement envoyé litige bureau de crédit via courrier certifié bureau de temps reçu litige aujourd'hui reçu un rapport de crédit experian daté rapport de crédit réponse différend reçu avis disant vouloir envoyer le rapport de crédit mentionner n'importe quoi avis de litige disant pourrait trouver un changement de dossier de crédit fait rapport de crédit reçu réponse retour bureau de crédit concernant un point d'historique de paiement inexact se sentir comme un travail de bureau de crédit sûr de recevoir une réponse simple litige bien jour assez sûr bureau de crédit supposé répondre à la loi dans la journée,retard_livraison,elevee
"continuellement violé l'article fcra spécifiquement modifié statut par lequel les informations de rapport interdites erreur réelle b avis d'information de rapport erreur de confirmation continuellement contesté compte de déclaration de nombreux différends agence d'évaluation du crédit litige ultérieur solde contesté dû jamais reçu avis de paperasse requis, y compris le défaut de notification envoyé par courrier certifié la loi donne droit à la marque du rapport de crédit historique de paiement date du dernier paiement sur trois bureaux de crédit refusé diverses opportunités de crédit produit refusé demande voir la documentation compte contrat de vente sujet pertinent justifier un rapport erroné rapport continu même si également une preuve de violation de la fcra rapportant des informations négatives inexactes différemment selon le bureau de crédit envoyé suivre la lettre indiquant le différend point frivole litige continu bureau de crédit information sur la pièce fcra exacte enquête complète apportée aux consommateurs les informations sur les fournisseurs doivent être mises à jour supprimer lesdites informations exactes et complètes dans l'ensemble du bureau",retard_livraison,elevee
la charge est apparue découvrir le relevé de carte service de protection de paiement jamais signé contacté découvrir le montant du crédit convenu le mois dernier montant de la charge informé programme membre depuis demandé vu charge importante informé garder le solde inférieur carte se sentir remboursée charge liée depuis signé sans connaissance année également voir découvrir carte régler recours collectif partie arrière ignorant le costume également jamais utilisé le plan d'avantages sociaux ignorant également ne serait jamais utilisé le plan n'aurait jamais besoin,retard_livraison,elevee
"experian continue de signaler des frais dérogatoires sur le compte sept ans plus tard, compte d'un an ouvert il y a un an malgré de multiples tentatives de litige, d'innombrables appels téléphoniques, experian a refusé de supprimer les informations flagrantes, signalant également des informations flagrantes cra",retard_livraison,elevee
Bank America a systématiquement refusé un compte de crédit temporaire litige frauduleux transaction liée conseillée Bank America envisage de clôturer le compte numéro dû réclamation déposée réclamation de compte déposée réclamation légitime conseillée conséquence également déclarée Bank America réclamation moyenne du client un an période deux dix-sept réclamation antérieure réclamation récente banque Amérique décourager le dépôt d'une réclamation par le consommateur réclamation légitime intimidé découragé le dépôt d'une réclamation légitime peur la banque retirer un crédit provisoire temporaire période d'attente,retard_livraison,elevee
"l'entreprise a suivi les lignes directrices déposées plusieurs plaintes cfpb plainte conforme déposée la société a répondu a déclaré le problème d'enquête recevoir le rapport de crédit mis à jour résultat de l'enquête le jour plus tard reçu résultat l'enquête a eu lieu fille plainte fermée insuffisamment déposée nouvelle plainte cfpb continuer rapport informations incorrectes concernant le créancier envoyé une plainte créancier réel une plainte fermée plainte sans mener une enquête appropriée résultat de l'enquête déposée plainte cfpb plainte fermée jointe pièce de preuve différente lettre captures d'écran source d'application utilisée montrer preuve rapport informations incorrectes également ajouté alerte de fraude personnellement demande ajoutée comprendre erreur signalée demandé supprimé supprimé ajouté arrière demandé supprimer adresse incorrecte supprimé tout profil ajouté arrière fille refuser de se conformer, je voudrais savoir procéder au procès, continuer à violer le droit de ma fille, inclus chaque plainte, adresse échouée, problème échoué, vous envoyer une copie mise à jour, demande de litige",retard_livraison,critique
lettre reçue indiquant la demande d'enquête refusée demande d'enquête rapport du consommateur permettre d'accepter l'accès à l'entreprise rapport de crédit montrant a donné la permission ledit consommateur une autre banque en croissant a également rejeté le litige enquêter montrer les informations personnelles du concessionnaire rapport de crédit cependant jamais demandé d'informations demande de véhicule appliquer un prêt automobile indirect rapport de crédit répertorié par la banque à deux reprises n'a pas accepté autoriser la première fois la banque alliée a envoyé une lettre indiquant bien la demande de renseignements du concessionnaire véhicule essayé de financement de crédit-bail véhicule daté autoriser l'autorisation n'a jamais essayé de financer le crédit-bail dudit véhicule,retard_livraison,elevee
compte fermé payé le american express a récemment signalé un retard de paiement correct,retard_livraison,elevee
l'année vécue a trouvé un plus grand endroit vivre le propriétaire a dit de payer le mois dernier le loyer utiliserait le dépôt de garantie appliquer vers le jour tourné clé à gauche nouvelle adresse coordonnées du gestionnaire a écrit un morceau de papier remis le dossier se tenait surveillé une semaine plus tard reçu un avis de collecte par courrier est allé appartement parler le gestionnaire a dit a gardé le dépôt de garantie payer le loyer du mois dernier a rappelé dit payer le loyer du mois dernier appliquerait le dépôt de garantie payer demandé obtenir une lettre expliquant le dépôt de garantie conservé haussé l'épaule veuillez voir la copie jointe du bail paraphé le dépôt de garantie de l'état utilisé pour le loyer du mois dernier le propriétaire de l'état ne donne pas l'avis requis dans la journée renoncer au droit d'imposer la sécurité jamais avis reçu document joint veuillez lire clairement le dépôt de garantie de l'état utilisé le mois de loyer,retard_livraison,elevee
voiture volée signalée perte totale récupérée règlement réclamation envoyée infiniti finance début covid infiniti finance commuté opération virtuelle leader temps de rétention excessif incapacité du superviseur processus de décalage de contact soumis paiement de la voiture demande complète infiniti finance fermerait le compte entier payé semaine complète suivi dit envoyer le document envoyé document déjà reçu confirmation reçu du dossier du concessionnaire local plainte infiniti finance a pris quelqu'un signer le formulaire collecter le paiement finance incapable de déposer de l'argent fermer formellement le compte leader jour de retard frais rapport de crédit enquête contestée infiniti mois superviseur assurer la délinquance frapper le crédit infiniti jamais fermé réclamation communiquée réclamation réclamation toujours ouverte extrémité reçue mot rapport de délinquance il y a une semaine rempli deuxième jour de plainte délinquance supprimé demande approuvée preuve de courrier u bureau du siège social la preuve existe téléphone spécifiquement appel téléphonique superviseur mois s'est excusé délai prolongé autorisation mettre un ticket assurer le crédit atteint fait l'entreprise fournir un enregistrement d'appel téléphonique,retard_livraison,elevee
matière experian constamment garder le crédit bas garder le crédit bas croire vouloir utiliser experian recommander appliquer certaines cartes de crédit laisser tomber le crédit même chercher du crédit garder le crédit faible raison donner la réclamation de fichier correcte description du paiement manqué récent dire dire le paiement manqué récent s'est produit inconnu joindre capture d'écran inconnue capture d'écran laisser tomber le score payé prêt ouvert un prêt de constructeur de crédit personnel doit prêter garder ouvert construire du crédit payé deviner crédit ouvert considéré comme à haut risque ca gagner la société de crédit détruire le crédit ruiner le point de vie pandémie capture d'écran disant appliquer la carte de crédit capable d'obtenir un score inférieur même dire la raison du crédit faible recherche de crédit suivre les conseils d'experians réduire le crédit même la capture d'écran ci-jointe nouveau fico scroes injuste continuer à venir nouveau score fico fou auto fico répertorié fermer agence d'évaluation du crédit arnaque prêteur travaillant augmenter le taux n'importe qui dit oh va utiliser auto fico score charge taux d'intérêt fou totalement injuste consommateur essayant d'appeler la société aller téléphone est dit score basé sur des informations,retard_livraison,elevee
droit contester la faillite essayer d'être supprimé longtemps contesté année victime vol d'identité problème de dossier mixte nom relatif capable de gérer une partie difficile contester un rapport de crédit inexact contesté premier bureau a dit avoir des informations contactées écrire contesté répondu lettre disant vérifié palais de justice directement allé palais de justice a écrit une lettre disant vérifier les informations tiers cras renvoyé reçu réponse appelé a parlé un dit lettre document tribunal possible paquet mensonge également commencé litige démarrer bon téléphone totalement fcra traiterait le litige reçu téléchargé lettre dit serait réponse rappelé recherché double vérification statut tout ce qui a été dit pourrait localiser l'heure du document téléchargé le temps est revenu le tribunal a obtenu une meilleure lettre indiquer clairement la confusion jamais vérifier l'information garantir l'exactitude du dossier public chose erronée passé téléchargé dit également fichier joint bon bien c'est dit appelé voir le statut dit lettre nécessaire quelque chose s'est produit temps téléchargé a parlé femme nommée vraiment utile a aidé un,retard_livraison,elevee
prêt de rénovation de style maison fermé service financier de homebridge deux drapeaux rouges majeurs se sont produits menant la clôture un résolu s'est plaint un découvert jour de fermeture se bat toujours au niveau de la direction exécutive obtenir résolu succès encore une semaine avant la clôture reçu document de divulgation frais gonflés construit coût de rénovation prêteur ajouté frais de réadaptation jamais mentionné enquête initiale démarrage du processus de prêt se plaindre directeur de succursale croissant supprimé avant le jour de clôture clôture vu le calendrier d'amortissement pour la première fois commencer s'attendrait généralement à une augmentation de la durée de la portée automatique du prêt d'annulation pmi prix d'achat total du coût de rénovation évaluation de l'entreprise connaître la banque utiliser une valeur moindre homebridge utilisé prix d'achat obtenu obtenir accroché pmi plus besoin en désaccord reporté préoccupation gestionnaire de rénovation confirmé incorrect dû problème englober programme confirmé début basé valeur convenu justification argument commencer demandé obtenir révisé calendrier d'amortissement corrigé ltvs montrant le point de départ réduirait le nombre année atteindre pmi anc,retard_livraison,elevee
voir plusieurs jours de retard marquer une violation claire du droit fcra la société n'a jamais répondu tenter d'obtenir une preuve de documentation prouver que le compte a été rapporté avec précision,retard_livraison,elevee
paiement échelonné représentant de l'hypothèque Sun West appelé collecter le déficit raison du paiement transaction claire hypothèque Sun West ligne de crédit utilisée couverture du trop-payé paiement du déficit paiement déclaré de l'hypothèque Sun West au bureau de crédit jour de retard suspense paiement incomplet paiement pris hypothèque Sun West discrétion jour de retard paiement jamais signalé au bureau de crédit,retard_livraison,elevee
inconnu enquête sérieuse rapport de crédit je demande vérification méthode d'enquête vérification carte citi cbna ajouter enquête sérieuse rapport de crédit société fournir la preuve suivante objectif permis preuve d'autorisation écrite connaissance de l'enquête initiée personnellement document signé autorisant l'organisation voir l'historique de crédit donc le rapport de crédit de l'enquête viole la loi sur les rapports de crédit équitables section c transaction initiée consommateur,retard_livraison,elevee
compte courant appliqué adhésion au compte approuvé visa appliqué limite de crédit approuvée autorisée ajouter une nouvelle carte de crédit portefeuille numérique fourni informations sur la carte de crédit également élu carte visa envoyée par expédition accélérée carte visa reçue via fedex autour de la carte visa gelée appelée service client voir arrivé demandé aller succursale présenter l'identité vérifier la carte appliquée autour de l'arrivée marque ca présenté carte d'identité visa le banquier passe des heures à attendre le banquier ca a déclaré le verrouillage levé le compte autour de la carte bloquée appelé le service client a dit aller succursale expliqué déjà passé jour dit succursale noter a été nécessaire faire le tour de la succursale présentée carte d'identité carte visa minute demandée revenir vendredi autour est retourné à la succursale informé nécessaire appel équipe de fraude a donné le numéro immédiatement appelé voiture demande informée visa frauduleux appliquer carte résultat compte visa carte bloquée fermé rapport de crédit signalé suivant signalé nouveau compte nouveau compte solde signalé visa temps paiement signalé transunion compte en souffrance jour signalé en souffrance acc,retard_livraison,critique
liberté hypothèque contacté remercier service offert refinancement prêt hypothécaire coût exception va frais de financement liberté hypothèque a donné une estimation du prêt coût de clôture élevé bien plus élevé taux d'intérêt moyen national d'accord première estimation dit plus intéressé décidé regarder sinon prêteur envoyé nouveau beaucoup raisonnable estimation de prêt inclus crédit du prêteur bien taux d'intérêt a changé d'avis décidé de continuer l'hypothèque liberté envoyé document de clôture final une semaine plus tard signe pourrait obtenir la date de clôture prévue examen documentation de clôture finale rapidement réalisé estimation de prêt complètement différente reçue crédit du prêteur est parti coût de clôture paiement doublé actuellement maison plus élevée effectivement dû contacté agent de crédit concernant les détails modifiés dit le numéro exact changerait plus tard besoin de signe utiliser la liberté hypothèque éthique essayer profiter refinancer le temps de taille bien un autre couteau en arrière encore une autre entreprise contraire à l'éthique essayer de profiter vétéran,retard_livraison,elevee
ben reçoit beaucoup d'appels contrôle central du portefeuille expliqué dame téléphone facture médicale réclamée même dit au travail fournisseur de soins primaires vérifier même envoyer copie assurance également expliqué victime vol d'identité au lieu de laisser seul appelé plusieurs fois menacé femme enfant disant obtenir avocat gouvernement fédéral mettre prison payer avocat capable obtenir juge mis derrière les barreaux toute la vie également dire la capacité détruire l'historique de crédit fait rapport de crédit montrer le contrôle central du portefeuille également harceler les appels plusieurs fois le matin autour de l'après-midi vers tard le soir autour essayer d'expliquer à chaque fois appeler même déranger le travail même dit même envoyer une copie de la carte d'assurance montrer le travail de la compagnie d'assurance s'il vous plaît aider problème tout essayé garder harceler quotidiennement numéro de téléphone de base appelé bénir le jour sincèrement,retard_livraison,critique
samedi est allé localisé adresse ny voir obtenir plus grande voiture famille les gens depuis obtenir contact équipe de vente a terminé la signature du contrat sans savoir l'impact se produire futur préoccupation truc gens paperasse processus vente personne nommée convaincu assurance interne protéger achat quelque chose s'est passé comme dommages pièce moteur un autre beaucoup de trucs mot contrat de service demandé plusieurs fois décidé de retirer plus tard assurance expliqué budget mensuel paiement de voiture supposé par mois coût de protection d'assurance changement de sujet supplémentaire décidé garder assurance jour achat allé centre de service véhicule bruit bizarre moteur peur conduire véhicule couple jour réalisé payer réparation plainte centre de service équipe vente dit à côté de l'assurance aussi dit jour garantie quelque chose s'est passé ln revenir en raison d'un autre bruit véhicule payer centre de service par aujourd'hui contrôle du véhicule signal du moteur clignotant appel de voiture prendre véhicule difficile obtenir rendez-vous considéré centre de service d'assurance astuce digne obtenir de l'argent client jamais mentionné ajouter un prêt de centre de service d'assurance i,retard_livraison,elevee
propriétaire Illinois service de séquestre hypothécaire syndicat hypothèque hypothécaire uhm b lettre reçue tôt indiquant le paiement mensuel du séquestre augmenté résultant du paiement piti augmentant raison due uhm estimé deuxième versement de taxe foncière numéro de réalité refléter l'exonération du propriétaire réussi appel de la taxe foncière fait facture de taxe foncière réelle estimation inférieure immédiatement contacté uhm chiffre pourrait résoudre dit nécessaire soumettre mis à jour facture de taxe foncière de l'illinois adresse e-mail à en-tête du comté appelé semaine d'attente deuxième acompte de taxe foncière facture arriver point soumis document adresse e-mail reçu avis d'échec de livraison du courrier avis soumis plainte ticket site Web soumis document représentant du service client service de chat dit ouvert fin de l'action du jour du ticket appelé uhm informé méthode invalide nécessaire soumettre une requête formelle signature jointe document pertinent également informé depuis le retard de paiement en retard dossier accordé jour délai de grâce examen résolution terminée appelé uhm a donné un contournement à chaque appel uhm prendre m,retard_livraison,critique
litige déposé agence d'évaluation du crédit concernant des informations inexactes rapport de crédit jamais reçu notification concernant le résultat de l'enquête jour déposé jour demande se conformer bureau de crédit toujours pas encore reçu de réponse,retard_livraison,elevee
"communication écrite envoyée par Lvnv Funding LLC datée de la demande de documentation justifier les informations fournies numéro de compte de l'agence nationale d'évaluation du crédit demande faite conformément aux exigences de la FCRA devoir des fournisseurs d'informations communication écrite reçue par Lvnv Funding LLC datée de répondre aux exigences de la FCRA à la place de Lvnv Funding LLC envoyée une copie imprimée du relevé de carte de crédit adressé à l'adresse demandée justifier les informations qu'ils déclarent conformément, provoquant ainsi une communication importante de Lvnv Funding LLC dans le délai légal répondre à la FCRA exige que Lvnv Funding LLC fournisse les informations suivantes preuve de responsabilité via le terme d'application original preuve de responsabilité alléguée performance faite preuve informations contenues rapport de crédit concernant le compte lvnv financement llc fourni aucun lvnv financement llc continuer le rapport informations non fondées violation du rapport de crédit droit du consommateur tenter d'en tirer profit en violant commercialement la loi fédérale potentiellement déposer une plainte pénale passible de poursuites lvnv financement llc violé",retard_livraison,elevee
envoyé par inadvertance personne incorrecte immédiatement notifiée au capital une erreur bancaire a été annoncée transaction publiée rien ne pouvait être dit au représentant recevrait une lettre dans la journée remplir le retour immédiatement toujours en attente de ladite lettre reçue lettre générique indiquant que le commerçant a fourni une annulation transaction déclarée essayée via le capital un a échoué à fournir le service essayé le contact a obtenu une réponse aiguille dire idée dite le capital un contacté a obtenu une réponse cohérente tirée par les cheveux meilleur produit de service reçu dit en contactant le capital on pouvait fournir une réponse est venu une conclusion générique,retard_livraison,critique
"mari a acheté sa première maison le plus gros cauchemar de tous les temps nouveau propriétaire depuis remplacé tout le toit morceau de bois problème de plomberie grave accumulation d'eau cour acheter installer drainage réparation fuite à l'intérieur des cloisons sèches remplacer le tapis etc vivre maison de rêve promise fermeture merci dur travail tard dans la nuit beaucoup de larmes peuvent atteindre nécessité abstention prêt moment forclusion essayer de résoudre le problème le prêteur obtenir une réponse en retour essayer d'obtenir de l'aide agent immobilier réponse se sentir bien victime prêt prédateur sous tous les angles possibles informé maison zone d'inondation zone d'inondation information jamais fournie vous avez acheté une police d'assurance contre les inondations police payée en utilisant un compte commun téléphone un spécialiste de la clôture du prêt politique achetée première fois acheteur de maison voulait s'assurer que l'achat est correct, l'hypothèque est requise, la lettre reçue, le nouveau financement américain indiquant la couverture nécessaire, l'envoi d'un e-mail, le spécialiste de clôture demande la couverture nécessaire, le téléphone, l'assurance contre les inondations, la police initiale demandée, un certain montant, la couverture nécessaire, la limite indiquée, le nouveau financement américain, la réponse, l'e-mail",retard_livraison,critique
litige déposé agence d'évaluation du crédit concernant des informations inexactes rapport de crédit rapport de crédit jamais reçu notification concernant le résultat de l'enquête jour déposé jour demande se conformer bureau de crédit encore recevoir la réponse litige initial jour demande,retard_livraison,elevee
compte ajouté créé à l'insu avis préoccupation tenir responsable accuser complicité exercice malveillant par la présente marque probable on pourrait un jour voir la discorde civile le demandeur déclarerait une réclamation injuste rencontrée délibérée déterminée résistance contre-mesure clarté réclamer recouvrement de créances recouvrement insuffisant beaucoup le reporting doit supprimer injuste allégation préjudiciable significativement déficiente requise déclaration certifiée conformité parfait format métro rapport preuve testimoniale preuve physiquement vérifiable preuve validation connexe pleine vérité exactitude exhaustivité actualité propriété identité vrai débiteur date solde audit calcul code source code de recouvrement du créancier déclaration associée fragment final minimal cinq portions identifiant personnel statut de rémunération requis confirmation collecte sinon standard obligatoire déclaration appropriée mentionnée bien que vérification traitant des aspects déficients manquants conformité de la déclaration contestation de la nature conforme de la dette faire connaître car déclaration illégale tran,retard_livraison,elevee
obtenu un prêt automobile portefeuille de consommateurs service année de paiement paiement en retard toujours payé le principal n'a jamais été finalement rendu la voiture à venir j'ai payé un dollar s'il vous plaît aidez,retard_livraison,elevee
"déclaration d'equifax plus un jour de retard numéro de compte partiel, veuillez consulter la page ci-jointe rapport de crédit ci-joint référence accord d'abstention daté le long de la lettre d'abstention confirmant l'abstention accordée lettre datée indiquer spécifiquement ce qui suit requis effectuer l'abstention de paiement trois bureaux rapportant une erreur de retard portant gravement atteinte au pointage de crédit élément d'exécution à supprimer rapport mis à jour violation des informations précises rapport de la loi sur l'information sur le crédit équitable rapport d'informations précises rapport de crédit",retard_livraison,elevee
déposé impact économique paiement compte bank west soit jeudi vendredi fonds mis à disposition lundi prochain mercredi environ pst compte vérifié trouver complètement verrouillé suspendu dit appeler la ligne du service client a déclaré pouvoir dire n'importe quoi aller étape succursale après succursale demander aller caissier grillé transaction récente effectuée expliquant le paiement remis en question compte ouvert dit déplacé état de fonctionnement de la banque régionale précédente nécessaire établir une nouvelle relation bancaire remis en question chèque précédent déposé retenu la semaine enfin mise à disposition rendu adresse déplacée dit parler gestionnaire se retirer fait attendre minute caissier finalement rappelé dit carte de débit compte annulé va fermer raisonnement chèque de relance point mentionné considéré comme une fraude au back-office typique expliqué depuis effectué annuellement seuil brut le seuil montant du chèque de relance montant à l'échelle montant différent esprit complètement dérouté institution financière réaliser l'impact économique le paiement a fonctionné expliquer rendre ledit solde disponible fonds réduit,retard_livraison,elevee
demande approuvée via Internet approbation de la demande déclaré appel approbation finale reçu approbation finale félicité le représentant a déclaré pouvoir activer la carte en ligne reçu la carte par courrier incapable d'activer appelé spécialiste du département transféré a dit nécessite d'envoyer le formulaire fiscal soumis la documentation requise à l'origine requise être approuvé croire injustement profilé pour des raisons personnelles audience du représentant cas vocal pense qu'il aurait été initialement approuvé envoyé demande de carte physique documentation fiscale vérifier le problème se sentir injustement ciblé aimerait que le problème soit examiné,retard_livraison,elevee
"appartement résidé appelé géré lors du déménagement reçu facture finale dommage au tapis dommage au tapis tentative de litige complexe d'appartement répondre e-mail appel téléphonique envoyé fichier plus tard fichier envoyé nom de l'agence de recouvrement résultat illimité tentatives litige charge reste charge charge inexacte condition de preuve fournie état du tapis de l'appartement lors du déménagement envoyé e-mail à la réception facture finale photo état de l'appartement lors du déménagement collection de comptes de dommages explication de contact résultat de l'agence de recouvrement préalable résultat illimité dire prendre des mesures judiciaires payer choisir aller tribunal également payer des frais juridiques en plus facture finale comportement opportuniste charge pandémique quelqu'un charge frauduleuse problème charge incorrecte complexe d'appartements fournir un raisonnement preuve à l'appui charge fournie preuve état de l'appartement lors du déménagement société transféré collection de fichiers bien, sans contacter une agence de recouvrement, vouloir des frais juridiques, un litige, un supplément, des frais actuels, intenter une action en justice, payer",retard_livraison,elevee
rapporter des informations incorrectes rapport de crédit transunion année plusieurs dates en dernier pourrait même trouver le nom du compte depuis ouvert à la place corriger l'erreur jour de retard fait rapport pire changement de statut jour de retard au lieu de payer complet en ajoutant un autre retard impossible puisque le prêt est arrivé à échéance payé intégralement jamais demandé à plusieurs occasions envoyer la preuve originale de la signature du contrat preuve un jour de retard à chaque fois refusé en disant ton ca trouver la cause de l'âge marque de compte rapport de crédit affectant le point de score également informations de contact rapport différent déconnecté anciennement az,retard_livraison,elevee
peut concerner l'écriture litige frais frauduleux montant du compte victime vol d'identité faire autoriser la charge demandant la suppression des frais financiers liés montant frauduleux crédité bien recevoir une déclaration précise demande effectuée conformément à la loi sur la facturation du crédit équitable amendement vérité loi sur le prêt voir aussi b compte fermé acct compte à solde ouvert acct compte à solde ouvert compte auto acct compte à solde ouvert acct compte à solde ouvert compte de collecte acct compte à solde ouvert acct compte à solde ouvert acct compte à solde ouvert,retard_livraison,elevee
contacté transunion tentative de réparation des comptes de fraude rapport de crédit rapport de fraude rapport de compte inexact henring effort obtenir du crédit victime de vol d'identité informations répertoriées apparaît rapport de crédit rapporter transaction effectuée résultat vol d'identité enquête banque l date de retrait date de retrait banque l date de retrait date de retrait banque l date de retrait carte de crédit voyage entreprise de divertissement date de retrait banque l enquête date de retrait vente société de financement date de retrait date de vente société de financement date de retrait magasin de vêtements spécialisés date de retrait banque non spécifique date de retrait banque non spécifique date de retrait banque carte de crédit date de retrait date de retrait de la coopérative de crédit date de retrait banque date de demande de carte de crédit date de retrait date de demande de carte de crédit bancaire date de retrait veuillez bloquer les informations rapport de crédit conformément à l'article loi sur les rapports de crédit équitables envoyer la notification requise informations sur les fournisseurs ci-jointes copie suivante rapport de crédit reçu entreprise,retard_livraison,elevee
carte de crédit militaire vétéran dire retard de paiement paiement automatique argent pris en compte à droite dit prendre si année fatigué entreprise mentir les dents quelqu'un a besoin d'obtenir un rapport de crédit montrer payé rapport de crédit montrer le montant d'argent payé dire paiement manqué n'a pas manqué de paiement anscavec carte de crédit aussi dire tard dans la journée le dernier paiement se souvient est arrivé comme hier prendrait la page le paiement automatique paierait le paiementdms timevfor mois changement soudain de vie travail faire paymebt tard un jour militaire a été payé chose arrive jour mois appelé demandé pointage de crédit webt voiture payée chaque temps de paiement société de finance fait raison le score est allé n'a pas été différent type de crédit je ne savais pas avoir pris le crédit de classe effectué un paiement en retard ne pas donner à l'équipe des finances la classe d'évaluation du crédit vouloir des documents juridiques juste la section de l'agence d'évaluation du crédit montrer n'a pas effectué le paiement en retard remercier la société de paiement automatique insignifiant a écrit bith agence de crédit fcra sec un envoyé une documentation juridique montrant correct savoir correct se battre grande entreprise semble ne jamais être,retard_livraison,elevee
il y a trois ans fils pris cuaf en raison d'une blessure subie match de baseball assurance salle d'urgence informations collectées copay payé instruit ligue assurance va couverture solde impayé couvert équipe ligue assurance venir trouver solde jamais couvert rapport de crédit reçu déclaration avis de déclaration de crédit récemment montré rapport de crédit appelé s'assurer régler la dette obtenir pris rapport trouverait un moyen de réparer la ligue il y a trois ans conversation enregistrée conseiller financier déclaré pris rapport de crédit dette réglée payé également déclaré lettre serait envoyée par la poste indiquant la dette payée plein crédit société notifiée supprimer dette rapport de crédit clairement pourrait email notification lettre nom agence dit pourrait prendre une semaine verrait supprimé vérification rapport de crédit changement fait appelé environ semaine semaine semaine suivi d'appel informations redondantes lettre jamais reçue même payée parler complet venir trouver lettre envoyée minute attente diverses excuses enfin capable lettre électronique initialement dit pourrait générer un courrier électronique rappelant constamment,retard_livraison,critique
prêt onemain prêt prédateur suivant la raison document paiement mensuel appliqué au prêt d'intérêt paiement mensuel moyen solde du principal appliqué contacté onemain demande à plusieurs occasions copie billet à ordre comprendre paiement en gros intérêts appliqués au lieu du solde du principal envoyé par courrier électronique document de l'entreprise tentative de comprendre l'agent payeur des frais utile par téléphone réponse reçue indiquant la succursale locale d'onemain le mieux équipé travail besoin spécifique réponse à la question peut succursale appelée journée de travail appel manqué tentative de suivi effectuée retour d'appel infructueux magasin de l'entreprise récent relevé de facturation site Web solde de la date solde effectué paiement depuis totalisant encore appliqué solde du principal frustrant assez décourageant accord entreprise pratique prédatrice meilleure loi place protéger l'entreprise de consommation rendre difficile la recherche d'informations sur la divulgation d'informations liées à un prêt frais associés taux d'intérêt partager des informations sur le compte du consommateur à moins de visiter physiquement la succursale année incroyable envoyé une autre demande par e-mail montant de paiement,retard_livraison,elevee
a fait des tentatives répétées de résoudre le problème envoyé une lettre d'équifax informant l'erreur rapport de crédit également explicitement demandé à la partie de vérifier les informations indiquées sur la liste d'équifax exactes veuillez fournir le nom de la personne fournissant les données de la bonne manière fournie l'ordre peut poursuivre un recours supplémentaire aucune des parties n'a fourni le nom de la personne fournissant les données de la manière fournie réponse concernant la réponse différend reçu quatre lettres différentes datées de la lettre jointe la lettre contenait trois déclarations incohérentes différend lié trouver un compte transféré un compte une autre société a dit poursuivre l'affaire la société a fait une déclaration récapitulative des informations exactes sans fournir de détails extrait de la lettre lettre datée de la lettre merci Equifax enquête s'il vous plaît aviser la propriété du compte transféré poursuivre l'affaire Equifax peut contacter l'agence lettre sc lettre datée remercier Equifax contactant incapable de localiser les informations de compte fournies lettre lettre datée remercier Equifax reçu de demande récente Equifaxr correspondance récente concernant le compte veuillez aviser incapable de localiser un,retard_livraison,elevee
autour du centre contacté tn aka se renseigner tout nouveau bateau répertorié vente plusieurs discussions sélectionné un prêt approuvé u banque a accepté d'avancer près d'une semaine plus tard centre de bateau atteint indiquant acheter un paquet de services ordre u qualifier u banque acheter programme protestation accepté prêt ajouté obtenir taux initialement indiqué contrat signé via scanner notaire d'état présent signature notariée faux livreur abandonné bateau d'occasion neuf acheté vous permettrait de refuser la livraison lire le contrat a vu le terme ohio demandé droit résiliation centre de bateau refusé vous permettre d'annuler le contrat d'achat appelé u banque informé problème expliqué recherché annuler noté compte fourni adresse envoyer résiliation demandé acheter taux dit fausse déclaration partie programme la banque savait l'heure fausse information utilisée induire le prêt option de durée du prêt violé la banque rien le centre de bateau a dit pourrait mettre à niveau vous avez reçu un contrat montrant l'annulation du prêt exprimé une inquiétude éthique même possession commerce de bateau perdre de l'argent crédit exécuter nouveau prêt généré accepter nouveau prêt informé dit,retard_livraison,elevee
"choqué examiné rapport de crédit semaine trouvé plusieurs inexactitudes rapport de crédit une grande société de recouvrement de crédit n'a jamais traité tenté plusieurs fois ratifier le problème créancier d'origine bureau de crédit rapportant toujours des informations inexactes et invérifiables article contesté agence d'évaluation du crédit rapporté compte confirmé valide honnêtement croire jamais relation agence de recouvrement créancier d'origine également plusieurs inexactitudes compte manière de rapport violation totale fcra fdcpa règlement de la loi bonne foi effort résoudre l'affaire à l'amiable doit exiger une preuve de dette spécifiquement alléguée contrat instrument portant signature bien preuve autorité matière absence de preuve doit corriger le rapport erroné dette passée demande d'écriture de mine s'il vous plaît fournir les informations suivantes, veuillez prouver l'autorisation usc e usc f autorisation de la matière présumée autorisation de collecte de lois autorisation de collecte de dettes présumées veuillez prouver l'autorisation entreprise exploiter l'état veuillez prouver la preuve de la dette présumée, y compris les instructions de contrat présumées",retard_livraison,critique
solde dû compte plusieurs violations signalement en souffrance solde fermé compte en retard de paiement compte fermé signalement solde incorrect rapport incorrect montant en souffrance violation veuillez supprimer le compte immédiatement solde dû créancier convenu supprimer le rapport de compte paiement effectué compte payé encore rapport de crédit solde dû compte doit être supprimé immédiatement dû année retard de paiement compte déjà fermé retard de paiement déclaré fermé solde dû méthode de vérification utilisation toujours rapport d'informations inexactes documentation fournie état mis à jour violation de compte veuillez supprimer immédiatement solde dû compte vérifié voir état mis à jour toujours rapport informations inexactes documentation fournie violation de compte veuillez supprimer immédiatement solde dû compte indexé compte chargé veuillez vous assurer produire de la documentation mine par droit donné loi sur la facturation du crédit équitable enregistrement de subvention se débarrasser instantanément de la publication incorrecte du solde dû à la mine demander de supprimer le rapport de crédit exécuter l'identité,retard_livraison,critique
consommateur envoyé lettre de suppression de transunion courrier certifié lettre de litige envoyée demandant plusieurs rapports de comptes dette présumée supprimée rapport du consommateur conformément à usc b exclusion autorisation approbation spécifique extension de crédit directement indirectement émetteur carte de crédit dispositif similaire exclu consommateur a également envoyé lettre verte accusé de réception agent signé disant reçu loi fédérale société violée consommateur transunion agent violé droit à la vie privée depuis la signature de la lettre envoyer directement contesté rapport d'article à plusieurs reprises peu de réponse entreprise réponse précédente état différend supprimé validé faux conformément usc société valider dette présumée due transunion non-conformité capable déménager famille environnement plus sûr embarrassé en raison déni l'entreprise a causé de nombreuses difficultés à la famille en raison de dettes présumées signalées rapport du consommateur conformément à la loi fédérale informations factuelles rapport du consommateur vol d'identité prescription fraude violation du droit à la vie privée caractère diffamé,retard_livraison,elevee
la portefeuille recov assoc va recouvrement compte peut concerner la demande envoyée précédemment valider la dette équitable pratique de recouvrement de créances acte reçu liste détaillée réclamation de charge présumée doit répondre aux directives de la commission fédérale du commerce constitue une validation de dette appropriée plus cas lance brennan tribunal d'appel tribunal de l'indiana a statué b l'accent a été ajouté dix-neuf jours lettre de recouvrement de créances l'avocat a envoyé une lettre déclarant le litige allégation de dette nie exiger une vérification stricte de la preuve de celui-ci enregistrement a cessé l'effort de recouvrement de créances immédiatement après réception de la lettre au lieu de procéder obtenir un jugement par défaut réclamation de recouvrement de créances envoyée par la poste vérification nécessaire donc violé b maintient cependant violation fdcpa a envoyé une vérification adéquate de la dette en octobre avis de réclamation bref intimé spécifiquement copie de réclamation contrat de crédit à la consommation général américain avis joint réclamation fournie vérification suffisante dette au sens b convenir de la manière contractuelle fournit une vérification suffisante examen de la dette le document révèle identifie le terme lo,retard_livraison,critique
"compte bancaire carte de crédit plusieurs institutions bancaires différentes utiliser des applications bancaires en ligne bbva pire plate-forme d'application bancaire en ligne convivial difficile naviguer tenter de faire un paiement par carte de crédit l'application a reçu un message d'erreur de paiement aller tenter d'effectuer un paiement une deuxième fois site Web encore un autre message d'erreur appelé représentant de paiement effectué soirée dit paiement effectué en ligne voir tentative de paiement naturellement effectué un jour plus tard paiement pris compte bancaire a atteint le temps grand relevé de carte de crédit même dit au représentant bbva les deux tentatives précédentes aller plainte supplémentaire banque soumettre la deuxième plainte séparément traiter covid occupation ne jamais recommander la communauté des clients de la banque système bancaire en ligne application obsolète année lumière derrière le repos secteur bancaire temps appelé fait point laisser représentant connaître le système bancaire en ligne difficile et convivial un représentant a dit d'obtenir le lot de plaintes demandé, veuillez noter que le service technologique de plainte spécifique pourrait recevoir des commentaires",retard_livraison,elevee
avis reçu pointage de crédit de l'agence d'évaluation du crédit allé deux fois une semaine selon le jour de l'agence d'évaluation du crédit soumettre la demande de location rapport de crédit de la maison point perdu jour trans union utilisant le compte jamais en retard payer toujours payer le jour ne jamais porter de solde utilisation de la carte master faire des achats en ligne protéger le numéro de compte bancaire en raison d'un problème d'usurpation d'identité passé trans union a signalé deux fois le compte un jour de solde comptable affectant gravement le pointage de crédit,retard_livraison,elevee
acheté support de hamac reçu produit vu envoyé hamac sans support immédiatement contacté le vendeur a dit envoyé correct contacté paypal dire la commande envoyée décrit article commandé support de hamac reçu un hamac paypal cas fermé sans égard commande incomplète reçu dit à paypal déjà renvoyé hamac société agent répertorié étiquette d'adresse de retour depuis adresse société a envoyé un e-mail à la société occasion différente demander l'adresse temps refusé donner l'article en temps opportun la société refuser de donner paypal regardant des preuves fermé cas dit article retourné de manière proactive litige ouvert fermé jamais au courant société acheté situé site Web état fonctionner loi étiquette d'adresse retour envoyé vous demandé société e-mail adresse de retour temps temps refusé donner supposer savoir situé retour également société de courrier électronique dit retourner de l'argent pas de problèmes frais d'expédition coûteux arnaque utilisé garder l'argent astuce raconter expédition cher acheter une annonce utiliser paypal jamais leçon apprise,article_manquant,critique
essayé de faire un achat épicerie Walmart carte de crédit Capitol One bloquée sans alerter refusé tentative d'achat d'épicerie Walmart étape d'appel de ligne d'épicerie le département de carte de crédit Capitol One a pris min obtenir le téléphone de l'agent Capitol One a pris une minute supplémentaire débloquer la carte de crédit est revenu s'inscrire rendre valide l'article d'achat panier d'épicerie initialement rempli déplacé caissier a demandé réinsérer le paiement paiement accepté reçu reçu un associé Walmart a récupéré l'épicerie immédiatement remarqué panier plein gauche registre Capitol refusé carte demandée arrivé caissier d'épicerie a déclaré l'article réapprovisionné carte refusée article de croyance remettre le panier n'importe quoi contact manquant caissier du magasin jamais article panier carte refusée panier récupéré caissier simplement facturé quel que soit le reçu annulé capitol une carte bloquée tri article reçu comparé reçu article reçu identifier article manquant a écrit chaque article manquant est revenu Walmart s'est approché du caissier demandé superviseur concernant la charge dite due covid pandémie superviseur incapable d'assi,article_manquant,critique
achat de marchandise en boîte ouverte marchandise bestbuy étiquetée comprend tout sauf le manuel arrivé à la maison matériel de montage manquant tentative de retour marchandise informé retour article fonctionnel pièce manquante pièce manquante installation nécessaire bien que retourné magasin plusieurs articles de la boîte ouverte suggérés tirer l'article manquant un autre un réétiqueter un article manquant dit pourrait rapporter un appareil non fonctionnel semblait dire rentrer à la maison pause le retour de l'article semblait malhonnête voulait matériel de montage déposé litige activité de la banque citi deux mois appelé se plaindre dans la semaine dit litige fermé ferait référence à la politique du magasin retour de la marchandise fournie le reçu ne montrait clairement rien manuel manquant,article_manquant,moyenne
rapport de crédit inexact liste mise à jour élément manquant rapport de crédit besoin rapport de crédit refléter les informations besoin d'enquête supprimé,article_manquant,moyenne
achat effectué date séparée reçu expédition partielle une commande commande article manquant même note disant qu'un article serait remboursé contacté le vendeur a reçu l'article partiel deuxième commande depuis avoir contacté le vendeur le moins mensuellement article manquant le vendeur a continué à dire prendre soin au courant venir message dire contacter l'assistant instruit assistant dire gérer la commande rappeler au propriétaire un autre mois aller rien atteindre l'assistant dire déjà rappelé au propriétaire le propriétaire a dit conscient prendre soin le jour aller recevoir la réponse tôt message assistance du propriétaire exprimer préoccupation article manquant depuis longtemps le propriétaire devient défensif dire voie manqué beaucoup d'articles même signe refuser regarder en arrière conversation aider image claire tête parlant enfin dire regarder donner quelques jours semaine aller réponse message mise à jour fichier de réponse litige société de carte de crédit découvrir carte valider litige inutile deux litige article manquant envoyer sac moyen envoyé marchandise payée venir toujours heureux découvrir échoué garder la date statut appel hebdomadaire dit charge valide appelé agent envoyé superviseur de cas re,article_manquant,moyenne
une personne âgée âgée souffre du droit de souffrir un individu qualifié de classe protégée citoyen américain qualifier une pénalité améliorée souhaite poursuivre le service hypothécaire phh dans toute la mesure de la loi de l'État fédéral concernant la violation applicable cas instantané agence aide veuillez vous référer au relevé hypothécaire reçu montrant le paiement mensuel régulier solde principal impayé en fonction du calendrier d'amortissement le prêt imprimé serait payé facilement le paiement mensuel revenu choqué paiement mensuel régulier modifié sans autorisation jamais signé changement de document dernière correspondance reçue demande d'article manquant aide hypothécaire solde impayé déclaration plus élevée montrer le principe jamais convenu ne serait jamais d'accord inadapté client âgé année prêt restant mois de retour chargé agent de crédit pst mettre les arriérés à la fin de l'hypothèque actuelle un an de salaire serait une amende année vouloir une accusation criminelle renforcée déposée agent de biche phh service hypothécaire crime assisté bien phh hypothèque fraude hypothécaire,article_manquant,critique
portefeuille recouvrement de créances recouvrement de créances harcèlement débiteur carte de crédit émise divorcé homme personne âgée vivant sécurité sociale temps difficile à payer minimiser les complications plusieurs semaines passées six semaines de retour à la maison appartement saccagé carte de sécurité sociale passeport permis de conduire parmi les articles compte manquant ouvert marchandise achetée se souvenir de l'ouverture du compte informé la collecte de comptes a commencé à recevoir plusieurs appels automatisés jour téléphone portable numéro de téléphone différent répondu appel téléphone portable immédiatement l'appel se terminerait à moins que le numéro ne corresponde au contact téléphone portable numéro bloqué résultat harcèlement continu appel manqué important fournisseur informer reçu paiement mois dans la semaine fournisseur annulé couverture médicament attendrait couverture d'inscription ouverte,article_manquant,critique
rapport de crédit inexact liste mise à jour élément manquant rapport de crédit besoin rapport de crédit refléter les informations besoin d'enquête supprimé,article_manquant,moyenne
rapport de crédit inexact liste mise à jour élément manquant rapport de crédit besoin rapport de crédit refléter les informations besoin d'enquête supprimé,article_manquant,moyenne
recouvrement de dettes harcèlement débiteur carte de crédit émise Comenity Bank Victoria Secret divorcé vie sécurité sociale temps difficile à payer ordonnance minimiser complication complication plusieurs semaines passées six semaines retour à la maison appartement saccagé carte de sécurité sociale passeport permis de conduire parmi les articles manquant compte Victoria Secret ouvert marchandise achetée se souvenir de l'ouverture du compte Comenity banque informée la collecte de compte a commencé recevoir plusieurs appels automatisés jour téléphone portable numéro de téléphone différent répondu appel téléphone portable immédiatement l'appel se terminerait à moins que le numéro corresponde contact téléphone portable numéro bloqué résultat harcèlement continu manqué appel important fournisseur informer reçu paiement mois dans la semaine fournisseur annulé couverture serait attendre la couverture des inscriptions ouvertes,article_manquant,critique
Paypal clôture litige marchand faveur malgré la réponse marchand paypal preuve fournie le produit marchand n'a pas été envoyé je l'ai promis remboursement bot contrôle paypals processus de litige attaché cas d'échange fermé numéro d'identification du cas résultat cas faveur détail du litige raison de l'article décrit statut du cas fermé résolution du cas décidé vendeur faveur informations du vendeur montant de la transaction usd identifiant de la transaction adresse d'expédition nj états-unis identifiant de la facture date signalée note payée quatre paquets plage sable âge emballage varier supposé recevoir paquet j'ai reçu quatre paquet unique fichier informations supplémentaires article problème pièce manquante remboursement demandé usd description de l'article http date de réponse note ajoutée référence réponse email salut bonne journée merci contactant nom grand honneur demande d'assistance veuillez accepter les excuses les plus sincères certainement niveau de service de livraison voudrais fournir une assistance à la commande du client correctement autoriser l'offre de remboursement article manquant permettre veuillez expliquer le processus de remboursement article x unité remboursement de l'article revenir en arrière formulaire original mode de paiement avec,article_manquant,moyenne
charge contestée il y a dit recevoir l'article encore hier reçu appel message dur comprendre l'homme accent lourd disant quelque chose contesté répondre heure entendre numéro de téléphone aujourd'hui compte vérifié acheter pouvoir transaction refacturé recevoir l'article payer le capital une taille unique simplement refacturé compte faux s'il vous plaît inverser depuis la pandémie personnes zone rapport article manquant commande peut-être le voleur obtenir l'article payer aussi opportunité répondre à l'appel car pourrait faire l'accent dû manque de clarté,article_manquant,moyenne
fait litige deux achat banque alliée deux article numéro de litige article dit dit à la banque alliée deux article défectueux signalé achat non autorisé à la place défectueux avis reçu disant que l'achat autorisé initialement signalé fournirait problème de crédit documentation demandée utilisé prendre une décision litige droit reçu deuxième fois demande de document mois depuis la première fois demandé dit à la banque alliée aujourd'hui pris note envoyer le document correspondance de chat bancaire allié date horodatée sûr utile capture d'écran conversation serait,mauvaise_qualite,faible
entreprise contactée prêt en ligne dit aller dépôt prêt argent compte chèque banque synovus jamais matériel publié en ligne fraude post jamais donner des informations compte chèque quelqu'un mettrait-il à jour l'activité bancaire banque prêt en ligne société entreprise en ligne offre de prêt escroquerie entreprise banque réglementation police étendre société consommateur mis en évidence avertissement type les gens savent tenir responsable réel faux savoir dépendre directeur de banque employé savoir utilisé chaque entreprise fraude chèque répertorié livre chaque entreprise a émis numéro de chèque appel chèque émis peut-être covid virus savoir nécessaire prêt argent déplacer médecin facture voiture pensée compte légitime banque négative a donné de l'argent dit réel demander plusieurs fois mettre de l'argent retour de la carte retour de l'entreprise prêt dit crédit mauvais établir le crédit pourrait rendre de l'argent rythme rapide ordre aller prochain montant du prêt fin pourrait obtenir le montant vouloir prêt ressembler à une arnaque banque synovus contrôle bancaire connaissance bon chèque sans provision prendre le risque banque dépendante dire la vérité s'il vous plaît essayez d'aider chaque banque soit arnaqué fait identité volée,mauvaise_qualite,faible
question cash app naturellement pensé service client numéro trouvé associé nom de l'application cash logo appelé numéro numéro toujours disponible en ligne appelé dit journal nécessaire téléphone Android téléchargé téléphone connecté a obtenu l'accès cash app dit besoin de mettre le numéro de code problème correct mettre envoyé tag id mettre le montant tag id un autre montant également interrogé à plusieurs reprises assuré l'argent reviendrait code transaction terminée accroché rappelé allé téléphone essayer d'annuler la transaction volé dollar facture en difficulté devenir fou fausse entreprise utiliser une autre entreprise grosses applications d'argent nom logo voler les gens argent pris internet,mauvaise_qualite,faible
envoyé un e-mail ordinaire e-mail de l'école escroc en gros dit au professeur enseignant étudiant handicapé à l'étranger besoin d'un assistant rentré à la maison le salaire semblait sympa offre acceptée envoyé faux chèque déposé banque aider à payer le dépôt de garantie chèque déposé envoyé deux paiement cashapp envoyé deux paiement tout semblait normal aujourd'hui banque négative appelée banque aujourd'hui dit depuis le chèque déjà déposé a donné de l'argent moyen pourrait récupérer de l'argent dit à la police du complexe,mauvaise_qualite,faible
argent emprunté entreprise plusieurs fois toujours rembourser emprunté comprendre la nature prêt risqué temps désespéré appelé en raison de la crise fermeture de l'entreprise gouvernement local fédéral a écrit appelé société expliquée situation racontée en raison de la crise peu de revenus à venir envoyé lettre de révocation même mettre stop payer la banque envoyé par e-mail en espèces peu importe l'entraînement demandé option de remboursement différente impliquer la rédaction d'un compte qui ne répond même pas créé un faux chèque obtenir un compte d'argent pourrait ach arrêter le compte de paiement presque un trou a touché le compte deux semaines plus les frais de découvert chèque de paie presque un mois en difficulté pour nourrir la famille,mauvaise_qualite,faible
payé de l'argent de l'entreprise sans le savoir annulé immédiatement l'application en espèces a été remboursée dont l'argent n'a pas été débité par carte de débit,mauvaise_qualite,critique
escroc pirater les informations de compte déposées faux chèque filaire auto argent banque essayer dire payer département de fraude prendre soin problème usaa,mauvaise_qualite,faible
entreprise de déménagement n'a jamais fourni de service déménagement toujours facturé litige frais poursuite banque annulée aujourd'hui remarqué réclamation inversée sur faux documents entreprise de déménagement disant faussement service terminé entreprise de déménagement n'a jamais fourni le service requis déménagement appelé déménagement a cessé de répondre remboursement montant total entreprise n'a jamais fourni le service requis contrat déménagement dépôt payé anticipé appelé au moins dix fois trois semaines réponse e-mail téléphone forcé annuler déménagement embaucher une autre équipe de déménagement atteinte a demandé un remboursement complet service client général e-mail directeur des ventes a cessé de répondre à l'appel e-mail en mesure d'autoliquidation envoyé paperasse Chase Bank disant que le service est rempli toujours facturé réclamation inversée aujourd'hui suite à la réception de faux documents,mauvaise_qualite,faible
passé commande internet transmission camion floride coût demandé paiement intégral mettre le solde restant capital on a dit prendrait une semaine recevoir promis téléphoné de nombreuses fois trouver le délai donné nouvelle date d'arrivée camion installé professionnellement pourrait conduire transmission en avant téléphoné se plaindre dit réparerait le salaire nécessaire garantie également nécessaire envoyer le camion de base de transmission refusé instruit fidélisation de la clientèle spécialiste navire transmission retour envoyé en indiquant la raison retour fourni informations d'expédition expédié en arrière copie facture connaissement confirmé téléphone reçu commission du camion sept semaines magasin de transmission reconstruire transmission payé contacté capital un expliqué retourné défectueux transmission crédité compte cependant soixante jours capital un a remis la facture facture dit contact à plusieurs reprises dit problème capital un a volé d'avant en arrière sans résultat contacté réclamation récupérer le capital un refuser le compte de crédit,mauvaise_qualite,faible
westlake finical repo voiture deux fois lieu de repo voiture en désordre chose volée la compagnie automobile n'aidera pas à dire le problème demander le numéro signaler les dommages donner un faux numéro je suis vraiment nourri je veux voir le rapport aider les dommages causés,mauvaise_qualite,faible
fermer nouveau départ vérifier le privilège de découvert en raison covid fraude quelqu'un a déposé une fausse demande de chômage nom du mari email web sombre mot de passe exposé notifié banque ouest problème le mari a ouvert un compte régulier la dernière fois approuvé littéralement problème d'ouverture retenue de dépôt facturant des frais de découvert article effacé clairement un temps négatif la compensation a commencé appelé remboursé deux frais de découvert depuis facturé de nombreuses fois détenu dépôt automatique facturé découvert argent compte actuel appelé succursale centre d'appels même suspendu,mauvaise_qualite,faible
attention protection des consommateurs signifie fraude s'enquiert bureau experian refuser supprimer la demande supprimée immédiatement ne signifierait jamais ne jamais appliquer de crédit ici automatiquement saurait devenir une entreprise à moins que le score de crédit soit plus élevé ok sachez que jamais appliqué société de crédit tout le monde sait s'il vous plaît supprimer ceci est gentil garder les gens furieux permettre genre continuez à travailler dur des gens innocents essayant vraiment très très dur obtenir la vie redresserpas une seule fois genre conception fradulente partie triste agence travail protéger vous consommateur emploi crédit acceptation vous plaisantez ne fréquenterait jamais les gens jamais les gens financent voiture jamais beaucoup de voiture priod s'il vous plaît supprimer voir temps beaucoup prêt voiture n'ont jamais besoin d'être appliqué voir finance société financière appliquée obtenir un rapport faire fonctionner les gens arnaque bureau de crédit obtenir un rapport signifie ruiner les gens qui mentent la société d'enquête doit être payée voler le numéro de sécurité sociale faire une liste placer des rapports de créditest un créancier frauduleux se faire payer une liste de fausses informations mentant un rapport de consommateur innocent n'est même jamais venu appliquer un bus de crédit,mauvaise_qualite,critique
mettre un litige visa carte de poursuite recevoir un service payé carte de crédit dit autorisé marchand payé sans fournir de service marchand fourni faux e-mail une autre personne famille autorisée à utiliser la carte indiquant plus longtemps voulu litige frais ne voulait pas litige frais contacterait la banque commerçant techniquement carte de crédit autorisée quelqu'un compte annuler litige bien qu'une maison demandée voir la déclaration de preuve ignorer la demande a écrit Chase bureau exécutif département des litiges plusieurs occasions réponse demandée voir document réclamation terminée litige plainte un accès dire concernant le compte sauf les personnes compte fourni déclaration signée réclamation de la personne dit au commerçant ne voulait pas poursuivre le litige indiquant la direction de la chose annuler le litige mettre venir le titulaire de la carte le commerçant contacté demander le document vrai légitimement litige département commerçant illégal mois continuer à envoyer chose deuxième troisième demande réponse svp aide reçu service facturé preuve suffisante,mauvaise_qualite,faible
erreur survenue victime cherchant actuellement à s'inscrire à l'université refusé d'obtenir un prêt erreur dossier de crédit contacté entreprise envoyée preuve montrer l'adresse pobox fausse signature électronique compte toujours supprimé dossier de crédit,mauvaise_qualite,faible
takena regarder rapport inconnu société nommée harris harris perplexe situé rapport de crédit numéro de téléphone numéro de compte adresse correspondance appelé demandé inconnu dette a donné le nom du système d'information adresse de téléphone rien demandé homme rapport de crédit réponse excusé demandé appel bureau de crédit être supprimé sgould permettre étrange entreprise mettre la dette sur mon rapport procédure régulière jamais reçu lettre accusant n'a jamais eu de réfutation de jour c'est illégal avocat connaître procédure régulière acheter frauduleux fausse dette chiffre procédure régulière ne s'applique pas essayer d'être payé obtenu des nouvelles veulent protection loi alloue consentement vouloir résolu dès que possible chercher remède mis en place protégez votre prédateur comme Harris Harris des facilitateurs comme une violation de la loi sur la vie privée fcra fdcpa n'a jamais signé le formulaire de libération hipaa fête voir dossier médical fraude inexacte faux appelé dette blessant la famille pandémie envoyer contrat signé rapport de contrat commercial consentant dans la journée par fcra,mauvaise_qualite,critique
à plusieurs reprises service de prêt de Lakeview menti collègue respect vous fournissant le document nécessaire fermer la transaction appel de l'emprunteur autoriser votre compte temps temps fourni fausse promesse même si suivre les instructions données faux numéro de téléphone fichier d'appel le gestionnaire de plainte a refusé de parler même si j'ai attendu l'heure d'attente continuer à indiquer le fichier d'autorisation même si envoyé plusieurs fois par semaine confirmation retour connaître la demande reçue le temps vous permettant de remplir la transaction finale nuisant à l'entreprise,mauvaise_qualite,faible
choix précédent système applicable arrivé bureau parlé aujourd'hui fourni un excellent service information cas implique vol compte courant personnel incompétence deux banque trois transaction compte courant personnel fait personne utilisant un chèque contrefait frauduleux banque Amérique chèque déposé chèque contrefait chèque légitime posté essentiellement chèque n'a jamais existé chéquier chèque le plus élevé criminel numéro de chèque modifié tout le reste chèque identique chèque original sauf numéro de chèque modifié tentative présent nouveau chèque indépendant chèque effectivement faux chèque banque Amérique chèque déposé chèque contrefait chèque légitime identique posté numéro de chèque changé personne encaissant le dépôt du chèque posté fraude réalisée détection d'interruption chèque bancaire de la banque américaine Chèque total affiché volé,mauvaise_qualite,faible
a pris connaissance du prêt cashnet usa contracté en utilisant des informations personnelles victime d'usurpation d'identité traitant actuellement de plusieurs événements différents a tenté de résoudre le compte frauduleux directement cashnet usa a parlé à plusieurs reprises téléphone email depuis la semaine dernière compte déterminé légitime déclaré devoir dettes indépendamment parlé concernant le compte prêt sur salaire déposé compte lié confirmé déposé rapport de police concernant bien demande de prêt sur salaire utilisé faux numéro de téléphone adresse e-mail bien faux employeur preuves suffisantes confirmant l'ouverture du compte responsable souhaite cashnet usa cesser la collecte par courrier de confirmation fermer le compte frauduleux,mauvaise_qualite,faible
eh bien fargo banque permettant une atténuation extérieure demandée plusieurs fois remboursement même proche montant devons règlement clair signé mécontent remboursement partie programme rien ruid franc jour a commencé mentir il y a un an banque mieux aujourd'hui jour volé camion déposé plainte obtenir lettre besoin de temps lettre banque droite inutile vraiment occ lift cap valeur max mille personnes fou cpi faux compte fraude hypothécaire changement de paperasse prêt papier mentir tour actuel arnaque mois les gens l'amérique n'a pas besoin bien fargo te causant des maux de tête temps cause aller affaires,mauvaise_qualite,faible
cabinet d'avocats réclamation devoir dette complexe d'appartements mais rayon refusé fournir l'adresse originale du créancier numéro de téléphone vérifier les informations de la réclamation appel du créancier original dire appeler brett borland la bureau rond rond croire fraude fausse dette,mauvaise_qualite,faible
arnaque appel téléphonique ordre de recouvrement fausse dette carte mentionnée fermée il y a longtemps nom de jeune fille précédent mentionné nom changé encore carte menacée intenter une action en justice tentative de recouvrement de l'argent doit une carte de crédit existe plus arrivé arrivé travail ignoré question posée rappelé homme répondu en utilisant le prénom entreprise dette réelle arnaque,mauvaise_qualite,faible
la transaction apparaît fausse entreprise mois appelé payé crédit paypal total savoir soi-disant personne recevant de l'argent société détenant le produit recevoir le paiement effectué société libération du produit à la place a continué à exiger de l'argent déposé litige paypal cependant refusé réclamation transaction autorisée vrai réaliser que le produit aurait reçu récemment demandé décision d'appel avance rapide tôt société frais réduits toujours demandé requis envoyé via l'adresse e-mail un autre produit de la société participant recevrait de l'argent solde de trésorerie paypal bien que sceptique envoyer de l'argent la société demandant une autre confirme l'arnaque du produit envoyé par e-mail demander l'argent retourné compte paypal cependant s'attendre à ce qu'il se produise plainte pour arnaque du participant cependant crédit paypal un refusé litige trouvé faveur société,mauvaise_qualite,faible
portefeuille de récupération associé llc reçu fausse lettre de dette portefeuille de récupération associé présent rapport de crédit lettre de recouvrement de dette lettre d'état objectif informatif tentative de collecte de dette communication collecteur de dettes tentative de recouvrement de dette portefeuille de récupération associé ajouter déclaration licence collecter des dettes michigan laisse voir lettre tapée dette acheté lettre de garde en chaîne portefeuille récupération associé dactylographie fausse lettre envoi senior argent gratuit arnaque nom machine à écrire portefeuille numéro de téléphone machine à écrire code créancier lettre chose mot vendeur portefeuille lettre état carte de crédit compte solde acquis portefeuille récupération associé llc portefeuille récupération associé état compte vendu portefeuille récupération associé grande différence vendu acquis portefeuille récupération associé rapport de crédit compte collection diminuer le crédit score utiliser le temps du rapport de crédit portefeuille de récupération associé doit envoyer faussement une lettre par courrier argent gratuit va collecter un jour supprimer le rapport de crédit lettre envoyée autorité appropriée audition autor,mauvaise_qualite,faible
"acheté un article à prix élevé en utilisant Klarna le prêteur a reçu ledit article décrit a été victime d'une arnaque quelqu'un en ligne a changé de nom et d'adresse en espérant qu'il perdrait le colis de l'argent en mesure d'obtenir le colis le bureau de poste a ouvert le paquet tas de fausses cartes enregistrées l'ouverture de la carte se sentait comme un enregistrement du journal des appels message appelé Klarna récupérer de l'argent dit récupérer la plate-forme de remboursement le vendeur a dit de geler l'argent ouvert le dossier fermé dit la rétrofacturation geler le paiement fermé le dossier aller en arrière récupérer de l'argent klarna aide à perdre stressé je veux obtenir un remboursement déplacer un coincé rock dur endroit personne ne semble aider à droite même signalé fraude postale service d'inspection postale des États-Unis également signalé des preuves du bureau du procureur général, même toujours l'emballage veut que Klarna ait le droit de récupérer de l'argent déplacer des preuves vidéo ouverture du paquet toujours bien en possession du colis",mauvaise_qualite,faible
"ouvert un compte courant en ligne effectué un dépôt initial document reçu, y compris une carte de débit le jour même signé une facture de dépôt bancaire en ligne paiement transfert banque banque atm accès droit premier dépôt mobile déposé trois chèques en utilisant le dépôt mobile trois chèques deux chèques de paie durement gagnés troisième un rabais compagnie d'assurance maladie chèque légitime compensé banque émettrice banque dans l'heure dépôt donnant l'opportunité prouver la légitimité chèque réclamé contrefaçon décidé fermer le compte bloquer l'accès fonctionnalité bancaire y compris le dépôt essayé d'atteindre la banque du département concerné j'ai obtenu une résolution à la place traitée comme un fraudeur a raconté l'histoire déposé un faux chèque même si fourni une preuve de légitimité chèque déposé argent perdu processus précieux droit constitutionnel violé n'a pas procédé à une action en justice trouvée dommage prouvable la réputation n'assure pas les dommages à moins que la banque dise trouver des dommages acte discuter de circonstances différentes aujourd'hui rempli plainte recherche histoire de la banque résoudre l'inquiétude croyait également que la banque était engagée dans une activité frauduleuse",mauvaise_qualite,faible
dame a volé identité travail donné min information poursuivre entreprise poursuivre fait fausse carte d'identité info obtenue prêt ligne crédit carte de crédit prêt étudiant partie année travaillée voler personnes info aussi compte un un pièce jointe au fils compte signalé ligne fermée crédit également carte supprimée en raison de fraude appliqué compte arrière récemment jamais numéro de compte de carte vouloir toucher cas juge accordé collection responsable dette achetée signalé validé mien dame ouvert compte numéro de compte pa besoin supprimé immédiatement bloqué obtenu alerte de fraude achat trucs à la maison est revenu empêcher la fermeture regarder fichier payer tout temps besoin supprimé immédiatement ftc attaché véritable pièce d'identité attachée s carte attachée voleur fausse pièce d'identité facture ci-jointe rapport de police lettre ftc ci-joint notaire ci-joint en direct mois mois travail comme année,mauvaise_qualite,critique
entreprise frauduleuse disant qu'une autre entreprise a reçu une carte de paiement faux médicament bien police impliquée poursuite toujours en cours de facturation problème de transaction poursuite supportant la fraude numéro de réclamation de l'entreprise,mauvaise_qualite,faible
ordinateur portable acheté en ligne directement mort expédié ordinateur portable de remplacement plaçant la carte de crédit en attente de retour ordinateur portable défectueux reçu apparemment perdu ordinateur portable défectueux tournant tenir la livraison des frais au moins un jour avant le délai de retour de deux semaines déposé un litige découvrir la facture de la carte fermée y compris la copie de réception de la facture le reçu prouvant la livraison dit tout résolu voir la charge donnée,mauvaise_qualite,faible
début découvrir carte piratée commencé minute mettre de l'argent compte bancaire début obtenu données commencé à envoyer une fausse copie de facture refusée payer excellent client câble téléphonique piraté chaque navigateur chaque site sie pourrait contacter sauf atteindre un port étranger personnes étrangères preuve tentative contacter chaque société d'application de la loi disque dur compromis finalement carte de paiement l'année dernière appelé découvrir nouvelle carte obtenu des informations le mois dernier reçu facture cabinet d'avocats demandant le paiement depuis le dépôt d'un document judiciaire écoeurant pourrait obtenir un nouveau crédit de temps caed ruiné besoin réparé obtenir des choses s'il vous plaît réparer éternellement reconnaissant volontiers aller au tribunal document accusant fausse découverte hacker téléphone piraté appel découvrir détourné incapable d'atteindre,mauvaise_qualite,faible
année commencée à l'université nouvel ami voulait voir le billet de concert vendu à un ami a raconté une très bonne expérience d'achat de billet a envoyé un message à des gens un a récupéré acheté quatre billets frais paypal montant peu de temps envoyé de l'argent personne vendant un billet compte supprimé plus capable message déposé une plainte paypal décrivant la raison exacte de l'altercation aurait besoin d'argent remboursé refusé histoire réclamée billet crédible reçu contrefait,mauvaise_qualite,faible
appel téléphonique constant collecter les dettes de carte de crédit réclamées dues à l'entreprise appeler le téléphone constamment un numéro de téléphone différent également appelé téléphone de l'épouse frère parent sœur droit téléphone lieu de travail gauche entreprise réclamation collecte de comptes différents ordinateur appelé hsbc un autre partenaire appelé chaque semaine a répondu demandé entreprise supprimer le numéro nom appeler membre de la famille continuer l'appel de manière agressive dire payer suite civile déposée prendre le tribunal a signalé l'entreprise à plusieurs reprises continuer l'appel société dire situé ville natale maison de disques près également appeler la ville près en utilisant un faux numéro,mauvaise_qualite,faible
licence nmls détenant un prêt en otage montrer le contrôle du processus de prêt traîner le rapport de crédit a parlé prêt dit attente de téléphone fourni preuve de paiement preuve du prêteur l'argent est revenu image démolir le jour ouvrable a menti dit jour ouvrable heure parlé parler grossier bouche pleine nourriture gomme inverser tout convenu le matin parlerait comme harcelant nat expliquant envoyé document requis le concessionnaire a également envoyé le document demandé réclamerait jamais envoyé l'hypothèque mettrait volontairement à jour le concessionnaire de documents fourni connaître l'armée active car la manière de traiter le manque de respect comme les militaires croient délibérément traîner le prêt parlait voulait un autre acompte d'un dollar totalisant la plainte a chuté en arrière organisation à but non lucratif acompte supplémentaire mauvaise attitude recevoir un acompte aide revenu plus revenu de la femme chose préqualifiée lieu hypothécaire correct séquestre montant document réclamation loi fédérale mandat estimation année impôt payer école exonération d'impôt réclamation charge impôt exonération d'impôt dit loi fédérale dit obtenir un document indiquant beaucoup d'impôt f,mauvaise_qualite,faible
crédit refusé basé sur des informations erronées fournies perte résultante d'achat article obtenir meilleur achat carte de crédit meilleur achat utilisé fausses informations fournies refuser le crédit accepter un litige en ligne litige informations erronées numéro de téléphone permettre rapport litige en raison d'un temps d'attente long pendre heure limitée fonctionnement apparaît niveau de sécurité nécessaire empêcher l'entité d'accéder au rapport de crédit nécessaire compte marchand numéro de sécurité sociale fournir voyagé meilleur achat état refusé ratio de base de crédit depuis le revenu de la dette bonne impossibilité,mauvaise_qualite,faible
"La société de services de prêteur FCI allègue que le propriétaire de l'hypothèque a demandé une abstention de service en raison d'une perte de revenu. L'entreprise a refusé de vous donner une abstention, même reconnaître une demande faite au cours des deux dernières années. Demande répétée du service de prêteur FCI. Note de présentation au lieu d'accorder la demande déplacée accélérer l'effort de prêt. exclure une découverte antérieure. Document contrefait fourni. fausse tentative de saisie découverte, veuillez noter la correction effectuée fausse hypothèque inconnue acte de registre hypothécaire complètement différent massachusetts knowledge fci simplement état ignorant le fait d'irrégularité flagrante, cet acte constitue donc l'énonciation d'une statue criminelle tentant de recouvrer une dette à travers la frontière de l'état en utilisant sciemment une fausse documentation cas massachuse",mauvaise_qualite,faible
problème bureau d'évaluation du crédit fonctionnant en parallèle rapport de l'entreprise examen précis faux cfpb supposer enquêter sur l'exécuteur experian id découverte faite maison financiaxxxx audience reconnue coupable déposée plainte fraude délinquance rapport de l'entreprise mise à jour réclamation autorité experienne écrire délinquance cr corrompu servir action du consommateur calomnié crédit refusé crédit,mauvaise_qualite,faible
entreprise offrant aide service client crédit prêt inciter l'aide famille petit bébé à venir tuer le crédit fausse entreprise abuser des informations de crédit peut-être des informations de capture d'écran aider à lutter contre la dette je ne sais même pas ce qui s'est passé essayer d'obtenir de l'aide pour obtenir des choses sentir aider le souffrance faire une expérience controversée abus vers samedi on veut faire changer le monde aimerait voir les autres,mauvaise_qualite,faible
cher cfpb lettre reçue agence de recouvrement réponse société de recouvrement de créances faire savoir par état loi fédérale besoin d'informations en jachère demande originale signature originale déclaration facture reçoit respect inconnu agence de recouvrement de carte de crédit ne jamais envoyer la documentation demandée envoyer noir blanc déclaration regarder faux un système imprimé demander à l'agence de recouvrement envoyer reçoit signature achat effectué carte de crédit inconnue dernière demande veuillez contacter arrêter d'envoyer la lettre de notification la carte de crédit la mienne appartient soit merci respectueusement,mauvaise_qualite,faible
reçu un e-mail indiquant une nouvelle demande sérieuse synchronisation de la carte de crédit nationale compagnie aérienne recherchée litige meilleur moyen soumettre une plainte gars autoriser une demande difficile savoir synchronisation b formulaire appliqué crédit autorisé quiconque exécuter le crédit a récemment regardé l'entreprise en ligne vu de nombreuses plaintes fausse société appelée synchronisation carte de crédit nationale compagnie aérienne apparaissant personnes compte enquête difficile va aider serait grandement apprécié,mauvaise_qualite,faible
appliqué produit commandé lors de la réception de la marchandise produit défectueux produit retourné reçu appel dire devoir entreprise expédition retour produit expliqué représentant produit défectueux retourné accepter charge dit serait donné montant du crédit dû solde réfutation demander société de crédit ajouté une autre demande de crédit un rapport rapport de crédit appelé a montré le compte dit tiré besoin de crédit appeler le compte du bureau de crédit supprimé crédit appelé dit pourrait supprimer l'enquête afficher l'heure mois appel la société électriquement retirée ferait un ajustement appelé dit le nom du responsable du compte a dit voir l'enquête de crédit deux fois rien n'a pu être placé tenir minute,mauvaise_qualite,faible
fl délai manqué pièce jointe agent immobilier à l'attention de l'allié salaire financier allié fraude financière négligence bonjour allié financier réel décideur réponse pgs acheté allié financé financier payé solde de départ mais reçu avis allié prêt financier payé via le concessionnaire terminé accepté allié avis d'honneur financier allié dire devoir fou escroc négligent essayé de négocier offre équitable allié mois allié ali ignorant complètement u zéro solution personnel décrochage négligence vous ne poursuivez pas allié financier se rapprocher vraiment fl manqué délai agent immobilier attn allié salaire financier allié fraude financière négligence bonjour allié financier décideur réel réponse essayé négocier offre équitable mois allié tout arrêté allié financier illégalement sans consentement taux d'offre mo allié financier besoin match offre transfert prêt allié dès que possible option allié offre financière juste offre en espèces ac payé allié financier voir pièce jointe neuf paiements quatre paiement allié jamais enregistré comptable dit allié financier compte définitivement négligent nous poursuivons allié financier su,mauvaise_qualite,faible
"peut s'inquiéter voudrait déposer une plainte agence de recouvrement service de crédit Sunrise bien ni une ni deux agences de recouvrement contactées au préalable vérifier la réclamation de la dette recouvrement du service de crédit Sunrise réclamation reçue recouvrement de la dette selon l'en-tête lettre de collecte du passé à part obtenir la carte de crédit plusieurs articles retournés entreprise temps apparent charge bancaire montant des frais compte de charge solde en cours agence de recouvrement des frais faisant semblant de traiter ajouter des informations sur le statut frauduleux sur le dossier de crédit calomnie ruiner le crédit année de transaction en particulier essayer de placer la date du statut frauduleux sur le dossier de crédit vrai toujours intentionnel problème de facturation banque chaque fois que le consommateur achète un relevé d'article ne jamais montrer les détails de l'article acheté retourné passé fait de nombreux appels téléphoniques service à la clientèle Eh bien, la banque essaie d'obtenir de l'aide concernant un mauvais compte de débit et obtient un crédit plusieurs gros articles retournés une situation aspirateur de marque défectueux acheté article envoyé retourné plusieurs fois la cartouche resterait",mauvaise_qualite,faible
bsi financier semble fiable gestionnaire d'hypothèque paiement séquestre refinancé il y a un mois assigné servicer à peu près à temps prime annuelle d'assurance habitation due montant sous-payé dû conduit lettre multiple compagnie d'assurance habitation menaçant d'annulation enfin capable de contacter quelqu'un jour prime initiale due politique du jour prévu annulé en raison bsi nerf envoyer la lettre aurait besoin d'acheter l'assurance habitation au nom de la police d'annulation à venir la compagnie d'assurance a envoyé fax bsi notifier par e-mail paiement notifié traité le jour reçu réponse e-mail également demandé payer la facture de taxe foncière due réponse envoyée rappel e-mail accès au centre de messagerie enregistrement envoyé e-mail en raison de mauvaise qualité site Web point entier escrow protéger le prêteur contre la forclusion en raison d'une garantie fiscale serait un paiement fiable de la facture bsi,mauvaise_qualite,faible
hologramme carte faisant apparaître bien que jamais fermé compte arnaque carte volé cellule cloné réseau acheter quelque chose vendre faux prendre de l'argent quelqu'un piraté ipad montrant en utilisant un service chargé clé de voiture clonée porte ouverte obtenir voiture balade joyeuse voler voiture addition cellulaire constamment lâche vêtements achat envoyé pas cher devant comme de l'argent volé atteint police pense mentir preuve acheté paire sandale il y a un an quelqu'un continuellement article acheté faux article remplacerait article volé voiture hachée remplacé partie collègue indirectement dit fait victimisé aide ciblée police complexe d'appartements permet aux gens appartement voiture intentionnellement feuille porte ouverte laisser quelqu'un entre apt argent volé bijoux couper vêtements de marque,mauvaise_qualite,faible
il y a un mois réalisé victime vol d'identité causé cyber hacker un compte frauduleux compte bestbuy ouvert activé période temps état actuel suivant instruction résolution processus déposé plaintes vol d'identité de la victime rapport ftc rapport de police victime se plaindre affidavit police shérif dept fbi se plaindre bien institut financier carte bancaire impliqué litige déclaré compte résultat vol d'identité document joint preuve cependant toujours en difficulté cbna retour en arrière contestant le compte sans solution a insisté compte frauduleux ouvert nom un service de carte de prestations cbna n'a jamais correctement répondu a montré légitime processus d'enquête conclusion correspondance bien que demandé cbna validant vérifiable terme lettre de litige prouver si le compte le mien montrer la carte utilisée a envoyé la demande originale du relevé de facture du mois demande montrant une fausse signature le demandeur même fermer un relevé de mine similaire a montré la facture payée automatiquement la banque n'a jamais associé le compte bancaire divulgué situé il a utilisé la configuration du compte de paiement automatique,mauvaise_qualite,elevee
contesté supprimé trois agences d'évaluation du crédit rapport de vérification préalable compte une autre agence de recouvrement rien envoyé confirmant le compte précédemment contesté supprimé appartenir à une société de recouvrement légale ajouter une collection vérifier envoyer une notification au consommateur concernant un faux compte,mauvaise_qualite,faible
solde de la carte de crédit déclaré rapports de crédit déposé litige non utilisé utilisation de rapport de crédit article supprimé signalé rapport de crédit contesté supprimé temps rapporté négatif experian continuer rapport négatif article appartenant contacté réponse du créancier experian a déclaré litige dit article experian loi de l'état temps de litige experian informations de compte verrouillées voir à droite informations de litige correcte vie de famille rue en raison de fausses informations rapport tourné manque d'emploi à la maison en raison de la grande loi requise inposté faire un travail infos de culasse informations fournies informations perdues,mauvaise_qualite,faible
client citibank na année première fois litige de fraude pour la première fois essayer d'obtenir des informations cas résolu frais de fraude compte publié à l'origine d'un montant un autre déclaration de fraude citibank frais inversés service de fraude de citibank déclaration enregistrée demandé envoyer une lettre de preuve concernant des frais non autorisés lettre envoyée résultat suivant avis de compte de frais de fraude donné résultat litige demandé réclamation refusée dit recevoir des preuves même si envoyé faux reçu le commerçant a pris une photo dit besoin d'envoyer lettre d'appel lettre d'appel envoyée rayon fraude litige département reconnu réception lettre d'appel problème de dépôt lettre de réception demande en double enquête sur la fraude confus enquêteur parlé département des litiges dit pourrait trouver lettre d'appel même si confirmé représentant précédent dit envoyer envoyé enquêteur besoin lettre d'appel cas a parlé superviseur a dit au représentant dossier d'information superviseur informé lire le fichier a dit envoyer info escalade de débit résultat de l'unité jour ouvrable information de réponse,mauvaise_qualite,faible
six occasions distinctes écrire en ligne cfpb essayé d'obtenir une remarque désobligeante le mien supprimé rapport de crédit supprimé temporairement autorisé publié nom différent temps plus dur plus difficile contacter agence de recouvrement enfreindre la loi rapport original créancier dette question vérifiée écriture adresse physique compte le mien malgré de nombreuses plaintes collecteur de dettes continuellement placé rapport de compte agence d'évaluation du crédit supprimé nom modifié entreprise détenant une dette réémis nouveau nom de détention différent en plus illégal rendu application d'hypothèque impossible ca garantie nouveau recouvrement de créances mien vérifié créancier d'origine qui montre aléatoirement le rapport de crédit malgré la suppression occasion séparée avant la dernière fois autorisée agence de recouvrement compte de recouvrement après appartenance vérifiée également autorisé faux nom recouvrement créancier initial détenteur de la dette ni précis,mauvaise_qualite,faible
appelé le service de recouvrement Amsher a remarqué un rapport de crédit a déclaré avoir vendu une fausse dette frauduleuse,mauvaise_qualite,faible
trueaccord a envoyé un e-mail séparé de huit ans concernant la dette envoyée des captures d'écran e-mail contacté pour la première fois concernant la dette contacté l'entreprise rapidement parlerait à moins qu'elle ne donne le numéro de téléphone à contrecœur a donné à l'opérateur le numéro de téléphone indiqué pourrait vérifier le numéro de téléphone a donné le numéro de téléphone actuel utilisé trois ans depuis pourrait vérifier le numéro de téléphone essayé obtenir vérifier l'adresse refusée l'opérateur donnerait des informations acceptant de supprimer votre contact e-mail reçu état à l'origine chèque chèque écrit présenté paiement refusé par la banque achetée dette entreprise louée trueaccord collecter le solde dû plus les frais de chèque retourné utilisé chèque magasin depuis autour de la dette impayée doit des affaires trueaccord tenter frauduleusement de faire faux dette,mauvaise_qualite,faible
"vente matelas reçu e-mail acheteur intéressé e-mail afficher les informations suivantes nom e-mail téléphone contacté téléphone dit travail envoyer chèque de banque par courrier ok conscient chèque de banque arnaque envoyé chèque de banque mentionné assistant créé chèque payer déménageur chèque déposé chèque déposé argent disponible chèque info ajouté destinataire banque en fait expéditeur lundi après-midi argent disponible compte messager demander argent disponible dit oui a donné l'adresse envoyer le déménageur de matelas via option bancaire envoyer de l'argent en utilisant a donné preuve transaction ledit calendrier de ramassage matelas peu de temps le lendemain regardé compte raison différente deuxième chèque de relance trouvé chèque chèque envoyé par SMS retenir aujourd'hui retour retenir supprimé dit serait le temps se sentait mauvais situation recherchée en ligne trouver une arnaque à l'aide d'un chèque de banque inquiet déjà xxxxxxxx attendu jusqu'au lendemain matin appel rapport bancaire vérifié banque remboursée argent attendu banque ouverte fraude cas déclaré depuis la transaction autorisée escroquerie fraude donc tout détail disponible, y compris un faux chèque de banque et une conversation",mauvaise_qualite,faible
"rapport de crédit illégal corelogic affichant illégal autoriser une utilisation illégale rapport de crédit ne jamais rendre compte donner à quelqu'un l'autorisation d'extraire le rapport de crédit mettre quoi que ce soit pris en charge pièce jointe même lettre envoyée reconnue logique de base continue d'afficher des informations illégales innacurrate les informations restent rapport relation enquête illégale également corelogic a déclaré alerte de fraude demandée également envoyé lettre absolument fausse déjà alerte de fraude bloquer le rapport de crédit activité frauduleuse jamais envoyée lettre utilisant le nom de couverture numéro de sécurité sociale changement d'adresse jamais document joint, y compris la reconnaissance demande de compte illégal supprimer corelogic fausse déclaration faite au nom corelogic fausse lettre dite envoyée",mauvaise_qualite,faible
bien payé fargo micro centre carte de crédit plein intérêt facturé inconscient essayé d'utiliser la carte demandée annuler la charge refusée montant dérisoire d'argent payé apaiser le pointage de crédit affecté négativement en raison voir faux frais d'intérêt rapport négatif crédit a parlé homme nommé bien fargo différend rapport négatif a pris plainte soumise mais ignorant cfpb fonction réelle a dit prendre dix jours obtenir une réponse par courrier concernant la plainte,mauvaise_qualite,faible
informations de crédit déclarées date exacte recouvrement de la dette montant correct de la dette dette correcte incorrectement facturée à l'insu autorisation service livré erreur de facturation défectueuse assurance facturée assureur facturé par la suite assureur payé par la suite,mauvaise_qualite,faible
"appelé annuler la commande demande de remboursement téléphone répondu placé attente minute personne réponse expliqué voulait dit pourrait aider dit aller écran du bas côté gauche type d'écran anydesk dit superviseur aiderait l'homme venir ligne dire type montant recherché type remboursé dire oh tapé beaucoup zéro faire remboursement va retourner argent sage payer le montant de l'impôt envoie les informations suivantes faire virement bancaire suit le nom de l'entreprise compte aba routage nom de la banque citi banque ny montant en dollars demandé transfert dire investissement personnel également fourni sans frais reçu signé a continué d'appeler tous les jours demander disparu banque faire un transfert appel dire va envoyer carte-cadeau problème soir reçu mentionné dit inquiétude serait envoyer le lendemain ne jamais recevoir envoyer un autre indiquant que l'argent a mal tourné, l'adresse va retourner l'argent pourrait envoyer la bonne adresse suit un problème de virement bancaire appelé coopérative de crédit a dit à quelqu'un compte de piratage transférer de l'argent compte du marché monétaire compte courant obtenir de l'argent reçu remarqué adresse de retour identifiant d'origine réalisé usi",mauvaise_qualite,faible
sujet victime compte bancaire première tech credit union ftcu fraude situation de découvert numéro de compte d'épargne première tech credit union wa victime arnaque quelqu'un croire twitter obtenu informations d'identification faire dépôt mobile supprimer le compte d'argent détecté ftcu semaine bancaire selle valeur négative compte découvert frais montant total montrer relevé bancaire reste voir dû premier compte technologique verrouillé banque collège revenu étudiant ftcu banque autorisé retrait autoriser jamais autorisé écrit signé demandé protection de découvert courtoisie paiement fraude transaction se produire contrôle des risques déclenché retrait attrapé contrôle de gestion des risques bancaires envoie retenir la communication montant du chèque de dépôt disponible immédiatement recevoir un message texte indiquant situation de découvert la banque a arrêté la transaction depuis le dépôt d'un faux chèque l'auteur est clair mais retenu est placé un dernier chèque dossier de police enregistré numéro de dossier de la police du comté officier considérant la confiance responsable découvert inutile,mauvaise_qualite,critique
copie obtenue rapport de crédit transunion suivant faux compte rapporté capital une banque rapport de crédit jamais ouvert compte capital une banque appelée se fixer courir autour du cercle rien problème correct également faux numéro de téléphone numéro de téléphone jamais capital une banque usa na ut date d'ouverture responsabilité compte individuel type de compte compte renouvelable type de prêt solde de carte de crédit date mise à jour solde élevé limite de crédit statut de paiement compte courant terme payé mensuellement demande de l'entreprise le rapport de crédit doit d'abord fournir certaines informations au cours de la dernière journée le rapport demandé par l'entreprise a été fourni après les informations demandées informations d'identification fournies nj informations d'identification demandées fournies nj,mauvaise_qualite,faible
"aujourd'hui a parlé capital un aidé prétendument sauter le paiement cependant id prétendument défenseur du client trouvé condescendant humiliant définition tout à fait opposée avocat femme extrêmement perturbé manque de professionnalisme réponse franchement opinion semblait depuis répéter numéro temps jamais répondu à la question finalement couper la communication fait demandé tenir la conversation téléphonique entrer commentaire spécifique compte note croire trouver négatif déjà ouvert plainte cfpb ftc département réglementation financière état floride réserve fédérale envoyé refusé répondre plainte antérieure impactée financièrement crédit sage frais problème ad inhibé capacité gain financier prêt achat véhicule savoir aidé malheureusement rien fait de toute évidence intéressé concerné également réparé le nom incorrect de la femme même si le problème a été corrigé à plusieurs reprises, ce qui prouve que le mensonge vérifie le nom de la femme publiant le prénom initial du milieu, une immense proportion concernant le manque de paiement sauté demandé assuré aujourd'hui immédiatement assuré appelé le défenseur du client déclaré fait, mensonge révisé",mauvaise_qualite,critique
induire en erreur escroc Internet poser quelqu'un voulait aider étudiant financièrement envoyer de l'argent en premier a appris dit aurait une allocation semaine compagnie parler course envoyée chèque demandé dépôt espèces application quelque peu suspect appelé banque demander chèque compensé dit oui peu savoir chèque prendre une semaine effacer argent déposé cashapp envoyé nom d'utilisateur cashapp également un autre compte extrêmement suspect regardé chèque envoyé appelé banque demandé numéro de compte répertorié fonds disponible dit savait faux chèque essentiellement donné faux transfert de chèque faux argent tiers espèces site Web gauche rembourser banque contacté cashapp support quantité insensée demander s'il vous plaît remboursement transaction arnaque notoirement répondre à de nombreux forums page parler mauvaise application d'argent escroquerie traiter se sentir responsable envers la victime crime sur Internet récupéré de l'argent marchand tenir fin règle de négociation par défaut fournir un produit de service sauf voler de l'argent envoyé cashapp plusieurs fois concernant le problème être automatisé désolé rien message prenant perte arnaque va sérieusement endommager financier,mauvaise_qualite,faible
commencé escroc infos d'automne vendu divers collecteur de dettes année fatigué se battre les six derniers mois un autre créancier a commencé à envoyer de fausses informations de prêt en disant devoir près de l'année dernière un prêt auto satisfait vendu même une carte de crédit une carte de crédit une autre encore en bonne position dit devoir ancien prêt dire type de prêt créancier d'origine citibank ne jamais charger citibank même compte courant depuis le numéro de compte dire en fait ancien compte courant fermé essayé de piratage mettre dire jugement comté plus vivre hr loin numéro de dépôt de dossier faux numéro de téléphone d'appel vérifié harceler sais yo sauf déposer plainte,mauvaise_qualite,faible
par diagramme ci-joint montré amazon montrant avis trompeur ordre leurre client faux sens sécurité amazon prime récompense visa carte de crédit émise chasse banque pourcentage avis ajouter avoir un sens mathématiquement amazon fièrement afficher fait afficher moyenne réelle indiquer meilleur avis noté devenir meilleur avis meilleur avis états unis parler point indiqué amazon chasse parler navigateur emplacement erreur avis indique créé états unis top avis états unis avoir du sens basé montant avis carte montant avis anglais avis est devenu top avis simplement aimé beaucoup de gens usa aimer avis probablement ca lire avis multiple signe faux précédemment travaillé aussi oui prouver signe de base montrer revue probablement fausse revue boostée soi-disant top usa automatique drapeau rouge revue mot bot compte généralement laisser court grande quantité appeler peut-être un qui se fait prendre méthode revue en fait dire n'importe quoi d'utile évidemment traducteur érudit douloureusement évident revue contient des informations utiles profession appel grande injection informations inutiles,mauvaise_qualite,faible
acheté une valeur en dollars pièce automotibe acima terminé défectueux dit garantie à vie n'est pas honoré voiture dangereuse conduite piège mortel ne dois rien demander remboursement pièce de retour,mauvaise_qualite,faible
Chase Bank a libéré le fonds faux compte de chèque appelé demandé retenir le chèque escroc supposé payer installation décalcomanie autocollant campagne de marketing dit problème fonds libéré remarqué irrégularité appelé banque immédiatement arrêter le transfert effectué transaction toujours en attente dit désolé ne peut pas arrêter le fonds inversé le lendemain fonds inversé faux compte de chèque victime escroc c'est complètement injuste je divorce mère enfant essayant de gagner de l'argent supplémentaire ménage banque responsable de libérer le fonds chèque frauduleux,mauvaise_qualite,critique
"tous les jours, je regarde continuellement en appelant en utilisant un numéro différent, y compris un faux numéro, un indicatif régional, un numéro de ville, qui répond à de nombreux collecteurs de factures d'appel, une heure, une heure, un jour, un identifiant de l'entreprise qui travaille actuellement, a dit à l'appelant de continuer à appeler, merci.",mauvaise_qualite,faible
revenir en arrière service financier de Phoenix appelé indiquant devoir cependant rapport de crédit signalé demandé créancier d'origine dit adresse ny connaître la dette appelé facturation parlé merveilleux représentant expliqué situation confus jamais travaillé finances de Phoenix envoi de débit il y a quatre ans informé envoyer le créancier un an impayé en fait appelé finances de Phoenix ensemble homme nommé à trois voies homme nommé déclaré n'a jamais travaillé type de dette date spécifiée jamais même vu même médecin grossier téléphone accroché vous avez arrêté de répondre signalé superviseur également appelé service hospitalier également vérifié n'a jamais travaillé finances de Phoenix envoyé relevé de solde joint appelé Phoenix Financials retour enregistrement téléphone portable faire savoir des informations mauvaise femme pendu visage crier aussi Phoenix Financials déclaration dire adresse ny jamais adresse vue adresse médecin original créancier match regarder Phoenix service financier affaire de consommation voir mille plainte procès faux inexacte société de recouvrement de créances a coopéré refuser supprimer rapport de crédit serait,mauvaise_qualite,critique
première note hypothécaire non éviter description incorrecte de la propriété femme achetée maison dit lot de pied lot correct lot société de prêt hypothécaire fraude commise plusieurs fois signature robotique contrefaçon insertion acte morfgage refuser donner modification plusieurs erreurs erreur d'hypothèque omission myers bien dont note originale note vendue plusieurs fois envoyée fausse note sans véritable encre humide,mauvaise_qualite,faible
"Je reçois un appel téléphonique, la dette appartient même au nom dit en appelant le mauvais numéro appelé à l'heure d'hier appelé matin dimanche matin la dette appartient à quelqu'un d'autre.",mauvaise_qualite,elevee
capital utilisé un logiciel de trading d'achat par carte de crédit société appelée logiciel n'a jamais travaillé capital un responsable aider à protéger l'achat achat article défectueux par la loi protégeant l'achat compte de charge gauche comprendre depuis la raison carte utilisée faire l'achat croire la loi dire utiliser la carte de crédit n'importe quoi travail faute du client appelé capital un soin quelqu'un s'il vous plaît aider à faire suivre la loi merci beaucoup s'il vous plaît voir la preuve ci-jointe,mauvaise_qualite,faible
numéro de litige déposéxxxx paypal bureau de protection des consommateurs compte réponse a pris de l'argent montant dollar feutre vendre produit contrefait paypal informer la police vente de produit contrefait paypal prendre de l'argent admet le crime dissimule l'autorité d'enquête de la police paypal informer la société réclamation produit contrefait ordre mesure juridique prise paypal revendiqué vendre produit contrefait contrefait crime selon la loi paypal a commis plusieurs crimes couvrant le crime s'appropriant l'argent obtenu en investissant de l'argent projet crime blanchiment d'argent paypal a explicitement reconnu l'argent obtenu en vendant un produit contrefait à la place signaler la police a pris de l'argent la loi punit quiconque apprend le crime initier informer l'autorité ainsi considéré le participant a également pris de l'argent en réclamant réparer les dommages subis conformément à la loi le fonds doit être remis à l'autorité de police enquêtée allégation dissuadée le bureau de protection des consommateurs de paypal doit prendre des mesures dissuasives,mauvaise_qualite,faible
lettre de réponse datée ci-jointe pièce phh service hypothécaire phh fourni suite à une fausse déclaration trompeuse le long de la fausse preuve faussement prononcée qui y est jointe affichée page cinq cinq communication tout au long de phh continuer à identifier le numéro de compte référencé par le client domaine voir la pièce la personne immobilière existe intérêt immobilier sujet propriété sujet numéro de compte affiché page un cinq communication phh déclaré impliqué compte d'origine donc en mesure de commenter les préoccupations concernant l'origine voir la preuve de la pièce tout déclaré pénalité parjure forclusion dossier relatif à la transaction originale ouï-dire non authentifiés non fondés ni phh savoir si la transaction originale fraude factum produit illégalité sujet récupération affiché page deux cinq communication phh déclaré propriétaire unique compte plutôt compte un plusieurs fiducies d'investissement titrisées série de certificats hypothécaires voir la déclaration de la pièce phh plaidoirie omis numéro de dossier déposé nom omis identité,mauvaise_qualite,faible
récemment transmis le dossier de plainte transunion concernant le compte facturé magasin de meubles compte fermé w annulé remplacé canapé-lit défectueux déclaré aurait inutilement gardé un compte actif le jour précédent compte finalement facturé par erreur en faisant le paiement année autorisant le compte fermé en informant le paiement aurait été refusé remplacé défectueux acheté canapé-lit délibérément gardé compte actif modifié date compte supposé supprimé retiré rapport de crédit transunion complètement incompétent mener une enquête approfondie informations inexactes données transunion mise à jour sans enquête sincèrement apprécié cfpb enquêterait sérieusement sur l'affaire complètement mal gérée négligé transunion respectueusement,mauvaise_qualite,faible
prêt en cours td auto finance est devenu xxxxxxxx perdu près de six semaines de travail appelé tdaf offert mettre le paiement retenir la lettre de pied hôpital a repris le paiement le mois dernier la lettre reçue apparaît fausse enveloppe certifiée date de livraison différente date réelle de livraison lettre déclarée venir presque le paiement par ballon commencerait la récupération enveloppe retour reçu signe destinataire récupérer la position de la feuille du pied venez paiement par ballon la sécurité sociale n'a jamais dit rembourserait les frais de rapport de crédit répertoriés dus offre bancaire assistance covid,mauvaise_qualite,faible
lexis nexus donne de fausses informations lexis nexis informations sur le rapport de solvabilité données à l'employeur potentiel ont abouti au poste proposé employeur informé obtenir des informations sur l'emploi fournies lexis nexis a essayé de le toucher lexis nexis impossible atteindre lexis nexis refuser de fournir une copie du rapport à la place envoyer le type de numéro de code complètement inutile numéro de code manière d'insister sur le droit de la consommation numéro de fait fournissant un faux,mauvaise_qualite,faible
reçu de nombreux appels quotidiens hebdomadaires synchronisation banque commençant l'identifiant de l'appelant indique le numéro suivant message vocal appel d'état gauche synchronisation appel bancaire service client service plus rapide synchronisation compte bancaire appel bancaire service client guichet automatique demande entrer dire compte bancaire complet carte de crédit complète ssn dernier chiffre complet ssn pull compte commander parler agent option un autre enregistrement commencer à demander vouloir créer un compte de paiement immédiatement demande entrer la carte de débit prendre trois tours demander des informations personnelles voix automatisée donner l'option dire clair avant obtenir parler agent du service client sans donner d'informations personnelles clair drapeau rouge escroquerie fraude appel téléphonique synchronisation banque réel complètement inapproprié exiger que le client entre des informations téléphone identifier les gens internet rapport recevoir un appel frauduleux banque de synchronisation attendu tenir minute enfin obtenu en direct personne téléphone demandé téléphone appelé a donné un faux nom les gens essayaient de se toucher appel légitime soupçonneraient le recouvrement de dettes messagerie vocale nom de l'état personne tryi,mauvaise_qualite,critique
reçu dépôt de chèque certifié td compte de crédit bancaire personne envoyée chèque demandé transaction une autre transaction banque confirmée fonds disponible utilisation réalisée chèque certifié contrefait notifié service de fraude bancaire compte gelé ledit fonds en attente la banque a continué envoyé la transaction même si la deuxième transaction envoyée lundi la banque notifie immédiatement le chèque contrefait rend le fonds disponible appelé jour fonds envoyé arnaque la banque a toujours continué en attente de transaction,mauvaise_qualite,critique
contacté téléphone Equifax demande sérieuse non autorisée fait compte de crédit Equifax aide nécessaire enquête manière dit à l'agent aimerait soumettre un litige agent refusé droit soumettre la demande enquête a fait le tour du compte dit en direct état totalement différent enquête non autorisée est venu chercher l'adresse de la succursale fermée créer un faux compte tentative d'information donc une enquête difficile a eu lieu étant donné l'agent d'information a toujours insisté pour aider la situation stressante a demandé le numéro de confirmation litige enquêter refusé serait simplement une violation du droit,mauvaise_qualite,faible
nombreuses tentatives d'informations frauduleuses supprimées bureau de crédit demandé supprimer le compte bureau de crédit en raison d'une inexactitude alléguer une plainte civile réponse générique renvoyée fournie des informations absolument factuelles décision de défense valide rester inchangée décision déclarée faussement rapporter les informations résultat fraude à la carte de crédit vol d'identité tactique engageante en utilisant une réponse générique sans réellement fournir de preuve enquêté réclamation bien soumettre des informations basées sur le sentiment basé sur la loi régulièrement refusé réclamation compte supprimé crédit même présenté copie rapport de police document fait victime fraude vol d'identité même fourni nom personne vol réponse sentir plainte personne civile impliquée échouer examiner la loi actuelle gouverner le cas prouver civil se sentir soudainement faire cas civil cas simplement souhaiter réellement facturer le compte en raison d'une activité criminelle au lieu de cela ouvertement demandé à tort collecter de l'argent système juridique travail conséquence immunitaire violation de la loi sur la facturation du crédit équitable fait statut du moindre état caroline du nord directement défi,mauvaise_qualite,critique
accord conclu installer ombre maison laine feu tout enlevé maison y compris drap ombre vie maison beaucoup de dégâts de fumée rester installation supposé commencer réalité installation début cauchemar a commencé installation courte communication attachée citibank expliquer détail revenir temps beaucoup ombre défectueux payé paiement initial retour même commencé travail a pris paiement début travail facturé citibank immédiatement appelé dire autoriser paiement travail terminé correctement tourné beaucoup problème porte française premier étage maison aucune porte pourrait ouvrir valence ombre épaisse refusé quoi que ce soit disant défaut ombre sélectionnée professionnel conseillé l'ombre fonctionnerait porte même montrer droit maison appelée citibank litige charge a pris un mois revenir enlever l'ombre permettre la porte ouverte de confiance remplacerait l'ombre quelque chose de comparable fonctionnerait conflit commencé déclaration est venu remplacer l'ombre absolu moteur d'ombre le moins cher initialement payé prêt à rembourser produit beaucoup moins cher dit venir retirer complètement irait dans une autre entreprise beaucoup,mauvaise_qualite,critique
ca commis fraude entreprise créé faux numéro de prêt embauché wa téléphone fax wa tentative de collecte nom placé nom de la femme faux prêt jamais signé document de prêt approximativement reçu avis demande intention forclos droit guérison lettre exigeante avocat posté contestant la dette informant prêt jamais appliqué demandant valider la dette environ reçu récemment fabriqué demande de prêt nom du prêteur demande signature manquante demande heloc copie signée demande reçue copie demande soumise deuxième lettre avocat rédigé par courrier informant tentative de recouvrement frauduleux exigeant deuxième fois valider la dette a échoué valider la dette apparemment désengagé entreprise en raison de la fraude reçu lettre soit exigeant de l'argent lettre rédigée avocat envoyé par la poste par courrier certifié informant le prêt heloc payé en totalité par l'avocat a demandé la libération du privilège arrêter l'effort de recouvrement de l'acte de fiducie libération échouée heloc a payé la confiance de l'acte capturé exigeant frauduleusement de l'argent refusé lettre acceptée preuve d'avocat paiement deuxième avis,mauvaise_qualite,faible
nombre massif d'appels automatisés par jour numéro lieu réclamant un prêt hypothécaire un faux appel professionnel lire le script essayer hotswap loi de lexington réparation de crédit réclamer une cote de crédit empêcher de devenir propriétaire d'une maison appel signalé qui se détériore un mois qui empire vraiment très ennuyeux,mauvaise_qualite,faible
"paiement accepté par le commerçant, paiement par carte de crédit, échec de la livraison de la plainte, concernant les pratiques bancaires déloyales, processus de litige de fraude de Bank America, rédacteur de CV professionnel contracté, mise à jour du commerçant, fourniture d'un service supplémentaire, paiement du commerçant requis, paiement complet en ligne, paiement via Bank America, carte de crédit Bofa, le commerçant a échoué à la livraison, le contrat a fait une excuse, l'excuse répondrait à de nombreuses tentatives, contacter le livrable, le commerçant livré demandé, le remboursement complet fournirait par courrier électronique, le commerçant a accepté le remboursement traité, le compte de carte de crédit Bofa a commencé la réclamation pour fraude, Bofa a répondu en temps opportun, la demande d'information de Bofa, la signature du mois, la période d'examen de la réclamation, le commerçant a répondu, la racine du litige, la réclamation fragile note de non-responsabilité remboursement émis après le développement du produit de travail initial, cependant livrer le produit de travail accepter le produit de travail le service de réclamation de bofas a demandé des informations supplémentaires dans la journée, y compris une demande déraisonnable signée une lettre de deuxième avis un autre q",mauvaise_qualite,faible
litige de recouvrement de portefeuille compte associé a répondu fausse réclamation enquêté plainte a échoué fournir des preuves compétentes dette présumée fausse déclaration veuillez enquêter sur la transaction présumée déclaration présumée fait supprimer la connaissance faux compte,mauvaise_qualite,faible
personne inconnue utilisée fausse carte d'identité personne retirée compte séparé détenir un guichet unique de la banque td retrait de transaction effectué physiquement xxxxtd adresse de l'emplacement bancaire adresse de ny emplacement de la banque floride alléguer un vol à l'intérieur du compte de routage de travail routage de floride retrait numéro un pris retrait de compte personnel retrait pris compte de compte professionnel de floride lié en direct banque floride total en espèces remis fraudeur soumis différent bordereau de retrait aucune écriture ne correspondait pas à la mienne écriture bâclée ressemblait à un gribouillage contrefaçon de signature clairement la mienne admise succursale locale rse savoir département de fraude bancaire td numéro de permis de conduire écrit en arrière bordereau de dépôt vraisemblablement écrit employé nom de la succursale de la banque td mal orthographié une signature du bordereau de retrait manifestement forgée ne ressemblait pas à la signature département de fraude de la banque td recommandé restreindre le compte td esprit appelé remarqué frais en ligne en attente n'avait même pas encore publié la banque td a donné de l'argent au fraudeur différent compte bancaire l'argent disponible peut être retourné investissement interne de la banque td,mauvaise_qualite,faible
dépôt de plainte experian experian traité demande de litige envoyé courrier certifié compte de litige début reçu complété source experian date soumise résolution estimée date numéro de rapport numéro de compte adresse de l'entreprise mn experian signalé compte contesté mis à jour révisé informations sur le compte compte modifié toujours rapport faux date d'ouverture compte de fait date d'ouverture rapport daté récent refléter compte plus récent vraiment rapport solde original compte inexact compte reflétant compte à terme un mois inexact demandé preuve fournie validation inexactitude fausses informations rapport de crédit également déposé litige directement lettre envoyée courrier certifié accusé de réception reçu confirmation reçu lettre de validation aujourd'hui réponse reçue experian conscient de l'inexactitude continuer à rapporter le compte de dossier de crédit compte spécifiquement experian valider la dette refusée valider la dette experian a renvoyé une notification indiquant que le compte a été mis à jour le compte rapporte toujours des informations inexactes précédemment signalées,mauvaise_qualite,faible
well fargo auto envoie actuellement un document faux numéro de police cpi date inexacte politique placée compte de prêt de voiture retard résultant paiement allocation programme équipe de soins client appelé well fargo refusé well fargo conseillé tiers co-nommé réponse concernant les informations de compte well fargo fournir un formulaire de médiation demande peut obtenir une médiation à l'extérieur well fargo étant donné le numéro de téléphone du groupe de médiation well fargo obtenir de l'aide groupe de médiation de médiation renvoyé well fargo cpi care team demande formulaire de médiation capable aider lettre frauduleuse réclamation recevoir formulaire de médiation appelé well fargo care team responsable allocation paiement dit droit formulaire de médiation doit accepter lettre frauduleuse rejetant le litige paiement inexact fourni règlement Well Fargo Auto CPI historique de paiement complet prêt validant le dollar uniquement frauduleux dans les frais de prime int réclamant une correction d'erreur depuis Well Fargo Auto le long de la banque Well Fargo réclamant un site Web adressant un compte facturé à tort en double dans une commande premium faire une plate-forme de chose,mauvaise_qualite,faible
as cash express utilisé tactique gagner de l'argent dette harcelé vous téléphone faux cabinet d'avocats appel vous menacez vous une action en justice mille dollars de frais juridiques agir immédiatement dit blessure corporelle entreprise non pertinente recouvrement de dettes vous a envoyé un faux document indiquant une action en justice intentée email document retour signé reçu vous avez attrapé règlement as cash express chose je vous informe tactique continue,mauvaise_qualite,critique
fille voler tricher tricher les gens faire semblant de faire un don demande de téléphone argent envoyer le téléphone envoie une photo à l'intérieur envoie fausse demande d'argent montant convenu prix de transfert nécessite un bloc de travail demandé télécharger de l'argent transfert d'application argent nom de l'application nom de l'application envoyer un ami expliquer ledit compte arnaqué a pris,mauvaise_qualite,faible
reçu avis de collecte gestion du crédit lp tx jamais service service de câble l'année dernière nom du mari esprit service transféré nouvelle adresse ne sait pas adresse fraude arnaque mauvaise personne lot perdu affaires vu nouvelles créer faux compte informations sur les personnes une entreprise activité frauduleuse obtenir des informations sur les personnes,mauvaise_qualite,faible
appliqué va hypothèque banque Amérique a fourni les informations demandées initialement donnée date de clôture provisoire dans la semaine envoyé les documents nécessaires révisés presque quotidiennement documents relatifs au problème majeur page de signature rapport de lutte antiparasitaire le vendeur acheteur mandatant la signature pourrait signé électroniquement signature humide demande d'information inspecteur évaluateur n'a jamais entendu la partie a travaillé l'année de terrain respective demandée envoyer la preuve réparation à domicile contrat répertorié effectué plombier électricien agréé cependant l'agent immobilier a envoyé les informations dites la licence pourrait être vérifiée probablement faux agent de souscription cauchemar explication raisonnable obtenir un contournement également action douteuse le service de souscription fonctionne bien l'agent de prêt a dit que le taux d'intérêt pourrait changer verrouillé également dit pourrait convertir prêt va prêt conventionnel même qualifié changé banque américaine fermée nouvelle société hypothécaire déclarée ne comprenait pas la banque américaine capable nouvelle société hypothécaire déclaré un dossier le plus propre vu un moment espoir traitement rien rien sauf fait pe,mauvaise_qualite,faible
facturé toute la ligne de crédit marchand temps jamais entendu jamais tenté facturer toute la ligne de crédit notifié manière chasser la carte de crédit essayer de faire un achat en ligne ne serait jamais approuvé déposé litige poursuite question de charge toujours en attente représentant aidé envoyé nouvelle carte solde retour montant correct tout semblait résolu reçu avis chasse rétrofacturation annulé responsable immédiatement appelé chasse jamais trouvé numéro de téléphone marchand a toujours répondu e-mail envoyé représentant de l'équipe d'assistance Chase temps de parole déclaré responsable en raison adresse IP correspondant à l'ancien téléphone plus groupe de nombreuses années d'adresse IP être piraté temps également identifier la personne identifie le boîtier de l'appareil également falsifié masqué à l'aide d'un logiciel autres mis en banque carte de crédit utilisée jp morgan problème de chasse protégé chasse se sentir traité différemment apparemment cela arrive souvent de nombreux reportages chasse traiter jamais manqué compte de paiement examen des états financiers trouvé dépôt marchand montant du compte courant essayé de contacter prédictit concernant les demandes d'autorisation de dépôt,mauvaise_qualite,critique
compte d'application de trésorerie piraté a pris un montant différent deuxième compte bancaire de transfert envoyé compte différent sans autorisation montant envoyé faux compte Bitcoin essayé montant de remboursement même litige transaction déclaré besoin fichier rapport de police enquête déposé rapport de police fraude transaction non autorisée,mauvaise_qualite,faible
vendu pièce de monnaie contrefaite société exploitée plusieurs noms annoncés argent pris paypal inclure formulaire de rapport de police détaillant le montant en dollars paypal premier système proposé pourrait obtenir un remboursement remboursé un envoi conduit système de messagerie wild goosechase dit moyen pourrait contacté jamais capable de parler personne réelle bien que demandé à plusieurs reprises aurait refusé voulait expédier la pièce de monnaie retour frais du contrefacteur attendre remboursement contrefacteur refusé loi deux pièces de monnaie réelles plus valeur ajoutée bien que le contact paypal ait été signalé quotidiennement en cours d'exécution d'une publicité département de police services secrets du fbi toujours en cours d'arnaque d'exploitation publicitaire,mauvaise_qualite,faible
entreprise dont avis lettre jointe recevoir lettre envoyée frais de publicité découvert coquin vol compte d'argent lettre d'envoi frais de publicité lettre envoyée sans description frais facturés solde décrit cobrado déclaration de mauvaise qualité transaction réponse non décrite fait coquin lire evidende coquin,mauvaise_qualite,faible
récemment transmis le dossier de plainte concerne le compte facturé compte fermé avec annulé remplacé canapé-lit défectueux déclaré aurait inutilement gardé un compte actif la veille compte du jour finalement facturé par erreur en faisant le paiement année autorisant le compte fermé en informant le paiement aurait été refusé remplacé défectueux acheté canapé-lit volontairement gardé compte actif date modifiée compte supposé supprimé supprimé rapport de crédit complètement incompétent mener une enquête approfondie informations inexactes données mises à jour sans enquête sincèrement apprécié cfpb enquêterait sérieusement sur l'affaire complètement mal gérée plainte originale négligée concernant le compte reçu cfpb résolu plainte suppression rapport de compte malheureusement compte actuellement reste actif rapport experian litige initié rapport experian demandant la suppression du compte rapport de crédit informant le rapport de crédit du compte supprimé experian continue la plainte négligée sans s'enquérir du compte de suppression confirmé veuillez demander cfpb,mauvaise_qualite,faible
appelé compa ny bmw service financier llc paiement mensuel inférieur renégocier le plan de paiement montrer jouer dit agent face à des difficultés dues au coronavirus envoyer un plan de report deux mois charge finance charge âge prêt avide société de troisième classe site Web écrit aller aider client immobilier rien fournir fausse empathie publique reçu deux e-mail bmw montrant fausse empathie envers les gens temps de test épidémie de virus corona faux avide gagner de l'argent déclaration fausse s'il vous plaît laissez-vous emporter sans veule déclaration sarcastique,mauvaise_qualite,faible
xxxxxxxx dire une preuve de revenu la raison photoshoppée pourrait donner un compte courant soumettre de fausses informations fournir également des informations est venu la documentation de la décision photoshopée les informations fournies prouvent toujours la fermeture de l'organisation du compte prêteur discriminatoire discrimine les personnes en fonction de la race âge culture religion,mauvaise_qualite,faible
compte citi vendu illégalement faux compte violation titre usc f fcra interdit vente compte signalé frauduleux signalé faux compte créé citi découvert criminalité citi est allé de l'avant vendu compte criminel agence de recouvrement violation loi fédérale voir ci-joint alerte de fraude cra documentation irs agent spécial agent spécial spécifiquement communiqué vol id fait une autre personne californie floride utilisant les informations d'identification mexicain utiliserait également la boîte aux lettres de la personne snagg courrier entrant la personne retournerait le travail sophistiqué,mauvaise_qualite,faible
"s'il vous plaît voir le document ci-joint arrivé est allé banque Amérique retrait du système atm dernier compte courant allé utiliser métro local achat de métro carte de métro a donné à dame un boa distribué système atm entendre peu d'argent faux sidéré entendre mot immédiatement donné capable de collecter de l'argent de fausse facture bloquée a causé un grand embarras personnes âgées en détresse entendre le dernier petit dollar faux grande entreprise comme boa mettre confiance institut bancaire immédiatement allé boa affaire abordée regardé fraudeur prendre remboursement désemparé moment effort branche dit enquêterait affaire serait notifié semaine communication email d'innombrables fois revenir branche obtenir résultat final litige simplement déclaré boa grande entreprise, changement de consommateur, dernière recherche, le remboursement est toujours maintenu, niveau de stress causé",mauvaise_qualite,critique
pourrait concerner acheté trois articles meilleur acheter deux articles défectueux meilleur acheter échouer envoyer un nouvel article coût de l'article usd décider renvoyer l'article parler meilleur acheter obtenir étiquette échouer résoudre le problème meilleur acheter vouloir prendre la responsabilité expédier l'article en arrière également mois finances frais de charge de frein chaque mois raison tout le monde achète meilleur achat extrêmement prudent,mauvaise_qualite,faible
depuis le compte bancaire td identifiant de connexion gelé identifiant de connexion mis à jour compte de verrouillage appelé est allé directeur de succursale chose dite compte envoyé fraude faux compte apporté chèque exact succursale pa refusé même regarder appelé chiffre de la ligne td principale je ne peux même pas accéder au compte dit à quelqu'un td cherchant nom numéro fichier depuis appelé chaque semaine moins de temps semaine nouvelle information heure d'appel pendre immédiatement donner le numéro de compte,mauvaise_qualite,critique
essayé litige pension alimentaire pour enfants rapport de crédit lettre indiquant compte ouvert dernier paiement effectué informations rapport de crédit mauvaise date paiement correct effectué compte ancien rapport de crédit faux paiement date d'ouverture montré preuve envoyée bien contacté pension alimentaire pour enfants obtenir la bonne réponse pension alimentaire pour enfants disant envoyer des informations agence d'évaluation du crédit agence d'évaluation du crédit disant obtenir les bonnes informations supprimées envoyé des informations correctes déclaration agence de crédit corrigée transunion essayer d'expliquer le différend agent accroché rappelé parlé superviseur a dit rejouer la conversation revenir jamais besoin d'aide arrêter obtenir une place en direct,mauvaise_qualite,faible
lettre envoyée demandant envoyer vérification dette nom commun courrier rentrer à la maison nom de la personne fichier de fusion de dettes lettre envoyée société demandant envoyer un document indiquant continuer à envoyer un document généré par ordinateur faux besoin frauduleux supprimé rapport de crédit blesser obtenir du crédit alimentation en cas de pandémie entreprise familiale profiter des gens qui ont du mal à dire devoir un dollar facture de téléphone portable flotter il y a presque un an jamais compagnie de téléphone plan de téléphone mère depuis le document envoyé paiement en tenant compte c'est mon doc frais de fraude carte de crédit paiement quotidien c'est réel,mauvaise_qualite,faible
mari envoyé femme réclamé vente de chaton page Web entière réclamation éleveur plus année merveilleux chaton atteint par e-mail demander au chaton réponse rapide et bien informée finalement recevoir une photo question répondue se sentir à l'aise décidé d'acheter chaton expédié vous a dit d'utiliser le mode de paiement zelle jamais entendu cependant banque option zelle application semblait légitime la transaction effectuée le lendemain a reçu un autre e-mail indiquant l'arrangement pris le transporteur d'animaux contacterait la livraison reçu e-mail quelqu'un prétendant que le chaton se prépare voler arkansas a procédé à l'achat nécessaire option de caisse pour animaux de compagnie climatisée acheter un e-mail donné caisse vers le haut e-mail a déclaré que l'argent de livraison serait remboursé avait l'air incroyablement bizarre dit à la dame n'était pas à l'aise n'a pas été divulgué au préalable déjà payé payer l'expédition dit la décision du transporteur rien ne pouvait dire s'il vous plaît rembourser l'argent n'était pas à l'aise n'a jamais répondu envoyé plusieurs e-mails mais répond évidemment mari traitant escroc déposé une plainte c'est Zelle a dit que la banque n'était pas responsable est revenue,mauvaise_qualite,elevee
"écrit litige informations suivantes apparaissent rapport de consommateur numéro de compte informations identifier la source du compte informations de litige expert en crédit national par type d'information contestée catégorie information contestée informations du dossier public informations de compte de crédit inconnu date associée article contesté lettre date explication article contesté reçu notification réponse fraude plainte réponse société faussement inscription dette rapport de crédit lettre de remise personne nommée esp adressé nom duplicité tenté de codifier l'identité réclamation de dette frauduleuse conjuration fausse identité apparaîtrait rapport de crédit plate-forme de rapport de crédit référence publique créer fausse identité directement effet capot animé sujet contrôle de sécurité réglementaire par employeur faux nom apparaît donner une fausse impression fausse identité cause perdre la considération contrat augmenter l'investissement, etc. société de recherche capable de découvrir nca plaintes multiples de nature similaire ayant fait l'objet d'une enquête à plusieurs reprises sur un acte frauduleux du FBI contacté la société avant d'envoyer une lettre notifiée à la consommation agricole",mauvaise_qualite,faible
a commencé le processus de refinancement en espèces en utilisant le processus décidé par amerisave a commencé immédiatement l'extraction du crédit dur a accepté de procéder amerisave à la place la société a promis le taux divulgué terminé l'évaluation payée l'évaluation complétée rapport reçu de manière inattendue nouvelle déclaration de divulgation taux de changement toujours flottant évaluation précédente taux demandé toujours flottant informé agent de crédit id le taux verrouillerait l'évaluation a fourni les informations demandées agent de crédit en temps opportun mouvement de la question demande de prêt processeur assigné dernière fourniture demandée informations sur l'employeur indiquée demande sensible au temps demande fournie plusieurs fois demande talon de chèque de paie informations de contact directes des heures dernier rappel reçu depuis demandé à plusieurs reprises l'entreprise a également arrêté la communication changement de statut plate-forme en ligne dernier e-mail reçu premier e-mail reçu semaine réponse e-mail informant le changement de disponibilité simplement demandé transférer le gestionnaire d'e-mail appelé la messagerie vocale de gauche le superviseur de l'agent de prêt a également envoyé plusieurs e-mails expliquant le statut affectant la disponibilité,mauvaise_qualite,faible
incomm service financier refusé transaction gardé argent incomm donner une réponse équivoque nier responsable tentative d'achat incomm financier refusé cependant incomm financier gardé de l'argent au lieu de retourner la preuve de la carte refus incomm gardé de l'argent faux service client offre solution prise action résoudre la plainte document plainte pourrait localiser ga http,mauvaise_qualite,faible
"stewart zlimen jungers premier contacté n'a rien envoyé dette dit en direct problème majeur santé fourni info ssdi n'a rien dit valeur également demandé arrêter de contacter ensemble demandé fournir envoyé dans la journée contactant c'est la réponse recherchée problème de santé majeur médicament maladie année aussi femme maison samedi frapper porte ouverte trouver serveur servant procès apparu information est venu écrit réponse meilleur pourrait info demandé contact réponse obtenu trucs demander toi appeler découverte c'est dit nécessaire obtenir aide juridique procès informé rien déposé tribunal comté a déclaré tenter de recouvrer la dette dit aller demandé contacté serf faux procès comme l'aide juridique a déclaré que le harcèlement n'avait pas besoin de nom de personnes fermes, licence d'avocat stewart, même sûr de contacter la femme harcelante, le serveur a fait une entrée dans un bâtiment sécurisé sans même bourdonner, vous êtes sûr de manière forcée, bâtiment de recouvrement de créances, ordre du gouverneur, collecte d'essayer de recouvrer la dette, le temps de garniture, place toujours le fonds, capable de prendre de toute façon la dette, l'acheteur de dette indésirable",mauvaise_qualite,critique
service de prêt spécialisé commis vol d'identité fraude volé identité signalée agence d'évaluation du crédit paiement effectué fausse dette hypothécaire vendu fausse dette compte frauduleux sans vérification erreur préalable fraude flagrante stratagème de racket couverture faux dossier crée un aka livre de cuisine avocat véreux saisir illégalement entreprise à domicile comptabilité frauduleuse sl fabriquer de faux dossiers cas ca floride couverture fraude construite voler la valeur nette de la maison extorquer l'argent dû créer de faux rapports faire un faux paiement commettre une contrefaçon vol d'identité comme un dossier garder la fraude en vie obtenir de l'argent accord de perte de parts du gouvernement faire de fausses réclamations dommages voler domicile déguisé affaires habituel violation état rico fausse déclaration loi loi état code du pénis loi demande réponse écrite,mauvaise_qualite,elevee
compte vendu illégalement faux compte violation titre usc f fcra interdit vendre compte signalé frauduleux signalé faux compte créé découvert criminalité allé de l'avant vendu compte criminel agence de recouvrement violation loi fédérale voir ci-joint alerte de fraude cra documentation irs agent spécial agent spécial spécifiquement communiqué vol id fait une autre personne californie floride utilisant les informations d'identification utiliserait également la boîte aux lettres de la personne snagg courrier entrant la personne retournerait au travail sophistiqué,mauvaise_qualite,faible
jamais conclu d'accord juridique voir la pièce jointe entré le contrat de licence de service de réservation voir le montant de la pièce jointe achat adhésion au club de vacances lune de miel en attente obligatoire jour ouvrable excité aller en ligne accès nouvellement acquis option de vacances malheureusement immédiatement trouvé pensé acheté représenté en ligne p ortal très différent manière négative contraste direct reconnaissance représentation document signé voir pièce jointe suivante chose trouvée fausse comprendre plus prix de gros remise avantage majeur adhésion accès membre privé site Web livre composant de voyage en ligne garanti prix le plus bas disponible hôtel réservation de temps accepter avantage principal adhésion grande disponibilité hebdomadaire location de copropriété prix de gros généralement s'attendre à économiser vacances beaucoup offre disponible avis de faible valeur jour de réservation également comprendre les avantages de voyage supplémentaires incluent une offre de gros relation dérivée un maître grossiste un voyage à forfait un hôtel de croisière publié régulièrement un site Web un courrier électronique un accusé de réception du membre,mauvaise_qualite,critique
bien fargo lors de l'appel de l'administrateur cpi transféré bien fargo pendu raison jamais rappelé temps bancaire administrateur temps question but c'est mal demander à l'extérieur atténuation transférer autour de jerk vraiment fatigué bien fargo penser mensonge lettre en utilisant le courrier fédéral mensonge envoyé fraude escroquerie celui qui a conçu l'intention de concevoir schéma artifice fraude obtenir de l'argent propriété signifie faux frauduleux prétexte représentation promesse vendre disposer prêt échange modifier donner distribuer fournir fournir fournir procurer utilisation illégale contrefaçon fausse pièce obligation sécurité article tout ce qui est représenté insinué tenu contrefait faux article but exécution schéma artifice tentative lieu bureau de poste dépositaire autorisé courrier matière matière chose quoi qu'il en soit envoyé livré service postal dépôt cause déposé matière chose quoi qu'il en soit envoyé livré transporteur privé commercial interétatique prendre en reçoit matière chose sciemment causer livré facteur courrier selon l'instruction sur le lieu indiqué,mauvaise_qualite,critique
cherche un gars de prêt nommé appelé société de prêt nommé prêt de flux léger dit base de confiance de travail signifiait déposer de l'argent compte renvoyer la carte dit regarder les informations bancaires ne pouvait pas faire la ligne temps dit compte déposé renvoyer demandé recevrait ledit problème de crédit déposerait un autre compte de dépôt instruit chose dit nécessaire faire apparaître compte d'argent banque principale dit déposé envoyé extrêmement convaincant aider à construire le crédit compte appelé le lendemain répondre dit hôpital demander parler à quelqu'un d'autre pendu premier appel bloqué envoyé photo relevé bancaire demandé faire réclamation facture déjà payée envoyer de l'argent assuré aspect légal le temps savait pleine puanteur échangé mot fermer les informations de compte dit nécessaire transférer de l'argent compte banque mensonge fait copie de rapport de police conversation disant mettre de l'argent carte beaucoup relevé bancaire pris réclamation loyer savoir idiot savait désespéré pense même dit serait le numéro noir je ne sais pas signifier flux de lumière prêt blesser grandement la famille s'il vous plaît aider la paperasse faux prêt pense avoir rapporté crédit à la consommation,mauvaise_qualite,faible
fils acheté prêt moto via le propriétaire du compte bancaire synchrone effectuant un paiement régulier vélo défectueux rendu volontairement par la banque synchrone signé formulaire de rachat volontaire banque synchrone accepté vélo contacté par la banque synchrone formulaire reconnu signé vélo indiqué mais transporté localisé en raison de la pandémie de coronavirus également refusé supprimer les informations incorrectes rapport de crédit vélo pleine possession banque synchrone accepté entièrement problème relatif à la banque synchrone fils obtenir une hypothèque d'emploi à moins que la banque synchrone supprime les informations incorrectes négatives rapport de crédit,mauvaise_qualite,faible
"service lire le rapport de crédit du bureau le matin informations réalisées rapport de transunion incorrect suivi transunion invite créer un compte mise à jour de la commande employeur bien que bientôt trouvé disponible en ligne contexte vérification identification création de compte informations de carte de crédit partagées pensée similaire question environnante posant l'adresse actuelle passée, etc.",mauvaise_qualite,critique
dette due autour de la carte de crédit bancaire synchronisée utilisée année due à l'industrie de la restauration covid option très limitée de paiement de la dette serait un revenu disponible fonds pour les jours de pluie malgré l'appel continu vers le haut dix fois par jour toujours en utilisant un numéro de téléphone usurpé le numéro appelé obtient en fait le numéro de réponse chaque numéro jamais appelé fausse ligne même enregistré,mauvaise_qualite,faible
essentiellement envoyé le formulaire remplir la vérification de la fraude a eu lieu renvoyé demander envoyer l'e-mail pourrait envoyer une preuve de fraude adresse physique de l'entreprise PC rien ne s'affiche sans e-mail envoyer la preuve a donné l'adresse e-mail demandée mais ne se conformera pas dire laisser la personne garder l'argent preuve documentée le paquet n'existe pas usps personnalisés mais faux fournisseur suggérer également comme dire way go programme jamais essayé suivre ledit paquet verrait clairement que le paquet de fraude n'existe pas s'il vous plaît aider,mauvaise_qualite,faible
six occasions distinctes écrire en ligne cfpb essayé d'obtenir une remarque désobligeante le mien supprimé rapport de crédit supprimé temporairement autorisé publié nom différent temps plus dur plus difficile contacter agence de recouvrement enfreindre la loi rapport original créancier dette question vérifiée écriture adresse physique compte le mien malgré de nombreuses plaintes collecteur de dettes continuellement placé rapport de compte agence d'évaluation du crédit supprimé nom modifié entreprise détenant une dette réémis nouveau nom de détention différent en plus illégal rendu application d'hypothèque impossible ca garantie nouveau recouvrement de créances mien vérifié créancier d'origine qui montre aléatoirement le rapport de crédit malgré la suppression occasion séparée avant la dernière fois autorisée agence de recouvrement compte de recouvrement après appartenance vérifiée également autorisé faux nom recouvrement créancier initial détenteur de la dette ni précis,mauvaise_qualite,faible
affaire rejetée par le tribunal demandeur déposé dossier du défendeur rejeté joint joint représailles soumis fausse fausse facture Ward mérite validité fait charge frais chance adresse du tribunal problème soumis inspection de la maison montrer maison désarroi complet dommage jamais abordé soumis facture disant dommage même si documenté un mois auparavant faute attachée procédé falsifier trompé frais voie devoir manière soumise facture fabriquée exigée payer facture remise facture totcs collection Thunderbird contesté souhait passé soumettre dossier tribunal rejet document de soutien réclamation facture fabriqué document judiciaire limite de fichier dépassée,mauvaise_qualite,faible
compte négatif contesté experian rien faux compte compte continuer à crédit compte contesté crédit experian croire enquêter à venir résultat négatif rapide,mauvaise_qualite,faible
citibank a envoyé une lettre informant la fermeture du compte de coffre-fort avis déclaré contacter le service client obtenir des informations en premier reçu l'avis atteint succursale de citibank située ca directement parlé directeur de succursale directeur de succursale informé voir avis de fermeture compte système lettre semblait fausse copie de la lettre dit transmettre le service de fraude de citibank faire savoir n'importe quoi information sur l'information a pris des mesures cependant date de l'avis compte d'épargne chèque fermé même si l'avis mentionné compte de coffre-fort a suivi la fermeture du compte de carte de crédit citibank a envoyé plusieurs lettres via usps demandant des informations mais jusqu'à la date de réception de la demande de réponse,mauvaise_qualite,faible
transaction accidentelle faux site Web montant immédiatement appelé citibank annuler transaction en attente employé de la banque a dit traité litige initialement citibank a demandé litige transaction appel multiple citibank refuser la transaction inversée lettre envoyée détaillant l'arnaque bien citibank a refusé l'inverse malgré un mois d'enquête faux site Web accidentellement traité envoyer confirmation transaction faux site Web envoyer bien acheté soit citibank protégeant le client transaction frauduleuse,mauvaise_qualite,critique
compte vendu illégalement faux compte violation titre usc f fcra interdit vendre compte signalé frauduleux signalé faux compte créé découvert criminalité allé de l'avant vendu compte criminel agence de recouvrement violation loi fédérale voir ci-joint alerte de fraude cra documentation irs agent spécial agent spécial spécifiquement communiqué vol id fait une autre personne californie floride utilisant les informations d'identification utiliserait également la boîte aux lettres de la personne snagg courrier entrant la personne retournerait au travail sophistiqué,mauvaise_qualite,faible
entreprise clinique de physiothérapie ambulatoire située en géorgie carte d'identité fiscale bande volée compte bancaire frauduleux ouvert banque du capitol tn appelé banque premier horizon malheureusement directeur de banque dupé fraudeur autorisé mettre série chèque volé géorgie entreprise déposée compte bancaire du capitol connaissant l'adresse physique de la géorgie chaque chèque déposé compte tn fait seul alerté processeur bancaire en plus numéro paiement par un tiers également eft compte frauduleux montant total revenu détourné volé excès de criminalité a eu lieu cours mois a pris longtemps fermé crime note importante banque du capitol mettre avis semaine du crime compte ouvert compte personnellement demandé gelé protéger les revenus malheureusement la banque a échoué à agir protéger les intérêts des petites entreprises fait autorisé argent tiré directement personne commettant un crime chèque de trésorerie rendu payable personnellement fichier joint série documentation inclure lettre détaillée avocat de Géorgie mettre en évidence le crime banque erreur demande banque retour argent propriétaire légitime assignation à comparaître du comté de Géorgie demande bancaire,mauvaise_qualite,faible
déposé une plainte récente problème fausse déclaration représentation informations mises à jour plainte découverte établissement accrédité donc relevé de notes imprimé achèvement crédit heure autorité authenticité offre aider trier option d'aide financière recruteur scolaire achèvement garanti cours ferait commencer le salaire prêt année prêt initialement emprunté approximativement date payé prêt à vie actuellement doit prêt initialement pris plainte récente référée homme vie entière né homme élevé nom important fait nom de bébé signifiant nom guerre dit plutôt insultant quelqu'un référé plainte récente état contact serveur actuel navient navient connexion page payer prêt étudiant absolument prêt d'état prêt d'état collège d'état année fréquentée deviner accrédité déchiré changé de nom université ancien bâtiment utilisé résider oh même si l'obtention du diplôme a commencé l'école collège crédit heure transférée rien étudié a travaillé dur fait académique honneur rôle fausse école faux crédit rien chancre endettement payer obtenir plusieurs photos de harcèlement,mauvaise_qualite,faible
effectué achat vendeur achat fait capital un montant de la carte de crédit pièce de commande pièce de masque facial pièce envoyée par le vendeur partie envoyée achat reste jamais envoyé reçu pièce marchandise de mauvaise qualité montré site Web marchandise utilisable caisse ouverte parlé capital un espoir aider à obtenir du crédit numéro de dossier majuscule on a expliqué la raison ca obtenir du crédit retour article expliqué vendeur envoyer étiquette de retour adresse de retour fin majuscule on a demandé contacter le commerçant travailler directement le commerçant fournir l'adresse de retour,mauvaise_qualite,faible
lettre reçue finance régionale texas déclarant plaisir bienvenue famille prêt à terme appelé rayon directeur de succursale informé appliquer prêt savoir tout ce qui est déclaré pourrait donner des informations aller bureau informé serait min a donné une copie chèque signature informée fausse idée la personne a obtenu un permis de conduire plus la personne a écrit faux numéro de téléphone fausse adresse e-mail signé prêt chèque payer type d'ordre de paiement chèque d'identité instruit signature d'un tiers lieu plus accepter connaître chèque espèces établissement demandé chèque en direct envoyé courrier prêt appliqué dit société de finance commune dit ouvert dit oui fraude s'impliquer société fonctionne comme dit marquerait compte alerte de fraude besoin d'attendre paquet de fraude demandé rapport de police d'entreprise dit pourrait dire appelé xxxxpd inquiétude frappé crédit résolu je suis rentré chez moi instinct sentir quelque chose de terriblement mal appelé xxxxpd signalé contrefaçon société de chèque de prêt xxxxpd a donné la liste chose endroit appel lieu alerte bureau de crédit dès que possible le lendemain googlé page trouvée informations appelée finance régionale donner des informations parlé demandé entreprise n,mauvaise_qualite,faible
"article acheté amazon utilisant Chase article de carte de crédit amazon article premier membre principal article moyen achat défectueux capable retourné amazon couvrant les coûts d'expédition article commandé paire pantalon de qualité inférieure défectueux tenté de résoudre le problème marchand directement reçu réponse malgré plusieurs tentatives de contact amazon incapable de prouver le remboursement payé étiquette d'expédition disant article rempli en privé donc qualifier amazon prime note capture d'écran article montrant en effet l'article principal appelé société de carte de crédit litige charge malgré l'attente tenir une minute une jamais assisté délai légal assistance inefficace causant une faute voudrait que la société de carte de crédit amazon remplisse son devoir fiduciaire ait dépensé beaucoup problème de temps, pantalon à juste coût",mauvaise_qualite,faible
bonjour rapport de compte nom état ouvert continuer à essayer litige compte en raison d'informations erronées date montant statut dernière activité chance crédit bureau demande revenir mis à jour croire système informatique essayer de prendre des informations un autre bureau faire un compte véridique montrer le dernier paiement complètement mentir même savoir que le compte existe rapport récemment essayé louer appartement regardant rapport droit frustré erreur incapacité résoudre problème bureau dû faux lire loi fcra comprendre violation droit du consommateur s'il vous plaît aider à résoudre le problème joindre copie rapport de compte copie réponse du bureau de crédit besoin d'informations supplémentaires preuve d'identité veuillez contacter merci,mauvaise_qualite,elevee
emploi postulé l'entreprise a dit de déposer un chèque de retrait envoyer un chèque du directeur régional transformé en faux payer la banque rembourser l'argent même si d'une manière ou d'une autre compensé même si un faux chèque la banque a fermé le compte a dit le problème mettre une activité frauduleuse antécédents de crédit capable d'ouvrir un compte bancaire ailleurs je suis désolé cela se produit dans le but de rembourser l'argent même si j'ai l'impression que la banque pourrait faire vouloir prendre une activité frauduleuse antécédents de crédit ca banque n'importe où je peux acheter une maison,mauvaise_qualite,faible
posté vente de machine à souder client contacté a donné un numéro de téléphone texte machine contact demander beaucoup vouloir machine à souder dit prix convenu dit aller envoyer chèque de banque prix plus déménageur va livrer machine new york deux jours reçu montant du chèque de banque via usps courrier prioritaire chèque déposé express attendu un jour chèque compensé même appelé banque confirmer chèque bon confirmé problème pensé argent banque note inquiet entre-temps faux client contacté demander envoyer solde restant déménageur venir ramasser la machine via zelle transfert fonds de transfert trois jours reçu avis banque chèque de banque déduire compte de fonds essayé à plusieurs reprises contacter fraudeur évidemment répondre appelé déposé plainte chèque cas zelle réclamation recherche zelle transaction internet arrivé beaucoup de gens zelle ne rembourse jamais selon zelle web onglet latéral compréhension fraude arnaque dire paiement autorisé généralement capable de récupérer de l'argent fait référence au cas corps hack ordinateur évidemment fraude crime adresse e-mail nom nom du destinataire,mauvaise_qualite,faible
reçu reliacard u banque conçu transmettre allocation de chômage état colorado bénéficiaire âge retraité appliqué allocation de chômage ressembler à une fausse carte ressembler à un vrai lire internet arnaque à flot envoyer la carte senior ordre obtenir de l'argent principale préoccupation carte activée contacter la ligne bancaire mourir à chaque fois essayer d'appeler,mauvaise_qualite,faible
problème de connexion de l'application de la semaine de prêt hier vérifié site Web site Web également rappelé l'année dernière recevoir un formulaire de document papier pouvoir appeler obtenir une réponse automatique beaucoup d'intérêts payés voudrait un formulaire de documentation papier tout le fonctionnement du site Web vérifié de nombreuses sociétés de plaintes inquiètes de payer mensuellement fausse entité aimerait obtenir une déclaration mensuelle également une déclaration annuelle papier,mauvaise_qualite,faible
le bail préféré du commerçant a pris de l'argent compte bancaire sans connaissance consentement essayer contact concernant le paiement effectué dossier de dossier payé à chaque fois vérifier la boîte aux lettres facture mois déjà payé appeler toujours obtenir une fausse adresse e-mail à chaque fois envoyer l'adresse e-mail e-mail revenir incapable d'envoyer la vraie adresse e-mail marchand de location préféré affilié,mauvaise_qualite,faible
"transfert d'argent le retrait d'espèces est allé à ria emplacement de transfert d'argent choisir le montant transfert usd vérifier l'argent je suis rentré à la maison remarqué une fausse facture appelée ria a refusé de donner un faux même si la pile d'argent a été touchée jusqu'à ce que je sois rentré à la maison, le décompte savait que cela pouvait être fait intentionnellement grossier pour la première fois essayé d'utiliser l'emplacement de service ria md",mauvaise_qualite,faible
accepté offre sollicitée essai d'adhésion à la transunion mensuel annuler l'adhésion lien annuler essayer annuler le mois transunion faux lien annuler l'adhésion cliquer sur le lien rien essayé douzaine de fois mois simple recherche google option de plainte annuler l'appel essayé attente forcée longue attente obtenir l'agent parle anglais bien entendre l'agent déjà contesté donner de longues divagations inutiles tentative solliciter frustré pendu semble comme un recours collectif en attente se produire,mauvaise_qualite,elevee
lettre reçue datée concernant la dette déjà supprimée rapport de crédit essayé d'appeler le numéro fourni arnaque dirigée service téléphonique utilisant le numéro dette initialement déjà supprimée rapport de crédit refuser de payer crédibilité excellence au-delà de la croyance mauvais montant dû faux numéro atteindre,mauvaise_qualite,faible
ad astra recovery serv refusé supprimer compte frauduleux rapport de crédit preuve vol d'identité donné pourrait fournir une identification de prêt personnel numéro de sécurité sociale pris violation de données faux contrat sans signature d'identification,mauvaise_qualite,faible
vérifier le crédit vu un résultat négatif crédit dû savoir quelque chose vouloir supprimer le compte crédit contesté supprimer le faux compte,mauvaise_qualite,faible
bonjour nom arnaqué majoritairement premier contact demandé contact bureau de protection financière des consommateurs cfpb hier département a dit contact état ct département bancaire dire contact besoin quelqu'un aider à résoudre le problème offert opportunité publicité fourni chèque déposé compte malheureusement banque banque amérique laisser le chèque effacer tout de suite retiré argent chèque terminé dette contrefaite en raison de fraude cas ouvert département de fraude banque service de police local appelé banque à plusieurs reprises arrêter transaction retrait dépôt banque mettre geler le compte toujours autorisant le dépôt aller sans autorisation dire compte bancaire fraudé toujours autoriser l'argent aller compte ne comprend pas la banque autoriser l'activité compte fraudé essayé d'arrêter continuer à laisser l'argent compte perdu le chèque de paie la semaine essayer d'économiser le chèque de relance malheureusement un disponible aider à changer de compte irs en raison de la surcharge de la banque garder le chèque de relance besoin terriblement de temps savoir autrement atteindre aider à résoudre le travail les heures de soins de santé ont été réduites en raison du covid désespéré arrêter la banque de prendre le chèque besoin de survivre au temps,mauvaise_qualite,faible
l'année dernière victime vol d'identité supposé quelqu'un utilisé nom d'identité devenu collection trouvé ok rapport de police complété rapport de vol d'identité ftc identifier vol lettre de litige copie rapport de crédit loi sur le crédit équitable acte ftc avis fourniture copie d'identité info faxée numéro de fax fourni envoyer y compris la preuve jointe ok avance rapide semaine agence d'évaluation du crédit collecteur du service temps supprimé rapport de crédit du service supprimé autour de la pensée cauchemar bien avance rapide aujourd'hui récemment obtenir un appel téléphone société de recouvrement différente appelant département rapport de crédit supprimé bien le collectionneur original doit vouloir supprimer doit être vendu agence de recouvrement de dept retour rapport de crédit différent société de recouvrement appelant disant devoir une dette actuellement refuser la fin même si envoyé la documentation nécessaire preuve de vol d'identité note clé aimerait fournir s'il vous plaît parlé beaucoup de gens téléphone d'accord informations folles tout voir clairement la fraude n'a jamais vécu kansa ne compte jamais la vie clairement difficile voir lieu vécu question représentant du téléphone dit,mauvaise_qualite,faible
"peut concerner une plainte concernant la banque de la ville, un processus de contestation injuste, un résultat concernant une transaction frauduleuse, un compte récemment tenté de conclure un accord commercial, un achat de dépanneuse, une réparation automobile, une commande de service, un achat de dépanneuse, une vente aux enchères d'une dépanneuse, l'entreprise présumée a effectué plusieurs transactions monétaires, plusieurs commandes de cartes de crédit, finaliser une transaction de camion de livraison, un achat de camion par carte de crédit, suit une carte de crédit, une carte de crédit, un montant supplémentaire facturé, un achat de réparation réclamé par le commerçant, une société de carte citi a également géré l'argent de la réclamation, un coût d'inspection présumé, un comportement frauduleux suspecté, l'agence a tenté de réclamer une rétrofacturation, la société de carte de crédit, la documentation appropriée a pris des mesures équitables, un examen complet, une documentation évidente, la citibank a fourni une résolution vague des litiges, un commerçant favorisé, accepté faux documents frauduleux documents légitimes selon le commerçant de la Citibank prétendument achetés prétendument livrés alors qu'ils ont été achetés à l'aide d'un chèque de banque, en outre le commerçant a fourni un faux pur non vérifié",mauvaise_qualite,faible
"je dois aussi m'adresser au tribunal fédéral concernant l'hypothèque de début de maison forclose faux prêt de transfert de signature poursuivi je suis rentré à la maison en essayant de résilier le salaire contacté dire à la maison a terminé la société de recouvrement harcelé exigeant retour est retourné au tribunal réglé a été vendu selene finance est allé juge fédéral al ordonné le retour de l'hypothèque a été période de paiement mois reçu paperasse commencer à payer l'hypothèque signer la paperasse rédigée de manière incorrecte le mois payé encaisserait le chèque de banque silencieusement fermé le papier d'avis répondrait à la question envoyée par courrier lettre certifiée texas concernant la preuve de propriété de la maison réponse pourfermé toujours la maison veut savoir la maison se conformer à l'ordonnance du juge fédéral, réponse hypothécaire, ni savoir, titrisé, un commentaire, aidez-moi s'il vous plaît",mauvaise_qualite,faible
carillon banque cinq incidents distincts client capable d'utiliser aucune carte de débit carte de crédit au cours des douze derniers mois récemment atteint carillon carte de débit refusé suffisamment de fonds d'abord essayé nier le problème a continué envoyer des preuves via des captures d'écran a dit problème marchand pressé dit problème répliqué marchand dit carte de crédit débit défectueux demandé carte de crédit carillon transaction bancaire client achat effectué à l'aide de la carte de crédit carte en métal serait émis cependant fait clair carte en métal problème unique serait remplacé circonstance demandée a pris un mois faire achat suite à l'enquête communication coupée du carillon envoyé trois e-mails les trois derniers jours impossible d'utiliser la carte de débit de crédit compte d'argent dépôt direct aller impossible d'acheter un mandat loyer impossible d'acheter épicerie ligne téléphonique état volume d'appels élevé réponse essayer de chercher une réponse en ligne bot en ligne au moins deux dernières semaines temps multiple e-mail service client resté sans réponse besoin d'aide compte bancaire bloqué gelé problème incroyablement frustrant cinquième fois après douze mois carillon de fonds membre peu de responsabilité fin,mauvaise_qualite,faible
contacté citibank trois montant de retrait non autorisé s'est produit compte courant citibank signalé fraude dept citibank victime d'un escroc appel signalé escroc appelé employé réclamé un nommé offert aide ajouter une fonction de sécurité protéger le compte a marché installation programme appelé application pour ordinateur portable appelé logiciel de téléphone portable partenaire capable d'accéder à l'ordinateur faire trois retraits compte chèque citibank téléphone dit traçage escroc ordinateur arrêter d'obtenir le compte donc laisser l'ordinateur téléphone portable heure terminer enquête alerté appel reçu banque tentative non autorisée retirer de l'argent compte courant bloqué appelé vérifier l'identifiant de l'employé partagé dit fausse identité ni l'un ni l'autre des deux escrocs ont réalisé le compte bancaire compromis programme désinstallé ordinateur portable application supprimée téléphone portable immédiatement escroc appelé plusieurs fois déconnecté accès au lien ordinateur portable appel de téléphone portable reçu identifiant de l'appelant citi effectivement généré citibank date suivante service de fraude a dit doit déposer un litige trois retrait citibank enquêter contact demandé chance cou,mauvaise_qualite,critique
contacté experian fausses informations placées rapport de crédit demandé entreprise mener une enquête système d'information attiré l'attention adresse nom nom du système adresse veuillez supprimer le rapport de crédit à la place mener une enquête réelle agent déjà dit erreur d'orthographe sans investir question essentiellement demandé orthographe nom adresse mettre rapport de crédit extrêmement contrarié vouloir supprimer l'enregistrement endommageant de fausses informations détruit la vie des gens,mauvaise_qualite,faible
quelqu'un utilisant son identité prêt de carte de crédit ouvert payé montant incroyable compte ouvert dur s'enquiert sérieusement besoin d'aide connaître confiance insensée n'importe qui s'il vous plaît aider à rendre la vie difficile recevoir de fausses lettres banque approuvée reçu carte de crédit faux travail supposer réparer croire besoin de fonds de roulement entreprise se faire refuser supposer acheter une maison savoir voiture va bientôt repo ne peux pas obtenir d'aide à personne s'il vous plaît dire comment réparer mon numéro de téléphone mon travail ne sais pas,mauvaise_qualite,faible
troisième association fédérale de prêt d'épargne cleveland troisième adresse fédérale oh comté de floride hypothèque instrument livre page date de dépôt comté de floride garantie spéciale acte instrument livre page concédant transmet bénéficiaire propriété page joint acte match propriété décrit p acte droit transmettre description légale page jointe garantie spéciale match description légale autorisation document page réponse lettre troisième plainte de prêt d'épargne fédéral défectueux daté ours signature réponse lettre lire suit également joint pièce plainte conseillant cfpb applicable agence de régulation hypothèque propriété concédant droit transmettre demandant cfpb occ applicable agence de régulation prendre des mesures immédiates directes troisième fédéral modifier la description légale du concédant d'hypothèque propriété correctement reflétée note d'hypothèque document voir page page jointe acte de garantie comparaison description légale merci assistance immédiate question nj lettre de réponse troisième fédéral ci-joint pièce lue suit ours date signature cfpb bureau c,mauvaise_qualite,faible
contacté le service de recouvrement allié dette en dollars du nevada due jamais numéro de client donné résoudre le problème rien essayer de vérifier les informations personnelles signées immédiatement surveiller l'entreprise possibilité de vol d'identité excellent acsi mettre le rapport de crédit malgré le fait toujours la dette a également signalé la dette simplement très bientôt mettre la dette en dollars sur le rapport de crédit même la dette réitérer selon le rapport première personne fait même déranger le changement faux représentant la société la société fait vraiment de la dette besoin de fermer la porte une coïncidence malheureuse a amené une pratique de vol d'identité toujours horrible doit être surveillée de près,mauvaise_qualite,critique
"autour du litige initié découvrir concernant le montant de la transaction résultat recevoir le produit défectueux essentiellement le commerçant fournir commandé produit gratuit défectueux spécifiquement canapé sectionnel néanmoins découvrir un litige apparemment fermé selon le compte en ligne envoyer la correspondance considérer les informations envoyées par la poste boîte postale illustrée reçu de retour date jointe découvrir le représentant allègue recevoir la documentation malgré le fait joint accusé de réception appelé suivre le litige compte en ligne reflété litige fermé demandé parler le superviseur a dit que l'on reviendrait dans l'heure date de réception rappeler le superviseur a appelé le statut du chèque litige dit fax pièces justificatives suivi le représentant du rayon a communiqué la charge toujours la phase de litige reviendrait sur le compte mais le compte de refacturation du compte présumé superviseur assuré surveillerait le compte la charge reviendrait sur le compte aujourd'hui a parlé le superviseur présumé a communiqué la documentation soumise en fin de compte, la communication a été inefficace et a résolu le problème.",mauvaise_qualite,faible
bien fargo banque envoyé message disant activité inhabituelle fin de la carte numéro de réclamation fargo détection de fraude dit dept charge mine dit arrêter le fichier de carte réclamation envoyée une autre carte le lendemain dit ne peut pas obtenir une autre carte mois dû remplissage litige rempli aucun litige frauduleux mise fausse réclamation ordre acheter etc envoyé obtenir fichier réclamation récupérer dit réclamation non frauduleux frauduleux banque dire compte ne peut pas obtenir la carte mois toujours utiliser le compte on m'a dit que le compte est fermé ne jamais ouvrir un autre compte bien fargo banque jamais argent compte fermé disant charge revenant rien lire pour ordre commercial facturé deux commande dit article contesté mois réclamer l'argent bancaire tous les jours contrat d'entrée en comptabilité appelé accord d'application état divulgation complète homme vivant faire un certain montant litige compte ouvert dit quelque chose de mal monnaie contestée numéro d'entrée en comptabilité bancaire frauduleux vague encore dose dire raison faite accord d'application inyo contrat juridiquement contraignant indiquant le droit de réserve ucc homme vivant unique bénéficiaire donc,mauvaise_qualite,elevee
fait achat article page Web appelé utilisation autorisée paypal article trouvé site web faux essayé communiquer email temps jamais reçu de réponse soumis réclamation paypal refusé disant facturation litige ouvert enquête a donné le montant du compte de crédit ordinateur payé jamais reçu le lendemain paypal a également envoyé de l'argent je suppose que la plainte demandée a été rappelée demander de reprendre le crédit a reçu l'argent remboursé paypal je reçois un e-mail appel téléphonique paypal disant que le compte déficitaire compte gelé recevoir le paiement appelé dit à quelqu'un plainte annulée qui est retournée par paypals remboursement a parlé banque hier recherché tout le processus dit n'a rien fait de mal devoir paypal quoi que ce soit reçu de l'argent essayé à plusieurs reprises parler du département des Limatatons Paypal mettre en attente ne jamais revenir honnêtement savoir,mauvaise_qualite,faible
notifié société de surveillance du crédit montant de la collecte affiché crédit service de collecte au nom de la société lors de l'enquête appris affilié ouvert un compte de téléphone portable équipement utilisant un numéro de sécurité sociale volé nouveau processus de création de compte affilié prendre copie identification suspecte affilié exécuter une vérification de crédit affilié exécuter une vérification de crédit en utilisant un ssn volé nouveau compte serait refusé verrouillage placé société de crédit après plusieurs années admis ensemble de compte frauduleusement entre-temps le pointage de crédit élevé a chuté heure de travail date de travail réparer le fichier de rapport de crédit rapport de police rapport ftc concerné longue prise supprimer les informations frauduleuses le fait de crédit permet à l'affilié de s'engager dans une pratique contraire à l'éthique impliquant l'ouverture d'un nouveau compte stupéfiant croire nécessaire d'enquêter complètement ignorant compte frauduleux ouvert deux ans semaine informé autorisé service lever du soleil lieu de collecte avis crédit suspect utilisé ssn utilisé fausse adresse adresse fait adresse professionnelle depuis le client ligne fixe année toujours payé temps compte vérifié exister,mauvaise_qualite,faible
emploi offert donné un chèque frauduleux déposé par une banque américaine société entreprise arnaquée emploi banque américaine a déclaré qu'il allait protéger le cas du client la fraude par chèque permettrait un faux chèque déposé un chèque vérifié bon permis de retirer de l'argent déposé un rapport de police en arrière banque américaine audace compte tenu des charges offs crédit ruiné besoin de compte arrêter signalé un dépôt de plainte au bureau de crédit majeur cfpb ftc société accepter la plainte inacceptable donner à la banque américaine une chance bonne chose fermer le compte arrêter complètement de signaler la plainte du dossier de crédit prendre loin besoin d'aller se faire retirer le rapport de crédit envoi lettre faire savoir au gars vouloir venir dès que possible s'il vous plaît arrêter de signaler le bureau de crédit en attente réponse,mauvaise_qualite,elevee
mois mois bail ancien appartement notifié gestionnaire quittant le mois prochain contrat dit anglais bien demandé frère parle mieux anglais parler gestionnaire bien notifier le dernier jour appartement frère confirmé dernière date compris vous a dit de déduire les frais de dépôt d'accord tout ce que vous avez demandé écrire bien mettre écrire frère est allé le lendemain boîte déposée à l'extérieur du bureau bureau fermé heure déplacé appartement abandonné clé bureau reçu lettre appartement demandant loyer presque frais donner avis paierait le mois dernier mois séjour considérerait besoin mois notification charge mois période de notification essayé parler gestionnaire menacé soit payer agence de recouvrement ruiner le crédit s'attendre à poursuivre en justice le tribunal envoyé fausse facture agence de recouvrement jamais contacté écrire jamais appelé fausse facture manière évidente d'utiliser le pouvoir en menaçant les gens en profitant de faibles compétences en communication linguistique,mauvaise_qualite,faible
reçu document concernant le montant de la facture quelque chose disant toujours devoir intérêts wagon société côte professionnel petit derrière mot moitié u département bureau du trésor service fiscal service actuel service fiscal exceptionnel délinquant obligation fédérale nom département santé service humain placé compte agence recouvrement avocat impliqué numéro de cas mensonge argent dit obtiendrait presque règlement donné vu chèque trouver chèque l'amérique a menti dit bien disant mensonge dit payé quoi que ce soit illégal frauduleux faux faux privilège généré procuré signé faux frauduleux alléguer collecteur de dettes résultat vol d'identité déchargé immédiatement contester la validité facture fausse dette hdc connaissance défaut instrument instrument secondaire instrument en direct agent un supposé donner le paiement donner du repos essayé de te creuser dire d'accord prendre un montant d'argent service d'exécution règlement chèque est venu fiancé volontaire illégal étranger parler action malveillante essayer profiter gentil avocat poignarder dans le dos montant abusif fraude au fonds frau,mauvaise_qualite,critique
contacté la banque alliée concernant la demande d'extension ci-jointe précédemment contestée paiement en retard signalé banque alliée envie de représailles plainte valeur taux d'endettement titre inversé lésé en raison de fraude agence de vente de pièces a dit de prendre le commerce de voiture même si la revente de véhicule autorisée remplace la pièce défectueuse appelant le véhicule citron disant coincé auto doit valeur bien valeur dû citron identifiant rapport empêcher le véhicule vendu véhicule vendu vous a fourni faux rapport indiquant le problème de rappel d'airbag cas de voiture a pris le véhicule la géorgie a effectué le travail de garantie à trois occasions distinctes le directeur des ventes a contacté acheter le véhicule en bon état dossier d'entretien est finalement devenu intéressé à échanger un nouveau véhicule à ressorts la responsabilité acceptée du concessionnaire pourrait-elle tomber en cas de demande de prolongation provisoire de l'honneur de la banque alliée,mauvaise_qualite,faible
n'importe quoi société de rapport de crédit système de crédit du sud-ouest appeler tous les jours ne jamais laisser de message numéro de bloc rappeler un autre numéro regardé en ligne des centaines de personnes beaucoup ont dit de fausses dettes,mauvaise_qualite,faible
vérifié boîte postale carte de débit citibank contacté immédiatement figure va dit ne jamais traiter quoi que ce soit citibank définitivement jamais ouvert de compte courant appelé compte trouvé dit compte fermé contact département de vol d'identité jour fermé vacances nécessaire n'importe quoi atteindrait dit compte ouvert en ligne voir lot fraude compte personnes ouverture faux compte caisse de chômage mettre le compte dirait le fonds est venu aujourd'hui vérifié boîte postale compte chèque appelé numéro de vol d'identité étant donné même inutile première fois appelé lieu geler trois bureau de crédit demandé déposer plusieurs plaintes une semblant prendre au sérieux,mauvaise_qualite,critique
arnaqué en essayant de sous-louer un appartement escroc envoyé un chèque de banque loyer déposé chèque envoyé différence deux via chèque déposé devenu faux contacté poursuite essayer d'annuler la transaction dit que rien ne pouvait initier la transaction,mauvaise_qualite,faible
"demande de prêt soumise doc hypothèque résidentielle primaire nmls regardant doc fiches de paie dit que le prêt serait approuvé dit évaluation des salaires dès que possible date de clôture bientôt conseillé agent de crédit nmls mari travaillant à temps plein actuellement à temps plein bientôt chèque de paie soumis clairement dire mari employé saisonnier mais agent de crédit pointu à temps plein a dit amende avant payé évaluation acompte jour de clôture l'agent de prêt est revenu vous avez dit la ligne directrice du prêt changé fha gouvernement avait besoin mari prêt à temps plein ne sera pas approuvé dit doc prêt est venu fausse entreprise obtenir approuvé dit rien vous a dit approuvé clôture de la journée admis plusieurs fois attrapé il y a longtemps, sans vous coûter du temps, de l'argent, des coûts d'évaluation des coûts de pré-déménagement, etc., vous avez dit le coût informatif remboursé, la faute a également déclaré que l'agent immobilier vous avait bien envoyé un e-mail disant que je ne pouvais pas rembourser le temps investi",mauvaise_qualite,faible
rapport de police déposé rapport de police réaliser compte notifié par la banque étape négative succursale trouver compte bloqué carte fichier de travail litige banque fournie informations revenues informations utilisées chèque de dépôt fausse signature ne correspond pas à la mienne retirer le compte de fonds consentement besoin d'aide cause information vendue société appelée bloquer l'ouverture d'un compte bancaire qui fait mal nom nouveau compte bancaire,mauvaise_qualite,faible
lettre reçue well fargo banque well fargo nom du compte adresse lettre compte ouvert informe chèque déposé compte encaissé soupçonné de contrefaçon identité well fargo fraude habile ouvert nom du compte déposé faux chèque faux compte appelé immédiatement reçu lettre dit demandé opérateur dire identité fraude habile dit fait en ligne demandé fournir une direction à venir partie mesure de sécurité éviter que cela se produise tentative d'identité fraude habile nom fournir plus arrivé grande préoccupation nuire à la situation financière garder le document accès privé personne d'autre accéder aux informations électroniques mot de passe protégé,mauvaise_qualite,critique
fait abonnement payant abonnement six mois coût total entreprise envoyer un colis mois dans le premier mois un mois de retard sp attendre un mois supplémentaire obtenir le colis le colis est arrivé est venu produit de mauvaise qualité un article manquant le mois prochain paquet chose article avait l'air de mauvaise qualité décidé demande de remboursement bon service client fichier litige compte bancaire en raison du manque de communication cas fermé argent perdu en outre la société arrête d'envoyer reste produit doit envoyer deux colis envoyer mise à jour n'importe quoi journal du compte ca même voir l'historique des commandes abonnement précédent obtenu,mauvaise_qualite,faible
Capital One dont l'appel téléphonique enregistré demandé impliquait d'essayer une fausse situation complice agent des forces de l'ordre voler une carte de débit lettre retournée Capital One plomb complice appel jour crime bavardage prof essayer ensemble,mauvaise_qualite,faible
Equifax autoriser le journal raison nom utilisation entreprise vérifier nom différent utilisation entreprise exemple se présenter abréviation raison vérifié demandé vérification défectueux comme comme parler mur opérateur superviseur actualiser la question vérifier la manière et réparer le système défectueux s'il vous plaît aider,mauvaise_qualite,faible
"gestionnaire d'hypothèques arvest hypothèque centrale appliqué nouveaux frais de fax déclaration récente actuellement deux frais de fax compte un reconnaître le processus de paiement du deuxième appelé arvest personne a parlé dit pouvait dire les frais encourus suivi un collègue a dit qu'il rappellerait les détails attendu près de l'heure appelé suivre deuxième arvest associé a parlé aujourd'hui en mesure de prendre contact collègue a déclaré les frais appliqués simplement numéro d'erreur compte dit aurait pris soin incapable de repérer l'état serait pris en compte assez concerné franchement contrarié type comportement prédateur arvest demandé associé a parlé s'est produit détail également dit numéro appliqué compte appel probablement aurait sans le savoir payé des frais prédateurs illégaux également concerné compte toujours évalué frais erronés croire totalement inexplicable discrétion d'arvest appliquer de faux frais illégaux compte s'attendre à ce que le propriétaire du compte s'assure que les frais soient supprimés, une pénalité encore pire apparaît arvest s'engager dans un comportement illégal recevoir de l'argent retourner les dommages",mauvaise_qualite,faible
"nous, une fausse agence d'information sur les consommateurs appelée sagestream llc, pointage de crédit, a entraîné un taux d'intérêt beaucoup plus élevé, même si nous savons que de faux rapports de crédit sont légaux",mauvaise_qualite,faible
vendredi a reçu un texte bien fargo demander pourrait vérifier l'activité de la carte a immédiatement regardé les informations de compte en ligne vu fargxxxx atm retrait heureusement retrait refusé numéro appelé faire savoir les frais frauduleux carte demandée charger la mienne a dit charge wa charge wa charge wa one wa fargo atm demandé encore la carte a dit oui demandé donné la carte quelqu'un a dit carte annulée tout de suite dit attendre minute parlé réclamation au retour dit refusé choqué rapide décidé déclin réclamation en supposant que le cas refusé malheureusement la transaction s'est produite washington actuellement en direct washington supposé que la banque aurait fait une enquête approfondie beaucoup d'argent voir la pandémie pensait que cela serait utile depuis prêcher site web réponse impact jour est allé le plus proche bien fargo banque parler quelqu'un personne personne a parlé téléphone vraiment manqué trier empathie situation personne parler croire nom assis discuté arrivé surpris examiné cas minute demandé possible gens faire fausse carte dit oui hacker skimmer obtenir des informations aidé soumettre demander avis dit entendre quelqu'un entendre,mauvaise_qualite,critique
écrit concernant la protection contre la fraude fournie Chase l'année précédente acheté en utilisant la carte de crédit Chase nom de la marque chaussure bien connaître le site de la marque clairement site vu précédemment montré vente vente rare chaussure achetée la semaine prochaine chaussure arriver atteint détaillant enregistrement achat à la place est devenu clair discussion fabricant correspondance e-mail fournisseur de site Web falsifié confirmation de produit contrefait clairement fraude chasse annonce protection contre la fraude enquête confirme paiement effectué système construction de l'entreprise transaction clairement frauduleuse chasse refuser honneur protection contre la fraude excuse paiement effectué entreprise pressée poursuite garder mot bien détaillant contrefaçon protection contre la fraude chasse aujourd'hui expérience porte-carte jamais retenu couverture contre la fraude vraie fraude claire aussi jamais mettre une réclamation similaire chasser,mauvaise_qualite,faible
reçu appel fraude enquêteur quelqu'un essayant d'emprunter nom a donné s dob numéro de permis de conduire copie demandée licence envoyée par e-mail fausse mauvaise date d'expiration jeune homme photo reçu couple lettre bancaire refus demande de prêt faite ignoré contacté experian demandé gel de sécurité trouvé plusieurs demandes de prêt autorisé fait,mauvaise_qualite,faible
abbott osborn a échoué à valider le jour de la dette document original menti juge données trompeuses sans autorisation utilisé demandeur faux nom document légal droit d'auteur brevet marque violation courrier rayé faux processus serveur intrusion fraude par fil de courrier soupçonné de harcèlement pandémie juste violation de la loi sur les pratiques de recouvrement des dettes échec de la validation du jour de la dette document original ignoré cesser de s'abstenir ordonnance fraude par courrier électronique soupçonné de harcèlement pandémie équitable pratique de recouvrement de créances violation de la loi a également échoué à valider le jour de la dette document original ignoré cesser de s'abstenir commande de fraude par courrier électronique soupçonné de harcèlement pandémie équitable pratique de recouvrement de créances violation de la loi,mauvaise_qualite,faible
arnaqué en essayant de louer la maison a commencé est allé à la banque obtenir de l'argent recevoir payé recevoir de l'argent regardé même si le gars a arnaqué se faisant clairement passer pour une autre personne bien Fargo a dit que la correspondance de compte considérerait un échange frauduleux de dollar perdu ci-joint faux email de bail bien que je mène une nouvelle maison besoin d'argent sais autre part,mauvaise_qualite,faible
accusé frauduleusement fausse entreprise en ligne montant citibank enquêter sur l'affaire appelée enquête induite en erreur dit toujours enquêté cas fermé pourrait récupérer de l'argent deuxième occasion signalé meilleur achat compte facturé quelque chose achat faire est venu mensonge total donner au client un crédit provisoire échouer enquêter sur l'affaire citibank assuré par le gouvernement fédéral gagner de l'argent client banque argent individuel sécurisé institution argent faim obtenir l'argent du client bonne banque falsifier les informations induire le client en erreur année bancaire paresseux ou incompétent quelque chose comme,mauvaise_qualite,faible
continuer à recevoir du courrier indésirable formulaire e-mail envoyé lettre demandant d'arrêter de recevoir du courrier indésirable jour femme a ordonné d'arrêter la lettre d'appel femme il y a un an problème transféré illégalement compte d'argent faux compte,mauvaise_qualite,faible
compte frauduleux essayé à plusieurs reprises se faire prendre en charge obtenir les documents d'une ordonnance du tribunal bureau du procureur montrant quelqu'un utilisant une fausse identité,mauvaise_qualite,faible
savoir probablement petite victime fraude chèque contrefait td banque emploi faux chèque mauvais numéro d'acheminement signalé tout de suite à la place compte bancaire td suivi protocole bancaire td résoudre preuve évidente chèque contrefait mauvais numéro d'acheminement mauvais chèque stock mauvaise adresse banque td qui rend l'argent enquête facture automatique payer carte de crédit etc. chèque contrefait connaître le numéro d'acheminement réussi chèque traité pris compte courant également signalé coordonnées fl,mauvaise_qualite,elevee
signaler des informations frauduleuses crédit du compte premier montant du compte à plusieurs reprises j'ai contacté pour dire le consentement ouverture du compte je suis l'année scolaire compte quelqu'un a utilisé des informations photo inscrire le compte fraude besoin compte deuxième montant du compte compte ouvert sans consentement en utilisant l'adresse sociale numéro de téléphone le compte doit être supprimé le troisième compte montant du compte cependant le compte a essayé de contacter la suppression du compte considération temps dur en raison du paiement covid solde réglé mais répondre besoin supprimé demande frauduleuse difficile besoin de crédit supprimé temps dur temps en raison de la fraude du temps covid faux crédit de publication de compte supprimer,mauvaise_qualite,faible
"bonjour continuer à mettre un compte de prêt automobile quelqu'un a volé l'identité créée une fausse carte d'identité a acheté le nom du véhicule contacté plusieurs fois continuer à ajouter un compte rapport de crédit rapport Equifax faux rapport de compte autoriser besoin de supprimer le compte arrêter de remettre illégal ajouter de fausses informations rapport de crédit quelqu'un doit créer une fausse carte d'identité posée continuer à mettre un compte rapport de crédit compte d'usurpation d'identité de victime compte frauduleux continuer à placer un rapport demander arrêter de placer un compte rapport Equifax autorisé prêter un prêt automatique violant le droit civil poursuivre ne pas prendre en compte rapport de crédit Equifax ne jamais vouloir d'affaires ne pas aider les gens informations frauduleuses continuer à insister sur le mien jamais compte illégal continuez à ajouter de faux comptes, rapport de solvabilité, veuillez supprimer le compte, contactez la loi, poursuivez en justice, un affidavit pour vol d'identité déjà soumis n'aidera toujours pas à supprimer le procès pour dépôt de compte frauduleux, veuillez le supprimer dès que possible.",mauvaise_qualite,elevee
appelé paypal carte prépayée dépense nette dépôt de paie compte courant frais de discus zone de l'entreprise frais récurrents à venir lieu y compris hôte fausse entreprise langue de la mer difficile comprendre également donné réponse correcte réponse utile commande remboursement argent résoudre le problème s'il vous plaît aider,mauvaise_qualite,faible
"cartouche achetée cartouche épicerie vente voir carte de crédit article acheté politique de retour autorisé retour client article temps magasin cependant découvert cartouche défectueuse tentative de retour retour dimanche épicerie située ut tel reçu original parlait femme gérante du magasin dit politique de retour changé coronavirus produit accepté retourné bien que le produit puisse malgré peut changer la politique de retour effectué achat pourrait retourner n'importe quoi à tout moment magasin refusé accepter le retour clairement expliqué défectueux en outre expliquant tousser abondamment près de dire accepter retour placé litige transaction société de crédit capitalone capitalone crédité réclamant lettre envoyée chercherait une réponse marchand achat notifierait exiger une réponse voir ci-joint reçu une autre lettre capitalone datée semble pris le jour où l'on est autorisé à répondre au litige concernant le compte refacturé malgré une courte fenêtre de réponse, capitalone fournit une lettre de réponse faxée en temps opportun avec un document justificatif, y compris une copie du reçu original, une photo de la marchandise",mauvaise_qualite,elevee
compte courant frauduleux ouvert en ligne nom de l'arizona prochain compte professionnel banque td la banque a essayé de vérifier le compte faux numéro de téléphone fourni pourrait vérifier le compte gelé s'est plaint chèque sans provision trouvé là-bas problème à mi-chèque initialement déposé payé solde final la banque a terminé l'enquête fermé compte frauduleux a donné le cas recommandé contacter rapport de police site Web traitant du vol d'identité,mauvaise_qualite,faible
lettre reçue entreprise indiquant qu'elle doit une dette précise dette correcte appelée essayer d'utiliser une tactique de communication suivre la loi informer quelqu'un de la dette dette originale fausse société de prêt essayer illégalement de collecter de faux demander à cfbp s'impliquer faux processus de recouvrement de créances contacter également le bureau du procureur général de Virginie contacter un cabinet d'avocats arrêter de collecter de fausses dettes,mauvaise_qualite,faible
lettre de réponse datée ci-jointe pièce phh service hypothécaire phh fourni suite à une fausse déclaration trompeuse le long de la fausse preuve faussement prononcée qui y est jointe affichée page cinq cinq communication tout au long de phh continuer à identifier le numéro de compte référencé par le client domaine voir la pièce la personne immobilière existe intérêt immobilier sujet propriété sujet numéro de compte affiché page un cinq communication phh déclaré impliqué compte d'origine donc en mesure de commenter les préoccupations concernant l'origine voir la preuve de la pièce tout déclaré pénalité parjure forclusion dossier relatif à la transaction originale ouï-dire non authentifiés non fondés ni phh savoir si la transaction originale fraude factum produit illégalité sujet récupération affiché page deux cinq communication phh déclaré propriétaire unique compte plutôt compte un plusieurs fiducies d'investissement titrisées série de certificats hypothécaires voir la déclaration de la pièce phh plaidoirie omis numéro de dossier déposé nom omis identité,mauvaise_qualite,faible
Equifax reporting compte illégal crédit compte à tempérament jamais emprunté argent jamais emprunté argent fcra collecteur de dettes prêteur envoyé cesser de s'abstenir lettre pratique trompeuse approvisionnement tombé prêt contrat lettre état doit de l'argent Equifax déclarant créancier rapport de crédit compte fermé dû accepter faux collecteur de dettes supprimer le compte complètement rapport de crédit point de restauration pointage de crédit envoi copie rapport de crédit montrant liste prêt à tempérament acheteur de dette liste Equifax prêt acheteur de dette,mauvaise_qualite,faible
"l'entreprise continue d'essayer d'utiliser un faux numéro, heure de contact, le jour demandé, arrêtez d'appeler plusieurs fois, idée de dette vieille de presque un an, a même donné un arrêt verbal, s'abstenir, continue de harceler",mauvaise_qualite,faible
cher cfpb sénat illinois cour suprême il procureur général juge fédéral tribunal de l'état s'il vous plaît trouver plainte ancien titre de la république floride fonds refus fournir une compensation titre police d'assurance propriété située il en raison titre fatalement défectueux perte totale propriété anciennement fraude transfert frauduleux fraude enrichissement injuste vol propriété argent vol d'identité crime demande d'indemnisation titre politique émis souscrit xxxxvieux titre de la république montant propriété volée propriété entrée contrat prêt mal étiqueté signé billet à ordre hypothèque prétendument financé achat de maison jamais remis en question l'argent est venu puisque raisonnablement cru entrer transaction légitime loi protégée recherché trompé croire achat prêt pensé reçu sans le savoir transaction plus importante déclenchée signature signé document originaire transaction divulguée doctrine judiciaire constitue vraisemblablement une transaction d'accord de prêt présumément prêt argent nécessaire à rembourser à la date indiquée note fait attiré transaction totalement différente prêt m,mauvaise_qualite,elevee
année de la plainte Equifax n'a rien fait mise à jour correcte ridiculement fausse adresse vieux numéro de téléphone obsolète à l'intérieur de la section d'informations personnelles rapport de crédit adresse de publication Equifax tn jamais vécu jamais fait affaires regardé adresse en ligne adresse établissement de santé mentale prêt poursuivre Equifax adresse frauduleuse diffamatoire situation également Equifax refuser de mettre à jour la section d'alerte à la fraude rapport de crédit alerte à la fraude vieux numéro de téléphone obsolète il y a un an Equifax refuser de supprimer le numéro de téléphone obsolète une autre plainte une adresse physique déplacer fréquemment Equifax a publié une longue liste d'adresse physique adresse pertinente exacte aucune adresse à l'intérieur de la section d'informations personnelles rapport de crédit corriger une adresse n'a jamais vécu particulièrement dérangeant outrageusement ridiculement faux faux rapport de crédit jamais correct indiquer une adresse physique car ne jamais utiliser une seule adresse physique,mauvaise_qualite,faible
"déposé au bureau du procureur général de l'Arizona concernant le concessionnaire Toyota également partie recours collectif Toyota depuis le véhicule conduit au cours des deux derniers mois conduit réparé vendu dû rappel timing fixation toyota veut savoir toyota financier captive société financière toyota va différer le paiement du prêt problème diminution de la valeur du véhicule non utilisation du véhicule dû défaut également remarquer la plainte de la partie mentionner la charge annulation de la garantie prolongée accord signifie ca réparer la voiture annuler la garantie sans valeur facturée partie principale informations sur l'entreprise nom de l'adresse toyota az téléphone adresse e-mail adresse du site Web partie supplémentaire partie supplémentaire trouvée aimerait ajouter une entreprise, veuillez appuyer sur le bouton précédent revenir en arrière informations sur l'entreprise page appuyer sur le bouton Ajouter plainte veuillez expliquer toutes les circonstances entourant la plainte acheté neuf acheté principalement une remorque de remorquage achetée à peu près à l'heure notifié il y a quelques mois rappel en raison d'une pompe à carburant défectueuse décrochage conduit par la voiture devient problème dangereux conduite en voiture peu le mois dernier garé à condition véhicule de prêt p",mauvaise_qualite,elevee
personne arnaquée envoyé chèque demandé envoyer de l'argent les gens bien fargo également obtenir une carte cadeau remplie plainte banque dit chèque faux dit ca remboursement argent arnaque ca aider aider à suivre la transaction bien s'est bien passé la banque fargo a dit contacter le service client dit ca aider arnaque,mauvaise_qualite,faible
"bonjour acceptation de crédit continuer à mettre un compte de prêt automatique quelqu'un a volé une identité créée une fausse carte d'identité a acheté le nom du véhicule contacté plusieurs fois continuer à ajouter un compte rapport de crédit rapport de faux rapport de compte autoriser besoin de supprimer le compte arrêter de remettre illégal ajouter de fausses informations rapport de crédit quelqu'un doit créer une fausse carte d'identité posée continuer à mettre un compte rapport de crédit compte d'usurpation d'identité de victime compte frauduleux continuer à placer un rapport demander arrêter de placer un rapport de compte autorisé prêter un prêt automatique violant le droit civil poursuivre ne pas prendre en compte le rapport de crédit ne veut jamais aider les gens informations frauduleuses continuer à insister sur le mien jamais de compte illégal continuer à ajouter de faux comptes rapport de crédit des gens veuillez supprimer le compte contacter la loi poursuivre en justice déjà soumis un affidavit pour vol d'identité n'aidera toujours pas à supprimer le procès pour dépôt de compte frauduleux, veuillez le supprimer dès que possible",mauvaise_qualite,elevee
"nom plusieurs comptes usaa un compte compte conjoint femme fille d'un an fille le compte quelqu'un a obtenu l'accès au compte informations de connexion mot de passe fait dépôt maison faux chèque fait gribouillage signature jour femme compte vérifié remarqué activité frauduleuse pirate informatique a essayé d'acheter deux cartes-cadeaux banque détenue usaa refusé deux charges bien plus petit retrait appelé usaa notifié activité suspecte compte nécessaire gelé usaa achat payé carte-cadeau déposé rapport de fraude dans la semaine a reçu un appel disant fraude a parlé un autre représentant de surveillance avait dit sûr ressemblait à une fraude a rouvert la réclamation hier a reçu un appel disant usaa confirmé quelqu'un a dit charge autorisée sûre fille pirate USAA essayant de dire que quelqu'un accède au compte de sa fille responsable des frais frauduleux, même déclarés, réalisent qu'ils ressemblent à des frais frauduleux, vous font toujours payer de l'argent volé",mauvaise_qualite,faible
acheté un tapis de sol pour tapis roulant en ligne sur un site Web utilisant la carte Visa Well Fargo tapis livré assemblé sans problème courir un kilomètre à peu près courir rouleau cassé le tapis roulant a cessé de fonctionner à plusieurs reprises appelé mettre en attente longue période longue heure min attendre enfin obtenir quelqu'un répondre appel vidéo envoyé deviné pièce défectueuse attente de réparation tapis roulant défectueux plusieurs tentatives ont obtenu une nouvelle pièce installée capable d'utiliser le tapis roulant courte période de temps cassé mettre attente longue période a donné démissionné fait déchiré mais début année acheté tapis roulant charge faite apparue carte de crédit découverte charge une autre charge non autorisée est apparue déclaration appelée bien Fargo a dit supprimerait charge l'enquêteur toucherait fait visiter le site Web appelé achat produit service autorisé toute personne utiliser le but de la carte montant reçu nouvelle carte de crédit bien fargo activer la confiance autorisée plusieurs accès aux frais non autorisés compte d'origine disparu façon vérifier la date achat éliminé accès en ligne reçu lettre type bien f,mauvaise_qualite,critique
quelqu'un a créé un faux compte e-mail continue de recevoir un e-mail indiquant vérifier le compte compte vérifié apparemment service d'assistance e-mail ouvert trouver le type de carte bancaire à supprimer dès que possible quelqu'un commettant une fraude par e-mail ne serait pas surpris en utilisant son nom,mauvaise_qualite,faible
produit acheté retourné défectueux il y a un mois toujours défectueux article confirmé reçu,mauvaise_qualite,faible
six occasions distinctes écrire en ligne cfpb essayé d'obtenir une remarque désobligeante le mien supprimé rapport de crédit supprimé temporairement autorisé publié nom différent temps plus dur plus dur contacter agence de recouvrement enfreindre la loi rapport original créancier dette question vérifiée écriture adresse physique compte le mien malgré de nombreuses plaintes collecteur de dettes continuellement placé rapport de compte agence d'évaluation du crédit supprimé nom modifié entreprise détenant une dette réémis nouveau nom de détention différent en plus illégal rendu application d'hypothèque immobilière impossible ca garantie nouveau recouvrement de créances mien vérifié créancier d'origine qui montre au hasard le rapport de crédit malgré la suppression occasion séparée avant la dernière fois transunion autorisée agence de recouvrement de dettes compte de recouvrement après vérification appartenance également autorisée faux nom collection créancier original détenteur de la dette ni exact,mauvaise_qualite,faible
service de prêt spécialisé commis vol d'identité fraude volé identité signalée agence d'évaluation du crédit paiement effectué fausse dette hypothécaire vendu fausse dette compte frauduleux sans vérification erreur préalable fraude flagrante stratagème de racket couverture faux dossier crée aka livre de cuisine avocat véreux saisir illégalement entreprise à domicile comptabilité frauduleuse sl fabriquer de faux dossiers cas ca floride couverture fraude construite voler la valeur nette de la maison extorquer l'argent dû créer de faux rapports faire un faux paiement commettre un faux paiement vol d'identité comme un dossier garder la fraude en vie obtenir de l'argent accord de perte de parts du gouvernement faire de fausses réclamations dommages voler la maison affaires déguisées violation habituelle état fausse déclaration loi loi code du pénis de l'état loi demande réponse écrite,mauvaise_qualite,elevee
solde de la carte de crédit signalé rapports de crédit déposé litige non utilisé utilisation de rapport de crédit article supprimé rapporté rapport de crédit contesté supprimé temps signalé négatif Equifax continuer rapport négatif article appartenant contacté réponse du créancier déclaré litige ledit article loi de l'état temps de litige Equifax verrouillé informations de compte vue droite informations de litige correcte vie de famille rue due fausse information rapport tourné travail manque maison en raison grande loi requise inposté faire un travail Equifax culasse informations fournies informations perdues,mauvaise_qualite,faible
site Web envoyé pour la première fois site Web entendu après le flux tourner arnaque argent perdu moyen de revenir site Web dire hébergé probablement faux portefeuille numérique adresse de pièce envoyée également site Web,mauvaise_qualite,faible
faillite déclarée année record nombreuses demandes de crédit non autorisées mauvaise adresse signalée adresse précédente une année d'adresse cimarron ca mauvais solde élevé rapport de compte ouvert utilisation du crédit,probleme_transport,moyenne
"bonjour envoyé litige bureau de crédit concernant des informations de déclaration incorrectes multitude de comptes incorrects n'appartenant même pas au jour toujours lettre de réponse faxée également téléchargé courrier mais toujours rien pleinement conscient milieu journée de pandémie mondiale réponse inacceptable point ignoré bureau de crédit profitant d'une situation déjà difficile processus de main d'œuvre demande de rapport assez injuste consommateur je suis traîné envoyé après il bonjour étonnement consternation remarqué entreprise reporting informations n'est pas vrai également préoccupation en raison du nom commun profil fusionné quelqu'un d'autre profil système fait adresse rapport de crédit jamais même vécu donc savoir quelque chose qui ne va pas doit faire une erreur ne pas prétendre savoir tout calme bizarre multitude compte rapport de faillite honnêtement, cela se produit même vérifier l'enregistrement voir l'adresse ne correspond même pas au dossier de révision de la demande de compte présumé disant que le mien à emporter divergence chose question il il date de référence de la faillite statut déposé montant déchargé supprimer dossier public fichier de crédit fichier extrait en utilisant acce",probleme_transport,critique
plusieurs fautes d'orthographe nom mauvaise adresse rapport de crédit le long des antécédents professionnels incorrects,probleme_transport,moyenne
"Reliacard non activée Je ne peux pas utiliser les allocations de chômage, j'ai fait tout ce qui a été demandé, j'ai envoyé une demande de preuve par fax séparée, le compte reste inactif, le changement d'adresse a été causé par la carte envoyée, une mauvaise adresse a été renvoyée la première fois, ce qui a causé un retard important dans la réception de la carte demandée, une adresse différente, je ne peux pas utiliser la carte, j'ai parlé à de nombreuses personnes en dernier, j'ai continué à faire mal à mon enfant.",probleme_transport,moyenne
facturé xxxxxxxxon capital une carte de crédit entreprise de vêtements de luxe xxxxxxxx seconde reçu un e-mail appelé département de fraude à la carte immédiatement pourrait dix minutes de charge effectuée montant crédité enquête lancée charge postée considérer charge valide coursier entretenu utilisé détaillant réclamé livré appartement personne signé portier n'importe qui maison tenir capital un dire rien exemple montant important argent combat lancer enquête peut même mener résultat perte d'heure la vie se sentir comme jeté froid capital un gauche se débrouiller,probleme_transport,critique
mauvais nom répertorié rapport de crédit mauvaise adresse répertoriée fl mauvais compte fermé répertorié jamais compte,probleme_transport,moyenne
hypothèque d'origine garantie assurance des biens choix du transporteur cité facturé compte séquestre facture de prime hypothécaire avis toujours impayé en attente d'annulation effectif recours payant poche recevoir de l'argent une autre compagnie d'assurance a écrit une politique propriété consciente envoyé payé au hasard société au lieu d'ignorer aller au hasard société tôt reçu avis géré obtenir remboursement aléatoire compagnie d'assurance envoyé rapidement envoyé envoyé appliquer compte séquestre pourrait payer vraie compagnie d'assurance savoir quelque chose qui ne va pas la compagnie d'assurance n'a jamais envoyé de paperasse essayé plusieurs fois appeler l'envoyé s'excuser date passée plusieurs heures retenir le système de numéro pendre à chaque fois une fois entendre sonnait comme la voix de fond personne n'a choisi a écrit portail en ligne date fournie numéro de téléphone adresse e-mail contact reçu réponse unique e-mail de confirmation indiquant la demande reçue documentation e-mail de confirmation de l'envoyé ne répond pas,probleme_transport,moyenne
"deux prêts de refinancement pour étudiants ont récemment déménagé, adresse modifiée, de nombreux comptes personnels ont donné une nouvelle adresse correcte, toujours signalée incorrectement, un bureau de crédit majeur, bien plus petit, un problème demandé sérieusement, essayé de supprimer ledit sérieux, il faut d'abord corriger la fin du contact, sérieusement dit l'adresse correcte, problème de fichier, informations inexactes, fichier de crédit, informations personnelles envoyées par courrier, mauvaise adresse, veuillez aider à corriger l'adresse ga, adresse incorrecte signalée sérieusement, numéro d'appartement manquant, merci",probleme_transport,moyenne
http violation section doit rendre le contrevenant responsable de la personne affectée violation dommage que la personne peut subir raison la violation doit exiger le contrevenant confisquer la personne somme dollar signé document de clôture refi hypothèque reçu privilège payé note satisfaite trouvé dossier de transfert daté déposé comté coin supérieur gauche document dit enregistrement retour mauvaise adresse adresse document légal courrier indésirable adresse pensez mauvaise adresse reçu quelque chose que quelqu'un a gâché document approprié déposé bureau de l'enregistreur du comté envoyé nfcu wo aide appelé e-mail envoyé par message site Web enregistrement aujourd'hui superviseur envoyé par e-mail atteint département de service payé lettre complète viendrait département appelé travail envoyé prêt de véhicule le département est tenu en attente pour toujours appeler le travail contacter le cfpb Faith nfcu résoudre le problème à moins de s'impliquer,probleme_transport,moyenne
experian litige département litige réclamation numéro de rapport du créancier date montant généré chers gens plainte fédérale juste pratique de recouvrement de créances alléguer abusif pratique trompeuse service effectué facture échouée jour jamais envoyé facture service recevoir explication habituelle avantage compagnie d'assurance concernant drs première facture reçue agence de recouvrement dire intérêt quotidien facturé cas différend appelé agent d'assurance dit réclamation appelée ligne d'attente reconnu agent a fait réclamation mauvaise adresse promise soumettre à nouveau la facture de réclamation également accepté dire à l'agence de recouvrement poursuivre l'action prendre le mot dit ignorer la facture agence de recouvrement attendre la facture mais prendre l'action promise appelée demande écrite de la réclamation essayée contact demandé sans succès plainte lettre appelée concernant la réponse lettre de plainte cinq frais distincts déroutants car jamais vu numéro attendu facture détaillée message téléphonique automatisé solde indiqué service de facturation à cinq dollars solde indiqué solde offert solde de salaire,probleme_transport,moyenne
retour utilisé compagnie de téléphone changement de compte facturé en permanence option d'origine parlant facture de travailleur local continuellement surfacturé fonctionnerait problème dire se produit souvent être réparé bien mois facture facturée est allé magasin parler associé parti point Fed compte dit temps déplacer un autre opérateur parlant représentant du compte expliquant la situation gentil dit problème fermer le compte a aidé à émettre la facture en trop payée mois avant la clôture du compte solde impayé fait le mois aller chercher une lettre disant que la facture est venue a pris le magasin obtenir des éclaircissements le représentant n'a pas pu aider le compte fermé appelé essayé gérer la situation expliquant la circonstance a obtenu la réponse dette vendue deux fois essayer plusieurs fois résoudre la dernière bonne personne intention payer la facture iv établi super plan de relation bancaire avenir brillant dette c'est compris les gens essayant de collecter l'espoir pris en charge merci,probleme_transport,moyenne
besoin plainte rouverte ok encore appelé bridgecrest heure date timbre téléphone accroché total min fourni informations demandées précédemment déposées cfpb plainte appel obtenu pauvre fille répondre appel écouté appel placé tenir parler service de recouvrement des dettes supposé transfert récupéré téléphone dire nécessaire adresse mise à jour lettre envoyée par la poste envoyé mauvaise adresse drôle déplacé transfert de courrier également reçu lettre aujourd'hui daté inconnu scan télécharger faire savoir appeler souhaité appel cfpb note parler suppression compte question bonne volonté geste tentative recherche annuaire des employés individu dit n'existe pas bridgecrest demandé pourrait transférer le service de recouvrement des débits gardé placé en attente pourrait tenter obtenir une réponse dite prendre un appel téléphonique public impossible plus facile e-mail chaque lettre envoyée par la poste proff obtenir un message menti trompé harcelé bridgecrest lettre de mise en demeure montrant la suppression du compte dans la journée e-mail envoyé par la poste dépôt de plainte plusieurs violations frca mais adresse reçue également adresse e-mail depuis e-mail bien nv,probleme_transport,moyenne
externalisé jamais entendu parler de travail convenu idée qu'ils présenteraient reçu une alerte crédit entreprise automobile recouvrement de factures vendu société de recouvrement de créances appelée synerprise également jamais contacté problème jamais envoyé facture contactée acquis mauvaise adresse envoyé une lettre envoyée collecte processus standard envoyer une lettre événement contacté accepter le salaire retirerait le recouvrement des réclamations marque désobligeante supprimerait le crédit après deux semaines ajusté,probleme_transport,moyenne
Equifax garder trompeusement le litige ouvert problème résolu deux agences de recouvrement ont signalé une mauvaise adresse rétracté désinformation retourné fichier en raison de la fraude mot le mien convenu échange supprimer enquête difficile cependant Equifax continue la demande objectif de l'article complicité négligence informations compromettantes solvabilité adresse de l'employé voyou depuis le numéro de téléphone depuis le téléphone portable depuis l'e-mail depuis le fait Equifax a autorisé l'employé voyou changer le fichier d'information en ajoutant une mauvaise adresse même en changeant le numéro de téléphone faute,probleme_transport,moyenne
est allé en cours d'exécution promotion changer le fournisseur de téléphone portable paierait le solde restant du fournisseur de téléphone portable actuel ligne envoyée carte-cadeau convenue service de changement de courrier jamais payé montant impayé collection déclaré devoir transféré jefferson capital system llc rupture facra fausse déclaration devoir nouvelle dette contractée changement de transporteur a eu lieu il y a un an besoin de payer besoin de supprimer le crédit changé de promotion payé dû aller centre commercial jour intention changer convaincu menti ruiner le crédit,probleme_transport,moyenne
reçu une alerte dérogatoire majeure potentiellement négative via une facture dérogatoire majeure potentiellement négative er visite approuvée payée par l'administration des anciens combattants contacter l'administration des anciens combattants va contacté le long du téléphone dit compte payé complet représentant va fourni détail numéro de chèque date envoyée via le paiement du montant eft cependant conjonction appel téléphonique demandé fournir lettre discutée appel téléphonique envoyé résumé de la déclaration paiement va indiquant le service payé litige de crédit entièrement soumis via le numéro de rapport experian experian dit résultat rester négatif fourni résumé experian va litige de paiement surpris laisser debout donc demander de l'aide car ailleurs d'autant plus que le fournisseur d'état va peut facturer le service de transporteur d'assurance maladie autoriser payé,probleme_transport,moyenne
prêt refinancé becu une autre coopérative de crédit locale véhicule acheté d'occasion acheté couverture d'assurance complète véhicule compagnie d'assurance nationale reçu dernier avis banque fournir une preuve d'assurance véhicule becu sous-traite entreprise de travail appelée vérifier la preuve d'assurance facturerait la prime d'assurance recevoir une preuve d'assurance fournie preuve d'assurance xxxxxxxxx site Web bien que l'avis final manque des informations sur la pièce critique fournir le numéro de référence de la carte d'assurance avis capable de soumettre la carte d'assurance site Web reçu de confirmation par e-mail couverture de la carte d'assurance en plus soumettre des informations également appelé becu centre d'assurance assurer recevoir une preuve d'assurance agent du service client capable de confirmer la couverture d'assurance de l'agent cependant également déplacé l'état becu agent du service client veut attendre téléphone agent d'assurance floride confirmer la preuve assurance reçue notification prêt facturé couverture d'assurance appelée centre d'assurance becu dit capable aider vérification externalisée assurance appelée ligne de service client agent du service client,probleme_transport,critique
année axos banque carte de débit fermée au hasard parfois au moins une demi-douzaine de fois explication carte de débit déjà donnée compte différent mais encore souvent annuler la note de carte dire autorisé mais jamais autorisé action refuser de donner des informations autorisé également envoyé carte de remplacement mauvaise adresse je vous dis l'adresse utilisée une envoyée adresse correcte montrer parfois,probleme_transport,moyenne
service fourni après confirmation assurance privée couvrirait recevoir un appel téléphonique problème du fournisseur encaisser le paiement recevoir la communication concernant reçu une facture agence de recouvrement compte envoyé encaissement sans préavis demande litige appelé fournisseur aujourd'hui dit l'heure d'appel appel patient dit généralement par courrier la facture envoie le recouvrement du compte suffisamment dit problèmes pour collecter l'assurance quelque chose pourrait aider à collecter le paiement avant l'envoi du recouvrement contacté la compagnie d'assurance aujourd'hui dit à tort cru au destinataire âgé d'un an payer la totalité de la facture raison faire savoir que la réclamation serait soumise à nouveau payée étant donné la confirmation du paiement confirmation du paiement montant impayé,probleme_transport,moyenne
déposé le temps de chômage saisir une mauvaise adresse en fait une mauvaise ville zip jamais encore un jour obtenu carte bancaire carte de relia commission de main d'œuvre appliquée mettre l'adresse appelée quelqu'un rappelé a déclaré que quelqu'un contacterait encore aujourd'hui un appelé envoyé lettre carte numéro de reçu de service toujours entendu rien numéro de reçu toujours entendu rien vérification depuis changement de statut dépôt direct obtenir dépôt banque encore argent total obtenir accès vraiment besoin se faire attraper facture propriétaire foncier tenant dû laisser entendre fonds encore carte s'il vous plaît aider id dernier téléphone,probleme_transport,moyenne
acheté plusieurs articles société nordstrom visa carte de crédit retourné article de grande valeur courrier jamais problème une boîte contenait une marchandise d'une autre montre contenue totalisant les informations de suivi montrer la date première boîte reçue agent il y a un mois deuxième boîte de messagerie puisque nordstrom a toujours remboursé l'argent carte de crédit jour mouvement transporteur sans préavis dit attendre recevoir l'article inacceptable attendre à perpétuité transporteur main retour problème prendre le transporteur prenant le crédit du client va souffrir je paie le contrôle de l'article je suis également facturé des intérêts comme des intérêts déraisonnables payer des intérêts article je suis revenu il y a une semaine je suis sûr qu'ils sont client j'ai essayé d'appeler plusieurs fois résoudre même le superviseur principal enquêter sur le service financier a déclaré qu'il rembourserait l'argent même arrêterait les intérêts accumulés sur le montant du litige le consommateur sait que nordstrom honore plus longtemps la politique de retour sans tracas imposant un fardeau au consommateur incompétent arrêt du service de messagerie,probleme_transport,elevee
soumis plusieurs années de litige Equifax obtenir des informations incorrectes rapport de crédit aider une faute d'orthographe nom mauvaise adresse numéro de téléphone même compte reconnaître besoin d'aide pour résoudre,probleme_transport,moyenne
violemment malade est allé médecin a pensé que quelque chose de mal envoyé obtenir un test un test demandé assurance obtenir pré-approuvé n'a rien dit payer prévu deux rendez-vous a dit collecterait de l'argent la compagnie d'assurance le temps informerait la franchise n'importe quoi payer a quitté le bureau sans payer quoi que ce soit test vérification réclamation un autre fournisseur médical la compagnie d'assurance a dit payé après la compagnie d'assurance a commencé à recevoir un appel téléphonique agence nationale de recouvrement concernant le paiement facture dit l'agence de recouvrement solde facture pourrait appeler dit vouloir obtenir la dette validée vouloir le contact original de l'entreprise a dit pouvoir parler appelé obtenir la dette validée dit la facture plus partie de la récupération nationale parler également confirmé mauvaise adresse temps dette validée temps dit pourrait contester la facture juste juste rapport de solvabilité violé juste pratiques de recouvrement de créances agir supposer informer la facture faire savoir a été payé déclaration collecteur de dettes fait jamais dit à l'entreprise la compagnie d'assurance a payé trois gros chèques savoir partie payer serait temps payé pensait que tout était pris en charge argent reçu assurance ca,probleme_transport,critique
compte courant commun de Citibank ligne de compte de crédit le mari a ouvert un compte commun remarqué rapport de crédit compte rapporté négativement montant de charge aucun des maris n'a reçu d'avis facture document correspondance Citibank concernant appelé Citibank finalement connecté représentant du service de récupération informé Citibank mauvaise adresse fichier correspondance de courrier mauvaise adresse Washington DC le mari a vécu l'année depuis que le mari a reçu une correspondance concernant le problème même au courant du problème a vu le rapport de crédit depuis le problème conscient rien n'a pu faire le représentant de Citibank a dit au fax préoccupation différent département de rapport de crédit différend de facturation différend demandé le représentant pourrait payer le montant bon représentant a déclaré l'option puisque l'état des frais de compte demandé pourrait résoudre le problème le représentant de Citibank a dit le problème de fax demande département lettre faxée département demandant résolution demandé supprimer informations de crédit négatives changement compte en règle réponse reçue fax conséquence embauché problème correct envoyé plusieurs lettres,probleme_transport,moyenne
femme a fait un achat en ligne produit de complément alimentaire société appelée facturé reçu rien reçu vous deux colis travaillé transporteur postal refuser la livraison retour expéditeur depuis vouloir entreprise faire facile profiter de la garantie tentative d'annulation achat programme entier tenter de contacter le service client soit l'appel a répondu minute attente déconnexion directe agent trouvé contesté travail amex inverse charge multiple société sans succès a fonctionné amex fermer compte femme carte rééditée nouveau numéro mettre stop charge récurrente changement nom de l'entreprise numéro de commerçant soumettre à nouveau la charge indiquant le fichier de la carte amex éviter le fait ancien numéro de carte travail nouveau numéro société bien documenté escroquerie fraude voir udl s'il vous plaît aider société amex merci,probleme_transport,moyenne
"utilisé zelle fonctionnalité offre institution financière application mobile envoyer achat chiot site Web appelé argent envoyé numéro de téléphone associé achat chiot dit payer vol voler chiot lors du paiement recevoir confirmation paiement reçu chiot serait donné chèque vétérinaire le transporteur s'occuperait de la livraison du vol tout le point semblait légitime reçu message téléphonique individu dit agence de transport d'animaux s'occuperait de la livraison du vol chiot demandé envoyer l'assurance l'argent serait remboursé chiot livré n'a pas de sens la personne parlant pourrait fournir l'adresse e-mail site Web de l'entreprise dit n'a pas d'argent préparé payer aurait besoin de chiffre quelque chose également envoyé information de confirmation jamais conseillé paierait des frais commande obtenir le montant du chiot payer même serait remboursé atteint demander un remboursement étant donné que je serais en mesure de payer un vol déjà payé, je donnerais le remboursement demandé une preuve de paiement du vol, un vol conseillé, je voudrais un remboursement, le chiot a cessé de répondre par message texte, un appel a été soumis, une demande de remboursement, une réponse a été appelée, des informations financières",probleme_transport,moyenne
carte de crédit appliquée récemment refusé crédit informé trouvé dossier négatif rapport de crédit Equifax pris année d'assurance depuis a continué à augmenter le taux déplacé différent fournisseur renouveler déclaré collection prime de renouvellement tour rapporté agence d'évaluation du crédit entreprise même pris service travail payé conflit ouvert Equifax dire n'importe quoi rapport quelle que soit la société de recouvrement envoie objectif contestant aveuglément rapport tout ce qui a été appelé représentant extrêmement inutile demandé parler superviseur a dit un disponible irresponsabilité envers le client crédit à la consommation santé déterminé réfutable données non vérifiées client de l'entreprise maintenu disant paiement responsable donnant clairement la raison enquête plutôt vérifier la société de recouvrement a rapporté la transaction première place cours dit txn valide supposé changer de compagnie d'assurance pour éviter que les antécédents de crédit ne soient entachés d'une sorte de logique,probleme_transport,moyenne
contacter Equifax depuis le compte d'accès effectué réinitialisation d'usine unité de pensée problème ordinateur atteint opérateur Internet problème Equifax dernier représentant du rayon réinitialisation du mot de passe assisté toujours capable de se connecter demandé mot de passe connexion côté informations données représentant a dit créerait un blocage de ticket entendrait quelqu'un dans un jour ouvrable compte de connexion entendu retour formulaire de l'entreprise communication toujours capable informations de connexion déclaration incorrecte rapport de crédit télécharger les documents justificatifs compte d'accès Equifax exigeant une mise à niveau mensuelle payante abonnement commande vue faire modifier les informations du compte résultat compromis accès à la violation de données myequifax voir le compte gratuit,probleme_transport,moyenne
faillite déclarée année record nombreuses demandes de crédit non autorisées mauvaise adresse signalée adresse précédente une année d'adresse ca mauvais solde élevé rapport de compte ouvert utilisation du crédit,probleme_transport,moyenne
td visa compte compte ouvert fermé email appelé envoyé lettre envoyer td visa relevé post désigné payé fl strictement réglé banque td nombreux problèmes banque compte fermé le réception déclaration après l'heure d'accès relevé ligne racontée année depuis compte fermé ligne accès bloqué td banque email bloqué td banque enfin journal ligne payer accès cependant toujours cas instruit occ enregistrement appel document action td trouver choc n'importe qui employé td banque également tiers impliqué instruit s'abstenir d'accéder compte td envoyé par courrier électronique président bureau ignore la correspondance appelée tiers appelé ignore besoin de base td visa ligne personnelle crédit cesser de s'abstenir lettre envoyée contact du bureau certifié accéder directement indirectement au compte td manière d'information forme formulaire non professionnel menti programme de difficultés essayer sabotage appel enregistré trouver montrer exactement s'abstenir de contacter l'accès au poste compte td par xxxxhird passer à l'étape suivante nécessaire essayé le paiement par courrier retourné une mauvaise adresse déclaration td voir la pièce jointe site Web de la banque td essayé de mailing,probleme_transport,moyenne
prêt immobilier fermé payé intégralement aujourd'hui mais recevoir un remboursement séquestre contacté dovenmuehle sept occasions différentes dit recevoir un chèque les trois dernières conversations les trois dernières semaines chèque émis réception du courrier plusieurs fois rappelé demander chèque trouver la personne précédente a parlé téléphone jamais réellement émis comme dit montant jour détenu fonds clair violation respa besoin tenu responsable laisser tomber la famille de balle à plusieurs reprises ca même appeler le bureau parler service client aller forcé chercher conseil juridique également atteint site Web système de messagerie message envoyé bonjour clôture vendre maison aujourd'hui demander remboursement séquestre solde dit prendre jour recevoir remboursement en attente recevoir chèque merci message reçu cher réponse demande concernant le compte séquestre des fonds restants s'excuser retard enregistrement de réponse indiquer le prêt payé remboursement complet du séquestre émis envoyé fichier d'adresse postale veuillez permettre le jour ouvrable arriver libération appropriée document de privilège prêt préparé dans les délais envoyé bureau de l'enregistreur du comté veuillez contacter l'autorité fiscale assurance c,probleme_transport,moyenne
essayer d'obtenir une adresse incorrecte appartenir rapport de crédit supprimé lettre envoyée tous les mois Equifax reçu courrier en retour mouvement veuillez supprimer la mauvaise adresse preuve adresse résidentielle ci-jointe nc sc nc sc equifax nc nc,probleme_transport,moyenne
cher bureau de protection financière des consommateurs cfpb deuxième contact avec experian écrit concernant des informations incorrectement inexactes incomplètes non autorisées dossier de crédit première lettre envoyée par la poste deuxième lettre postée une adresse du domicile en double deux mauvaises adresses lieu emploi signalé incorrectement une demande de crédit non autorisée six comptes de crédit à tempérament incomplets inexacts un créancier non reconnu informations de contact deux comptes répertoriés informations désobligeantes trouver un processus problématique nouvelle erreur de transaction de prêt causant un problème de rapport de solvabilité correctement liste cfpb nom de préoccupation cfpb copie soumise copie permis de conduire géorgie adresse actuelle cfpb a soumis une copie du chèque de paie de redevance refléter l'adresse du domicile adresse précédente aucun veuillez supprimer l'adresse suivante e rapport appartient à une erreur signalée cfpb a soumis une demande écrite mauvaise adresse signalée ga adresse dupliquée ga ga employeur actuel depuis cfpb a soumis une copie du chèque de paie de redevance refléter le lieu d'emploi actuel refléter l'adresse du domicile ple,probleme_transport,moyenne
contesté plaint bureau de crédit assez longtemps l'année dernière enquêté bureau de crédit a mené une guerre apparemment signalé numéro de sécurité sociale consommateur face à agence d'évaluation du crédit experian présenté numéro de score beaucoup plus élevé crédit bancaire pull produit point signalé balancé beaucoup point banque inférieure pull récemment refusé approbation plusieurs produit de prêt également demandé dépôt présent téléphone portable transporteur cellulaire associé bon historique de paiement demandé à plusieurs reprises bureau de crédit envoyer enquêté rapport de compte négatif jamais fourni information fait compte payé rapport passé délinquant en souffrance depuis longtemps passé supprimer les informations négatives bureau de crédit donné année bonne chose refuser à la place salaire guerre numéro de sécurité sociale garder crédit prison déterminé quoi que ce soit prendre restaurer bonne réputation bon crédit mérité bureau échec tenir fin accord ternir bonne réputation s'il vous plaît mettre à jour supprimer les informations incorrectes informations source largement inexactes incorrectes,probleme_transport,moyenne
ftc violation mine meilleures connaissances date de suppression date d'enquête type d'entreprise vente société de financement informations de contact fl bymailonly date d'enquête date de suppression type d'entreprise entrepreneur de rénovation domiciliaire informations de contact ga date d'enquête date de suppression type d'entreprise société de financement automatique informations de contact oh date d'enquête date de suppression type d'entreprise banque informations de contact non spécifiques date d'enquête tx date de suppression type d'entreprise société de financement automatique informations de contact tx date d'enquête date de suppression type d'entreprise société de financement informations de contact non spécifiques tx enquête compte original créancier société vendu type de compte collection date ouvert compte statut compte d'origine créancier société vendu compte type collection date ouvert compte statut statut de paiement sérieusement date d'échéance en souffrance mandataire attribué agence de recouvrement concédant de crédit apos statut du service de recouvrement interne solde mis à jour solde original mis à jour paiement mensuel montant en souffrance solde le plus élevé terme mois resp,probleme_transport,moyenne
Le service du titulaire de la carte Chase apparaît en retenant le remboursement du montant du vol acheté à l'aide de la carte de crédit.,probleme_transport,moyenne
tentative de correction d'une mauvaise adresse liste experian mais liste toujours adresse frauduleuse il adresse en direct adresse jamais vécue lettre envoyée certifiée demandant experian supprimer la lettre également compte rapport de crédit experian appartenir bien reçu document original experian par fcra prouvant que le compte appartient donc le compte doit être supprimé,probleme_transport,moyenne
carte de crédit ouverte nom mauvaise adresse saisie contacté RH trouver Midland Funding LLC collecter de l'argent compte frauduleux,probleme_transport,moyenne
vendu vieille dette facture de téléphone portable nombreux société de recouvrement de créances actuel utilisé depuis le temps société de transport de téléphone portable déclarant faussement vente société de recouvrement de créances affectant continuellement le crédit pointage de crédit vie chance réduite amélioration de la solvabilité statut limitation dette due,probleme_transport,moyenne
le tx signale toujours une mauvaise adresse,probleme_transport,moyenne
lettre envoyée par la poste trois bureau de crédit différend informations frauduleuses inexactes rapport de crédit rapport obtenu réponse problème résolu le jour suivant échec se conformer lettre trois bureau de crédit a toujours répondu informations inexactes supprimées également contesté mauvaise adresse dossier de crédit appartenir transunion violation du droit de répondre lettre jour souffrance lot dû compte frauduleux inexact s'il vous plaît supprimer négatif compte inexact mauvaise adresse,probleme_transport,moyenne
demande d'assistance pour la suppression des rapports de crédit de collecte erronés subis il y a un an correct autorisé va consulter médicalement vétéran couvert va va payé réclamation deux médecin va dit paiement accepté donc considéré comme paiement complet erreur de salaire aujourd'hui découvert fourni salle d'opération envoyé réclamation mauvaise adresse fournisseur entrant à la place va adresse de réclamation va appelé conseillé soumettre à nouveau la réclamation première demande dudit compte de travail arrêter la collecte agence aargon cependant l'agence aargon a refusé l'arrêt de la collecte le pointage de crédit du compte a chuté de près d'un point aujourd'hui va appelé aargon agence collection collection résultat du compte toujours rapport de crédit déposé septième litige aujourd'hui en plus toujours en train d'essayer de collecter malgré l'acceptation du paiement va aargon collection solde de l'agence facturation facturation individuellement différence calendrier de paiement illégal remercier attention question,probleme_transport,critique
"documents soumis soumis une deuxième fois mauvaise adresse, nom, compte, etc., merci",probleme_transport,moyenne
référence u compte bancaire se terminant par e-mail l'année dernière déménagé en californie dc relevé de réception rempli formulaire usps officiel déménagement courrier capable de livrer personne adresse résidentielle déménagé l'année dernière appartement familial transporteur postal livrant le courrier traverser la ville centre postal récupérer le courrier quoi que ce soit qui ne va pas faute réception relevé plus déménager à la dernière minute sur la côte est assez perturbateur quel que soit le temps payé réception du relevé historique de paiement excellent sinon sauf paiement,probleme_transport,moyenne
ouvert compte chèque en fiducie chèque requis compte chèque en blanc émis par la banque de toute façon ordonné par la banque chèque en blanc adresse incorrecte chèque en blanc intercepté quelqu'un a écrit un chèque frauduleux drainant le compte date totale déclaration alerte appel avis envoyé conseiller fraude compte problème compte en ligne prêt à utiliser fonds appelé service client assistance compte de connexion pourrait enregistrer le compte vu compte vu argent négatif compte facturé frais de retour de solde faible frais de chèque immédiatement réclamation téléphonique service de réclamation déposé rapport de police appelé banque reçu fraude paquet informé réclamation refusée soumise litige disant envoyer chèque commandé mauvaise adresse immédiatement reçu deuxième refus vouloir honorer commande de fraude chèque commencer,probleme_transport,critique
mauvaise adresse de compte,probleme_transport,moyenne
affichage d'une mauvaise adresse nom d'une adresse de compte ajoutée tx tx tx tx tx tx,probleme_transport,moyenne
nom date de naissance adresse ssn tn information appartient à quelqu'un d'autre erreur de vol d'identité erreur de vol d'identité rapport de vol d'identité déposé numéro de compte de référence associé rapport de crédit réapparu compte Equifax déjà supprimé rapport de crédit réapparu négativement partage de documentation utilisé créancier tribunal cherchant une action en justice début affaire civile sérieusement alimenté retour en arrière déclarant compte responsable ca aider les informations personnelles obtenues e-mail volé numéro de téléphone adresse etc. informations associées numéro de compte correspondent informations personnelles exactes mauvaise adresse numéro de téléphone sauf ancien accès à l'e-mail piraté il y a un an raison associée au bureau de protection financière des consommateurs créé un compte en ligne depuis que l'e-mail créé a été piraté e-mail volé plus cependant,probleme_transport,moyenne
"cher crédit cfpb en cours de crédit matin toujours choqué, étonné, gars qui a échoué à résoudre le problème, supprimer les informations personnelles erronées, crédit comme un nom de variation erroné, adresse inconnue, mauvais nom, adresse inconnue, compte inconnu, etc. envoyé la demande la moins différente, document de support, montrer continuer le rapport, les informations erronées ont échoué, résoudre le problème, bien sûr, négliger simplement la demande d'obtention d'informations, continue de rapporter le mauvais nom, veuillez corriger le nom, afficher la pièce jointe, supprimer l'adresse inconnue, supprimer le mauvais nom, le nom de la variante, supprimer la liste des comptes inconnus, veuillez corriger",probleme_transport,moyenne
prêt acheté xxxxxxxx prêt pentagone fédéral loi sur les coopératives de crédit État de New York police d'assurance véhicule ajoutée police de limite de véhicule excès exigence du prêteur couverture minimale remarqué charge ajoutée principe de prêt appelé ajouter assurance écart cpi précédemment acheté penfed contacté semblait comprendre peut erreur partie demandée télécharger carte d'assurance carte montrée politique lieu voiture conduite beaucoup deux mois passé ajustement déclaré besoin fixe confortable continuer à payer quelque chose les intérêts existent cependant faire un double paiement garder le compte à jour assurance déclarée encore un autre transporteur penfed assurance fournie inexistant envoyé politique carte d'identité avis fait sans connaissance consentement semaine centième fois appelé pendu rappelé donné courir partout département frais supplémentaires assurance agissant prédateur way point assurance jamais nécessaire requis acheter une assurance prêteur frappé cerf xxxxxxxx soumis réclamation compagnie d'assurance rapidement estimation effectuée paiement,probleme_transport,moyenne
"abonnement Macys carte de crédit frappé dur score de crédit impeccable en raison d'une erreur d'insouciance facture d'achat de l'équipe Macys macys chargé carte de crédit approbation ponctuelle magasin d'abonnement tout d'abord macys a échoué à livrer le relevé de carte de crédit reçu effectué le paiement final complet ne recevait pas l'identifiant de relevé de carte de crédit excellent dossier de remboursement effacé le jour d'échéance réception d'informations sur le score de crédit inférieur consulter le prêt bancaire malgré le service client de Macys informant la carte annulée relevé de carte débitée malgré la demande de réponse de déclaration personnellement visité magasin se renseigner informé solde nul émis imprimerie montant initial du paiement dû mentionné détail déraisonnable trouvé département de service client de Macys carte de crédit relevé envoyé à une mauvaise adresse e-mail relevé d'alerte par message texte envoyé soit une erreur, un terrain créé par le bureau, un score de crédit inférieur malgré un dossier de paiement impeccable, veuillez consulter la pièce justificative ci-jointe",probleme_transport,moyenne
trouvé deux nom de compte un compte prépayé déjà marié compte ouvert inxxxx nom ouvert compte prépayé annulé femme ajouté service téléphonique utilisateur autorisé ajouté nouvelle ligne numéro de service toujours actuellement documenté appel confirmer informations envoyées message texte date numéro de service ajouté option e-mail demande d'ouverture de compte je suis sûr erreur de compte une autre personne nom créé frauduleusement de manière importante femme autorisée regardant copie rapport de crédit erreur de facturation hôpital compagnie d'assurance prenant soin remarqué collection externalisation convergente connaissant l'opérateur téléphonique avant d'être ajouté au service effectué paiement formulaire de réflexion passé mise à jour rapport de crédit remarqué compte de collection négatif toujours rapporté date ouverte femme appelée externalisation convergente trouver des informations représentant non professionnel grave barrière de la langue prêt à aider décidé atteindre voir capable d'obtenir des informations temps trouvé compte compte prépayé pensé compte fermé ouvert sans consentement autorisation femme fait seve,probleme_transport,moyenne
carte envoyée à une mauvaise adresse,probleme_transport,moyenne
rapport d'adresse erronée jamais associé croire résultat vol d'identité adresse new york incorrecte,probleme_transport,moyenne
plainte problème Equifax continuer visage Equifax entretien élevé effort continu partie assurer des rapports précis reflète les rapports Equifax Equifax un trois agence d'évaluation du crédit personnes utilisation forcée réponse précise informations opportunes partagée institution financière a couru rapport de crédit toujours au moins le mois depuis s'abonner Equifax remarqué apparaître section dossier public rapport de crédit Equifax savoir entreprise fournit appelé voir dame téléphone dire au bureau de crédit la compagnie d'assurance fournit un transporteur d'informations serait transporteur appeler sans appeler première vie auto habitation compagnie d'assurance habitation année appliquer type d'enquête assurance arriver dame ne pouvait pas fournir des informations pertinentes surtout et surtout Equifax post information rapport de crédit section de dossier public rapport laisser cicatrice rapport financier criminel vie entière quelque chose de fait Equifax passer de nombreuses heures à essayer de garder un rapport de crédit en règle Equifax continue de signaler faussement un mensonge historique de crédit continuer à obtenir un prêt financier client insatisfait Equifax dépenser lo,probleme_transport,moyenne
reparti médecin bureau d'affaires collection rapporté agence d'évaluation du crédit résultat de la dette service médical fourni dette contestée assuré couverture du patient fournie installation d'assurance résultant détecté annuel informé deuxième service requis ajout signe requis joint affectation avantage ordre recevoir service médicalement émotionnellement essayer temps réclamer personne raisonnable désemparé assumerait service d'installation résultat annuel jamais donné option litige dette mois service employeur changé de compagnie d'assurance jamais entendre avancer dette assignée médecin bureau d'affaires a procédé rapport recouvrement de créances agence d'évaluation du crédit ayant un impact négatif sur le résultat de crédit demande récente médecin bureau d'affaires vérifier la dette fournir autorisation partager informations médicales personnelles tiers soumis ci-joint cession avantage atteindre vérification validation médecin bureau d'affaires pratique de recouvrement de créances veuillez consulter ci-joint fournir un aperçu aider à résoudre le problème à l'amiable médecin entreprise,probleme_transport,critique
lettre reçue service de recouvrement de crédit concernant l'argent dû croit être dû police d'assurance automobile précédemment détenue assurance progressive appelée société a parlé représentant nommé demandé montant dû représente conseillé dû compagnie d'assurance renouvellement de la politique temps expliqué pourrait précis conseillé progressif annulation de la police en raison d'une augmentation significative donc commencé à chercher l'assurance payée fin de la police date demandée envoyer une copie de la page de déclaration nouvelle police fournie numéro de fax envoyer les informations envoyées date déplacée continué recevoir la notification agence de recouvrement rappelé xxxxxxxx est heure parlée rappelée page de déclaration envoyée par télécopie conseillée chercherait à fournir une mise à jour environ une semaine parlant est préoccupé appelé assurance progressive directement parlé représentant nommé demandé envoyer une copie page de déclaration par e-mail confirmant la date d'entrée en vigueur nouvelle politique envoyée directement envoi du document appelé confirmer l'heure parlé conseillé besoin soumettre une demande écrite annuler la politique f,probleme_transport,moyenne
compte écart fermé réclamation compte annulé retour ouvert un donner réponse voiture totalisé compagnie d'assurance chèque du jour en attente chèque de plusieurs jours pourrait trouver la compagnie d'assurance appeler santander a dit que le chèque a mal tourné adresse attendre obtenir le chèque éventuellement la compagnie d'assurance chèque annulé du jour au lendemain un autre chèque chèque reçu montant affiché compte court a presque parlé plusieurs personnes finalement compte révisé compte corrigé fermé ouvrir un nouveau solde à chaque appel obtenir une réponse différente,probleme_transport,moyenne
"cher crédit cfpb Equifax en cours de crédit matin toujours choqué, étonné, gars qui a échoué à résoudre le problème, supprimer les informations personnelles erronées, crédit comme un nom de variation erroné, adresse inconnue, nom erroné, adresse inconnue, compte inconnu, etc. envoyé la demande la moins différente, document de support, afficher continuer le rapport, les informations erronées ont échoué, résoudre le problème, bien sûr, négliger simplement la demande d'obtention d'informations, continue de signaler le mauvais nom, veuillez corriger le nom, afficher la pièce jointe, supprimer l'adresse inconnue, supprimer le nom de variation du nom erroné, supprimer la liste des comptes inconnus, veuillez corriger",probleme_transport,moyenne
"hé, j'ai essayé le mois dernier, le créancier du bureau de crédit a mis à jour les informations personnelles, trois bureaux n'ont toujours pas apporté les modifications souhaitées, les informations personnelles, ils signalent toujours une mauvaise adresse, le rapport de crédit a besoin d'une adresse supprimée immédiatement, jamais d'adresse, également besoin d'une adresse supprimée immédiatement, jamais d'adresse, besoin d'une adresse erronée, rapport de crédit immédiatement, j'ai essayé, rien n'a changé.",probleme_transport,critique
différend écrit sur l'entreprise idée crédit jamais entendu non plus doit se tromper d'adresse quelque chose de complètement faux compte s'il vous plaît aider,probleme_transport,moyenne
a pris une couverture d'assurance complète des biens informés swbc entièrement couvert fourni une preuve écrite téléchargé document physique envoyé directement à l'adresse indiquée la compagnie d'assurance a demandé d'arrêter immédiatement de prendre de l'argent pour l'assurance habitation toute l'année malgré des tentatives répétées de contacter les prochains mois personnellement bien la compagnie d'assurance swbc a continué à facturer la couverture d'assurance du compte portant déjà directement le point de garde partie antérieure swbc a finalement arrêté au moins cinq tentatives de l'entreprise portail de service client en ligne canal approprié obtenir arrêter savoir beaucoup swbc collecté aujourd'hui couvrir l'assurance habitation incapable de discerner la déclaration exacte du chiffre swbc sait swbc a continué l'assurance des frais plusieurs mois même informé à plusieurs reprises arrêter d'essayer d'obtenir le remboursement de l'argent comptable n'a rencontré rien de tentative récente plainte précoce problème de compréhension du système automatiquement automatisé récemment en plus connexion au site Web swbc disponible par intermittence effectuer des tentatives de connexion répétées tout au long de la journée obtenir un compte mot de passe valide nom d'utilisateur temps pris,probleme_transport,critique
"bonjour, j'ai remarqué une mauvaise adresse, le rapport de crédit de la mine pourrait affecter l'avenir",probleme_transport,moyenne
a répondu porte servie b agence de recouvrement de créances séparée alarme express mettre formulaire individuel prendre du temps serveur pratique distance sociale masqué porter gant mettre un risque énorme au milieu de la pandémie de virus corona stand moment pourrait dire au transporteur attendre espoir profiter de la pandémie mondiale choquant de mauvais goût subi même rappel recherche de dette validité risque les gens ont pris la vie hautement inacceptable pratiqué sans équipement de protection approprié capacité autorisée renvoyé chez lui car en raison d'un risque élevé résultat contrat coronavirus,probleme_transport,elevee
"Capital One Bank continue d'envoyer une lettre générale de refus de réponse, fournit un document éprouvé, une procédure politique concernant les litiges, une transaction, je crois que Capital One Bank se désagrège, vole l'argent du consommateur, escroquerie sans justification, répond à la question, permet au commerçant d'installer un nouveau frein, un rotor déformé, Capital One State Right Police, compte contesté, Capital One répond, mot différent, bonne procédure politique, veuillez fournir la politique demandée, mais Capital One a refusé de fournir le capital One State. voiture réparée installation de la plaquette de frein dessus du rotor déformé capitale une banque a donné trois raisons différentes obtenir le retour en premier dit refusé diagnostic fourni preuve contacté le mécanicien diagnostic le mécanicien a refusé",probleme_transport,critique
il y a un an femme xxxx assurance couvert gaz mis couvert ne savait pas moment n'a rien couvert tout payer poche ne pouvait pas payer le temps envoyé informations marron collecte mois recevoir un appel m indiquant gardé envoyer un courrier mauvaise adresse obtenir dette payée nécessaire payer la dette depuis le mariage affecter le crédit a commencé envoyer le paiement demandé la femme a demandé le règlement de la dette a déclaré payer tout complet jamais manqué de paiement récemment dû autour de l'appel conseillé paiement dû conseillé je travaille ne peux pas effectuer le paiement depuis a pris des heures supplémentaires a dit aller note système bien je ne pensais pas aller faire grand chose puisque tout le monde va aussi demandé aider à retenir le paiement rendre dû a répondu les gens qui paient le mois ont dit ok laisser venir appeler vers le jour d'échéance paiement le jour d'échéance appelé conseillé je n'ai toujours pas récupéré l'heure continué dire la dette recouvrer les informations sur les intérêts envoyé l'avocat n'envoie pas le paiement conseillé ne pas avoir d'argent moment je vais quitter la nourriture familiale nécessaire obtenir de l'argent dit aller note envoi récupérer les heures supplémentaires,probleme_transport,moyenne
reçu mise à jour crois compte de recouvrement rapport sur la dette impayée ne savait rien agence appelée mauvaise adresse info dire ouvert depuis également appelé litige agence reçue de l'aide rapport de crédit temps rapporté temps total temps atteint rapport de crédit temps affecté connaître l'heure légale mois,probleme_transport,moyenne
véhicule repris il y a un an société de finance d'état doit envoyer la chose en premier laisser obtenir des effets personnels véhicule également droit racheter la voiture droit rétablir le prêt créancier vente voiture date de vente privée créancier vente voiture vente aux enchères date heure emplacement vente calcul déficit solde excédent applicable y compris description frais charge créancier informations envoyées mauvaise adresse lettre postale adresse choisie adresse du véhicule contrat demandé adresse postale modifiée enregistrement modifié preuve erreur commise adresse situé ville envoyé par la poste retourné joindre copie lettre envoyée mauvaise adresse demande de copie du contrat une autre adresse indiquée rapport supprimé depuis l'avis envoyé mauvaise adresse,probleme_transport,moyenne
selon la tentative de collecte du solde émis crédit sud-ouest recevoir une déclaration écrite crédit sud-ouest a reçu un avis écrit montant susmentionné bien que l'avis écrit indique le verbiage dossier d'état différend date précoce inconnue depuis le déménagement le transporteur a détenu un compte en outre actuellement en train de contester le numéro de téléphone lié à la Caroline du Sud n'a jamais assisté à l'église de service de la Caroline du Sud,probleme_transport,moyenne
contacté à plusieurs reprises probablement une douzaine de fois dette due mère décédée montant légalement parent suivant parent encore marié heure du décès est décédé ordre arrêter de harceler envoyé par courrier électronique informé décédé légalement parent suivant recherché cesser la communication attaché scanner certificat de décès certifié répondu demandé aller succursale la plus proche certificat de décès original certificat de décès envoyé par courrier électronique jour répété légalement parent suivant certificat de décès officiel scan continu harcèlement envoi hebdomadaire tentative de recouvrement de créances frustré finalement écrit mauvaise adresse retour expéditeur courrier reçu renvoyé adressé à la mère donc vraie mauvaise adresse n'a jamais vécu maison lettre arrêtée aujourd'hui reçu adressée adresse de la mère n'a jamais vécu tentative de recouvrement de dette mirand réponse système pleinement conscient de la mère adresse en direct jamais décédée vouloir contacté copie certifiée acte de décès même enregistrement légal nom du prochain parent adresse postale répertoriée acte de décès envoyé informations données mirand tentative d'embauche recouvrer la dette mirand inclus détail dette de la mère corresponde,probleme_transport,elevee
soumis plusieurs années de litige transunion obtenir des informations incorrectes rapport de crédit aider une faute d'orthographe nom mauvaise adresse numéro de téléphone même compte reconnaître besoin d'aide pour résoudre,probleme_transport,moyenne
conforme bureau de protection financière des consommateurs cfpb Equifax incorrectement inexact informations incomplètes et non autorisées dossier de crédit cher bureau de protection financière des consommateurs cfpb deuxième fois contactant Equifax écrit concernant des informations incorrectement inexactes et incomplètes non autorisées dossier de crédit première lettre envoyée par la poste deuxième lettre envoyée récemment examen rapport de crédit remarqué Equifax a montré le nom mal orthographié une adresse du domicile en double trois mauvaise adresse lieu emploi signalé incorrectement une demande de crédit non autorisée quatre inexactes compte de crédit à tempérament incomplet une information de contact du créancier non reconnu trouver un processus problématique nouveau erreur de transaction de prêt provoquant un problème de rapport de cote de crédit correctement nom cfpb soumis copie géorgie permis de conduire afficher l'orthographe correcte du nom adresse actuelle cfpb soumis copie redevance chèque de paie refléter l'adresse du domicile adresse précédente aucun veuillez supprimer l'adresse suivante e rapport appartenir erreur signalée cfpb soumis w,probleme_transport,moyenne
mauvais nom signalé dossier de crédit mauvaise adresse signalé dossier de crédit nj ga également ga,probleme_transport,moyenne
"envoyé le paiement complet mauvaise adresse par courrier est revenu renvoyer le paiement service de carte de poursuite entièrement effacé littéralement jour date d'échéance heure de déplacement le dernier jour traitant d'un problème de santé majeur famille clairement une erreur partie assurez-vous du paiement automatique apparemment une carte n'était pas solde zéro historique de paiement parfait sauf une erreur de poursuite dit supprimer le rapport négatif même si tout payé complètement quoi que ce soit particulièrement une pandémie légère, etc.",probleme_transport,moyenne
prêt carrington prêt numéro de prêt adresse de la propriété de l'emprunteur oh agent de service payé frais d'assurance annuels séquestre dans l'agent appelé à plusieurs reprises enquêter réponse reçue dans l'agent appelé informer problème conseiller la politique expire sans jour de paiement appelé carrington a parlé représentant du service conseillé enquêterait sur l'opérateur d'appel demandé confirmation du téléphone problème résolu dit vérifier rappellerait le jour ouvrable confirmer conseillé problème inacceptable rencontré l'année dernière demandé parler superviseur représentant du service accroché,probleme_transport,elevee
nom société de recouvrement de créances gestion des performances des créances llc date société envoyée lettre insistant sur dû quatre dispositif technique jamais acheté en outre jamais utilisé ni l'un ni l'autre transporteur dette originaire précédemment contacté rpm conseiller la dette aimerait contacter la société éliminer tentative de recouvrement de dette jamais contractée arrêter de harceler important,probleme_transport,moyenne
message téléphonique reçu voir la transcription de la messagerie vocale ci-jointe l'opérateur téléphonique a renvoyé l'appel initial message le lendemain appelé a parlé identifié solution coucher de soleil Caroline du Nord bureau déclaré de nombreux endroits déclarés solde impayé préparé offre soulagement de la pandémie demi montant règlement dette expliqué devoir dette fait réglé dette via une autre agence conseillé envoyer la documentation paiement transmis initialement envoyé mauvaise adresse e-mail reçu avis transporteur indiquant le livrable envoyé e-mail adresse correcte a parlé aujourd'hui réponse message vocal initialement fourni numéro différent document indiqué état payé compte complet coucher de soleil allègue question montant exact référencé numéro de compte premièrement notifié recevoir notification problème allégué écrit a répondu chose autre jour demandé lettre de validation justifiant la dette présumée indiquée viendrait une autre entité non spécifiée signifiait que la partie responsable croyait que le dossier de marque déclaré incorrect était contesté déclaré prendre le document le tribunal croyait que la solution était en fin de validité,probleme_transport,moyenne
hypothèque résidence principale refinancée choisi une autre institution financière refinancer payer hypothèque existante banque américaine bureau du procureur de clôture câblé produit du remboursement banque Amérique montant montant relevé de paiement imprimé daté du paiement bien envoyé bureau du procureur de clôture date bofa paiement crédité jour de l'hypothèque depuis le jour de clôture du prêt depuis le fonds câblé sans résolution semaine dire incapable de localiser le fil enfin capable de confirmer deux fois le fil reçu banque fonds assis compte général appliqué fait de nombreux appels ligne de service client hypothécaire tentative de résoudre le problème dépenser une quantité excessive de temps tenir le total d'heures sans résolution obtenir une réponse différente associé parlé reçu appel bofa équipe de collecte demandant le paiement commençant en dernier semaine temps tentative contacter le service des hypothèques service client collecte dirigée automatiquement expliquer le problème ordre être transféré fil de département différent retourné un bofa atteint collection rencontré directeur de succursale local tentative obtenir de l'aide quelqu'un visage visage rencontre,probleme_transport,critique
hier a parlé agent conseillé avis écrit adresse postale année de vie conseillé mauvaise adresse demande validation deux dettes trouvées compte obtenu une alerte pointage de crédit application examen litige remarqué agent validation compte essayer de rappeler envoyé messagerie vocale rapport de crédit montrer deux sociétés de recouvrement différentes solution de recouvrement de créances llc parlé solution de recouvrement de dettes conseillé compte recouvrement solution de recouvrement de dettes recouvrement jamais contacté appelé courrier concernant la dette,probleme_transport,moyenne
de nombreux litiges transunion refuser supprimer la mauvaise adresse mettre à jour l'adresse correcte fichier d'adresse emplacement manquant quadrant xxxxxxxx joindre la réclamation fournir l'adresse de la facture de gaz prouver la réclamation,probleme_transport,moyenne
"malgré de nombreuses demandes, ne cessez jamais de nuire à Equifax en mettant à plusieurs reprises une mauvaise adresse, le rapport de crédit est montré ca ca en outre une manipulation criminelle du score fico plus bas chaque mois en mettant des informations",probleme_transport,moyenne
frais de carte de crédit contestés à plusieurs reprises société de carte de crédit barclay billet facturé billet d'avion chargé carte de fin de billet billet totalisant les frais de la compagnie aérienne femme billet réservé vacances par la suite en raison du transporteur vol suspendu donner un crédit essayé contacter la compagnie aérienne acceptant l'appel problèmes financiers offrant un service aérien états unis frais contestés barclay a expliqué la compagnie aérienne vol annulé aéroport en utilisant obtenir un remboursement barclay a réclamé suffisamment d'informations règle compagnie aérienne même si la compagnie aérienne a plus fourni le service appelé barclay a contesté la décision par appel téléphonique en raison de l'agent covid a dit qu'il communiquerait par fax interaction écrite envoyé barclay page fax document justificatif appelé centre de litige barclay vérifier plainte de travail l'agent a déclaré avoir reçu la plainte envoyée une lettre matérielle l'agent de Barclay a déclaré que la compagnie aérienne répondait le jour où la compagnie aérienne répondrait que barclay statuerait en faveur de l'agent a donné le numéro d'identification du cas attribué au texte de référence du litige lettre de motivation ci-jointe fax envoyé cher barclay pour la troisième fois contacté barclay contestant le char,probleme_transport,moyenne
Equifax signalant une mauvaise adresse fraude vol d'identité n'a jamais vécu en Californie n'a jamais vécu en Californie,probleme_transport,moyenne
prêt hypothécaire transféré prêt stearns assureur habitation dit assurance annulée prime annuelle payée immédiatement informé stearns a dit s'inquiéter paiement déjà posté chèque envoyé chèque retourné en Colombie-Britannique mauvaises informations fournies politique annulée stearns n'a jamais suivi découverte police d'assurance habitation contacté courtier expliqué nécessaire nouvelle politique propriétaire de maison la précédente pourrait rétablir l'augmentation de la prime annuelle à la place stearns a expliqué la différence de salaire compte séquestre bc erreur suite à l'hypothèque transférée stearns refuse de payer malgré plusieurs appels téléphoniques explication complète habituellement mettre l'appel en attente suspendre une minute d'attente on a dit à stearns de ne jamais payer quoi que ce soit payer une prime annuelle supplémentaire fin de l'hypothèque vie bc stearns erreur manquement au devoir évident mauvaise foi,probleme_transport,critique
"faye servicing compagnie d'assurance de dommages aux transporteurs hypothécaires a émis un chèque écrit faye servicing faye servicing a déclaré approuver le chèque envoyer un chèque d'assurance, mais la société de service faye a pris de l'argent refusé, nouveau chèque à la place, liste requise, document nécessaire, fonds débloqués, document comprenant le formulaire de licence de l'entrepreneur, signe du contrat, renonciation au privilège envoyé rejeté renonciation au privilège par faye service, formulaire de demande, formulaire de société envoyé nouveau formulaire refusé, chèque de remplacement déclaré, accepter le contrat aurait besoin d'obtenir une signature physique, document de rejet en cours le jour ouvrable, mais l'entreprise tient à faire un chèque, fonds d'intérêt, le consommateur saut cerceau obtenir un fonds d'assurance à juste titre là-bas",probleme_transport,moyenne
appelé a parlé a dit autoriser la suppression du crédit essayer d'expliquer envoyé erreur de recouvrement confirmer envoyé facture mauvaise adresse demander parler superviseur déconnecté appeler rappeler faire un appel numéro a parlé un autre représentant a dit essayer d'appeler je me suis trompé de numéro de téléphone le numéro de téléphone est erroné toujours en train de travailler demandé parler superviseur déconnecté appeler la deuxième fois trouver impoli non professionnel pendu vouloir régler la dette,probleme_transport,moyenne
contacté experian aujourd'hui concernant une mauvaise adresse montrant le rapport de crédit également conseillé à la victime vol d'identité parlé expliqué aller déclaré nécessaire parler créancier rapport de crédit expliqué créancier pendant un certain temps adresse correcte refusée toujours aider également confirmé preuve dossier d'adresse dû rapport d'usurpation d'identité nom de fraude au travail individuel réel atteint par e-mail adresse correcte adresse correcte déclaration d'adresse erronée rapport sur le nom du représentant de l'appartement en direct toujours refusé litige obtenu corrigé appel terminé,probleme_transport,moyenne
transunion de collecte contestée concernant plusieurs fois même envoyé document directement informations toujours mises à jour à chaque fois demander une mise à jour dire que l'entreprise a déclaré la dette problème valide contester si la dette est valide en déclarant a échoué envoyer le droit guérir avis de repo vente après repo violation du droit du consommateur admis envoi avis mauvaise adresse lettre envoyée par demande prouvant,probleme_transport,moyenne
Equifax signale une mauvaise adresse malgré le fait de dire à plusieurs reprises une mauvaise adresse ca,probleme_transport,moyenne
mauvaise adresse de compte xxxxxxxx,probleme_transport,moyenne
"envoyé le paiement complet mauvaise adresse par courrier est revenu renvoyer le paiement service de carte de poursuite entièrement effacé littéralement jour date d'échéance heure de déplacement le dernier jour traitant d'un problème de santé majeur famille clairement une erreur partie assurez-vous du paiement automatique apparemment une carte n'était pas solde zéro historique de paiement parfait sauf une erreur de poursuite dit supprimer le rapport négatif même si tout payé complètement quoi que ce soit particulièrement une pandémie légère, etc.",probleme_transport,moyenne
"facturé des frais de résiliation de contrat société sans fil il y a un an, même si le montant du contrat plus long a été envoyé par l'agence de recouvrement contacté par l'opérateur sans fil problème traité la société de recouvrement continue d'envoyer le solde dû depuis plus longtemps dit à plusieurs reprises une dette inexacte valide envoyer une copie de l'ancienne facture de téléphone portable indiquant le montant facturé même si la collecte précise montre plus le rapport de crédit continuer à ignorer la demande cesser de contacter, d'autant plus que le Texas a pris des mesures bien au-delà de la limitation de la loi, également la lettre récente montrer le créancier d'origine du fournisseur de sans fil la lettre du créancier actuel adressée au contrôle de crédit llc donner l'apparence continuer à vendre des informations",probleme_transport,moyenne
"lettre reçue indiquant que vous devez une dette contestée demandant une validation effectuée conformément à la loi sur les pratiques équitables de recouvrement des dettes, à la loi sur les rapports de crédit équitables, conformément à la loi de l'État local correspondante, veuillez noter la demande de validation des preuves compétentes portant une signature montrant l'obligation contractuelle de payer la société en attente du résultat de l'enquête, la société soumet les instructions de prendre des mesures, pourrait rapport de crédit préjudiciable demander à la société de répondre le jour du sac à main, petite réclamation, action en justice, la société a payé la facture médicale directement, le bureau spécialisé a contacté la compagnie d'assurance médicale informée d'un montant de la dette, de la compagnie d'assurance valide, du montant du dossier soumis",probleme_transport,critique
tx tx famille célibataire n'a jamais vécu raison ca traité adresse en ligne signalée experian société s'il vous plaît contacter l'entreprise vérifier l'adresse correcte nouvelles informations signalées experian capable soumettre un litige en ligne question peut vous contacter adresse numéro d'identification numéro de rapport icône potentiellement négative statut potentiellement négatif compte chargé écrit type de compte en souffrance différend de date de solde de carte de crédit icône potentiellement négative statut négatif transféré type de compte fermé différend de date de carte de crédit icône potentiellement négative icône potentiellement négative statut ouvert type de compte automatique prêt automatique litige de date potentiellement négatif icône potentiellement négatif statut payé règlement écrit compte typenote prêt date ouverte xxxx litige icône potentiellement négative statut type de compte fermé solde non garanti signalement d'une mauvaise adresse compte,probleme_transport,moyenne
rapport d'adresse erronée jamais associé croire résultat vol d'identité adresse new york incorrecte,probleme_transport,moyenne
"hé, j'ai essayé le mois dernier, le créancier du bureau de crédit a mis à jour les informations personnelles, trois bureaux n'ont toujours pas apporté les modifications souhaitées, les informations personnelles, ils signalent toujours une mauvaise adresse, le rapport de crédit a besoin d'une adresse supprimée immédiatement, jamais d'adresse, également besoin d'une adresse supprimée immédiatement, jamais d'adresse, besoin d'une adresse erronée, rapport de crédit immédiatement, j'ai essayé, rien n'a changé.",probleme_transport,critique
se plaindre du compte bloqué face au défi portefeuille bitcoin envoyé accidentellement bitcoin mauvaise adresse société se plaindre coin base u coinbase personnes impliquées,probleme_transport,moyenne
"capital de l'entreprise une date financière date de début signalé montant du prêt raison réparation automobile la personne a parlé téléphone demandé obtenir un prêt parce que je suis chauffeur de voiture battement de voiture besoin de réparation appel reçu les gens disant approuvé à la première chose ont été suspects informations de connexion bancaires nécessaires tentative de dépôt mobile la banque a trouvé une situation de réparation frauduleuse a d'abord obtenu le prêt approuvé dit n'a pas assez d'antécédents de crédit vraie fin a dit déménagerait laisser l'historique de crédit construire le type de programme n'a même pas obtenu de prêt démarrer construire le crédit nécessaire rembourser mobile déposé petit compte bancaire à frais arrivé aujourd'hui dit matin aller acheter le montant de la carte-cadeau cause facultative dit serait drapeau rouge la sécurité sociale ne suis pas assis prêt énorme arnaque dépensé quelque chose je ne pouvais pas contrôler le prêt, je suis fauché car l'argent de poche vidé a pris une carte cadeau Joy Ride",probleme_transport,moyenne
Loancare llc a fourni une déclaration de remboursement d'hypothèque jointe aux frais suivants interdits par le règlement z cfr frais de relevé Loancare fournit la divulgation des frais de traitement avant la facturation des frais d'enregistrement du comté fraction des frais de prêt hypothécaire cfr règlement z état de remboursement des frais de déclaration interdiction générale du créancier réparateur défini cfr b peut facturer des frais fournissant au consommateur personne consommateur autorisé obtenir des informations sur le relevé du montant dû payer le solde impayé de l'hypothèque ii frais de traitement le créancier réparateur peut facturer des frais de traitement couverture coût fournissant la déclaration de paiement décrite paragraphe section fax courrier fourni les frais peuvent dépasser le montant comparable frais imposés service similaire fourni connexion transaction de crédit à la consommation sécurisée consommateur résidence principale le créancier hypothécaire doit rendre disponible le relevé de paiement personne du consommateur consommateur autorisé obtenir des informations méthode de messagerie par fax sans frais conformément au paragraphe section iii divulgation des frais de traitement avant de facturer la disposition sur les frais de traitement pa,probleme_transport,moyenne
vol acheté fin prévue compagnie aérienne réponse du vol annulé pandémie par site Web de la compagnie aérienne remboursement disponible contacter l'agent de voyage commande réservée recevoir le remboursement appelé marchand demander le remboursement fournir un numéro sans frais support forcé faire une minute d'appel international heure d'attente enfin représentant parlant informé recevrait un remboursement dans la semaine à condition que le capitole un reçu initial soit bien e-mail d'annulation agent de voyage de la compagnie aérienne inclus la section pertinente site Web du transporteur indiquant le droit au remboursement complet même fourni une copie de la facture de téléphone indiquant la minute de frais internationaux mais refusé le retour de l'argent,probleme_transport,moyenne
agent du service client a parlé à plusieurs reprises également envoyé permis de conduire carte de sécurité sociale courrier contesté en ligne rapporte toujours des informations de crédit mauvaise adresse mauvaise alerte de fraude compte jamais supprimé compte contesté possible plainte déposée compte de courrier contesté rapport toujours tout fait correctement obtenir quelque chose accompli sinon rapporter les informations correctement mauvaise adresse rapport de collecte supprimé,probleme_transport,moyenne
devoir de dette changer d'opérateur facture de téléphone restante montant payé fausse année a commencé à ajouter un faux relevé de charge proposé ligne de plan transportée charge mensuelle restante satisfait se renseigner paiement semble localiser le système,probleme_transport,moyenne
banque fusionnée banque début impossible de se connecter compte en ligne presque tout le mois compte en ligne verrouillé attente perpétuelle musique ligne d'assistance a finalement trouvé quelqu'un du bureau local capable de résoudre la chose paiement automatique de facture le loyer s'est trompé d'adresse le mois précédent la banque a réussi eft propriétaire plusieurs années idée arrêtée eft adresse vissée chèque de loyer corrigé compte en ligne pensait que tout irait mal amende envoyée paiement du loyer mauvaise adresse mois propriétaire amusée ni tenté de contacter incapable mais capable de voir le loyer envoyé adresse correcte cependant mauvais système d'adresse genre incompétence simplement,probleme_transport,moyenne
reçu une alerte de surveillance du crédit agence de recouvrement sequim solution d'actifs collection rapport de crédit experian délinquant daté contacté la société parlé expliqué recherché vérification de la dette adresse fournie n'a jamais vécu en Floride besoin de copie de la correspondance téléphone accroché deux fois aujourd'hui reçu une autre notification la société a également ajouté la date du rapport de crédit de collection premier délinquant appelé faire savoir la dette besoin de vérification recherchée correspondance du fichier de correspondance rapport a pris l'adresse de la boîte postale dire courrier de correspondance dans la journée demandé depuis contestation de la dette demandée enlevée dette résolue dire dette supprimée comme indiqué précédemment porteur de téléphone portable année dette rien la loi permettrait crédit répertorié demander le nom du créancier d'origine numéro donné nom la société de téléphone portable dit qu'elle ressemblerait au numéro de la société d'origine dit qu'elle a vendu les informations disponibles sauraient quelque chose d'illégal les rapports de crédit se produisent une prise de crédit qui nuit à l'entreprise,probleme_transport,moyenne
"client environ dix ans déménagement tx tx décidé d'acheter tablette petit-fils année temps acheté tablette kiosque situé tx kiosque passé petit-fils vu tablette demandé jeune vendeur aidé à acheter kiosque régler le temps payé autour de la tablette reçue facture incluse paramètre de charge activation numéro de téléphone portable reconnaître parlant service client dit numéro de cellule attribué tablette dit intention d'achat deuxième numéro de cellule représentant dit revenir en arrière kiosque dire corriger erreur vendeur gestionnaire appelé au nom présence représentant parlé dit annulerait le numéro de cellule attribué table facturation correcte à plusieurs reprises refusé correct comprimé numéro de cellule charge d'activation deux mois suivants jamais utilisé depuis sais qu'il existe enfin depuis l'expiration de l'accord, l'opérateur de téléphonie mobile modifié continue de contester les frais d'activation du nouveau numéro de portable, incapable de résoudre le problème, profite du transfert de compte, crédit découvert, compte de recouvrement signalé, trois grandes sociétés de bureau de crédit ont également signalé une facture impayée facturée, contacté le crédit b",probleme_transport,moyenne
envoyé plusieurs lettre de litige transunion adresse incorrecte adresse la mienne mauvaise adresse tn adresse correcte tn,probleme_transport,moyenne
montant de l'inversion de la banque de poursuite enquête de crédit temporaire terminée réclamation déposée compte d'achat d'article recevoir le vendeur impliqué achat cours de poursuite contacter le vendeur impliqué achat vendeur fourni faux support d'informations supposé livrer le vendeur utilisé navire signature option requise demande signature contacté vendeur transporteur impliqué dépôt de la réclamation résultat infructueux étant donné faux support d'informations manque de preuve de livraison poursuite poursuivie accepter réponse reçu achat effectué en ligne preuve livraison achat en ligne vendeur transporteur doit enregistrer la plainte appel téléphonique passé depuis,probleme_transport,moyenne
compte ouvert chaque dépôt compte suspendu compte fermé date tentative effectuée résoudre le problème compte d'entreprise un dépôt effectué via sba dont l'accès a besoin de retour en arrière action jamais pris compte mise à jour numéro de téléphone initialement la vérification en deux étapes ne fonctionnait pas résolu suspension de l'opérateur mobile compte pris complètement garde catégorique envoi de document via une adresse e-mail non sécurisée valeur de confidentialité droit donc refuser d'envoyer le document demandé veuillez garder à l'esprit avant la fermeture du compte clairement le problème ne pourrait pas dire la raison de la demande d'informations suspension du compte croire maniaque exiger quelque chose sans fournir de raisonnement adéquat a tenté d'appeler une information téléphonique dire qu'il faut aller carillon support email dit référer accord membre a agi lors de la fermeture préalable du compte envoyé après l'e-mail indiquer après l'accord de membre également collé clause de cache-cache pratique commerciale contraire à l'éthique action formelle bien prise dernière partie état ne pas être d'accord utiliser le compte obtenir un remboursement accepter terme convention d'arbitrage activer utiliser les dépenses de la carte,probleme_transport,moyenne
plainte vraiment en forme critère option sélectionnée disponible vraiment refléter la plainte experian envoyé mari rapport séparé score de crédit abandonné score abandonné mari abandonné rapport révisé voir raison score abandonné commentaire rapport rapport de crédit mince mari retraité passé hypothèque prêt de voiture prêt scolaire retraité payé comprendre score abandonné sage payer la dette le revenu de retraite deviendrait fixe état concerné permet à la compagnie d'assurance d'utiliser le score de crédit cul risque d'assurer le score de chute individuel pourrait déclencher la compagnie d'assurance réévaluer le risque augmenter la prime mot joint doc capture d'écran experian mari dossier de crédit,probleme_transport,moyenne
"reçu appel numéro inconnu immédiatement déclaré intéressé sollicitation demander supprimer le numéro liste numéro registre d'appel gars accent a commencé à parler demander sollicitation déclaré american express dit monsieur mauvais gars carte american express a insisté pour être insistant utilisé juron dire mauvais gars carte american express dit parler comme juron dit dit mauvais gars vouloir parler comme appelé pourrait raccrocher téléphone reçu appel attendu heure gauche message reçu salutation american express accroché depuis carte american express accrochée depuis carte american express reçu un autre appel ignoré manière société admettre accès probable liste de transporteurs pense pouvoir vendre des informations trouver quelqu'un de nom similaire ne vous inquiétez jamais prénom numéro d'appel harcèlement la mauvaise personne appelle en outre le registre sans valeur car appliquer la loi, l'état peut l'appliquer donc inutile",probleme_transport,critique
agent du service client a parlé à plusieurs reprises également envoyé permis de conduire carte de sécurité sociale courrier contesté en ligne rapporte toujours des informations de crédit mauvaise adresse mauvaise alerte de fraude compte jamais supprimé compte contesté possible plainte déposée compte de courrier contesté rapport toujours tout fait correctement obtenir quelque chose accompli sinon rapporter les informations correctement mauvaise adresse rapport de collecte supprimé,probleme_transport,moyenne
bon puisque l'hypothèque mensuelle change chaque mois le service shellpoint a pris seul est devenu dû forcé prêteur assurance placée charge prêteur placé frais d'assurance remboursé séquestre mise à jour déclaration d'analyse montrant paiement mensuel séquestre solde taxe foncière taxe de comté comté selon la lecture du site Web fédéral shellpoint exigeant coussin séquestre raison réelle hypothèque continuer augmenter une autre année entière shellpoint collecter des fonds supplémentaires paiement mensuel dépôt fiduciaire dépasse de loin le montant annuel de la taxe foncière séquestre montant de la taxe foncière placé forcé prêteur assurance envoi déclaration mauvaise adresse mois en effet l'assurance semble utiliser des frais d'assurance supplémentaires analyse de séquestre calcul augmenter inutilement ne jamais déchéance couverture d'assurance condo hoa shellpoint erreur utilisé financièrement essayer augmenter le capital de grain séquestre coussin coussin doit plus grand décaissement annuel total estimé compte séquestre ii charger le compte séquestre à vie tout au long de la vie le gestionnaire de compte séquestre peut facturer l'emprunt,probleme_transport,moyenne
dette d'origine ville envoyé nom de la société de recouvrement cmre service financier facture originale datée facture couverte compagnie d'assurance temps entreprise refusée envoyer la facture envoyée collection ding rapport de crédit appelé cmre informations de temps refuser d'envoyer la facture croire facture illégale personne couverte ville envoyée cmre copie carte d'assurance processus de refus montant de facturation facture ville adresse ca cmre ca remercier aider,probleme_transport,moyenne
faillite déclarée année record nombreuses demandes de crédit non autorisées mauvaise adresse signalée adresse précédente une année d'adresse ca mauvais solde élevé rapport de compte ouvert utilisation du crédit,probleme_transport,moyenne
reçu rapport de crédit experian daté des informations inexactes remarquées spécifiquement adresse contestée du formulaire experian cfpb plainte formelle au moins la fois de l'année écoulée réinsérée dans le rapport de crédit selon fcra informations contestées supprimées rapport de crédit à la consommation réinséré sans notification préalable agence d'évaluation du crédit adresse actuelle répertoriée chaque créancier md supprimé adresse adresse actuelle répertoriée ancienne adresse experian a refusé de divulguer le changement autorisé le créancier signalant une mauvaise adresse fcra consommateur autorisé source fournissant des informations inexactes offertes opportunité litige informations inexactes directement selon experian vérifier le changement d'adresse prêteur rapportant actuellement adresse incorrecte suite refusée supprimer les informations inexactes rapport de crédit à la consommation violation directe fcra,probleme_transport,moyenne
maison vendue remboursement par séquestre mais reçu hypothèque du premier rond-point réclamée envoyé une mauvaise adresse renverrait toujours recevoir un chèque obtenir une réponse de la société,probleme_transport,moyenne
ouvert un compte commun sœur a changé de transporteur sœur fermé compte commun magasin solde restant parti société de recouvrement de créances recouvrer une dette incorrecte soulevée litige dit cas mis en attente enquêter sur la validité suivi notification par courrier confirmant la dette cesser de harceler le problème considéré affaire fermée une autre agence de recouvrement de créances afni a contacté la dette contactée afni directement dit devoir de l'argent déjà fourni preuve précédente société de recouvrement de créances résolu affaire transmise communication afni y compris la preuve solde compte fermé suspect un deux scénarios se sont produits l'un ou l'autre scénario effectivement fermé cas passé afni injustement collecter le montant scénario directement contacté afni échec du recouvrement des dettes de toute façon contacté directement envoyé chasse à l'oie sauvage sur le canal téléphonique d'extension heure passée au téléphone botté dans le département a finalement atterri jeune garçon capable d'utiliser l'ancien système d'accès au numéro de compte confirmer le solde effectivement demandé capture d'écran e-mail fournir une preuve bouche de cheval droite afni arrêter harassi,probleme_transport,moyenne
société a envoyé des informations dette mauvaise adresse jamais notifiée vérifié crédit scie rapport contact payer en attente procès jamais donné de chance litige paiement procès déposé essayé payer demande montant des honoraires d'avocat dette,probleme_transport,elevee
peut s'inquiéter avoir besoin d'aide de l'agence année harcelée facture médicale frauduleuse nous devons au patient l'année du médecin doit une dette médicale impayée mais continuer à harceler la facturation de la dette doit continuer la charge déjà payée l'année précédente bien double compagnie d'assurance contactée bureau d'affaires reçu copie paiement déjà effectué avocat écrire un nom clair dette frauduleuse continuer le harcèlement année facturation bureau groupe médical a insisté sur le harcèlement fait erreur erreur compte patient crédité paiement reçu bien compagnie d'assurance personnes non qualifiées travaillant facturation bureau année réclamée changé système informatique semble temps endroit les gens ne savent pas patient facturation patient souffrir d'incompétence il y a un an agent d'administration bien d'autres bureau administratif sensibilisé harcèlement continu bureau de facturation supposé corrigé copie jointe lettre déjà renvoyée pourtant trouver aujourd'hui courrier lettre nom de l'agence de recouvrement capio partenaire llc agence de recouvrement facturation fraude médicale dette devoir vouloir capio partenaire llc comprendre payer payer un,probleme_transport,critique
commencé assurance hypothèque refinancement hypothécaire verrouillé jour jour pas rien à faire en raison de covid aller dans un autre département sans vous faire savoir vous dire vous payer extension de verrouillage du taux attendre un autre mois taux incertain vous a donné le verrouillage du taux journalier à la place faute du jour faute de l'entreprise prendre longtemps dû horrible communication u processus a décidé d'aller un autre prêteur hypothécaire prêt annulé se sentir à l'aise gestion de l'assurance l'année prochaine vente de la vie quelqu'un d'autre avait besoin d'une évaluation de transfert assurance envoyé une mauvaise adresse information nouvelle société de prêt hypothécaire violation des informations personnelles négligence envoi de fausses informations toujours en train de se battre toujours en cours d'évaluation département de conformité de transfert permettre payé détention évaluation otage loi,probleme_transport,elevee
mauvaise adresse rapport de crédit compte débité,probleme_transport,moyenne
a répondu à la porte servie par deux agences de recouvrement de créances distinctes alarme express mettre individuel xxxxr formulaire xxxxxxxx prendre xxxxxxxx temps serveur pratique distance sociale masqué porter gant mettre un risque énorme au milieu de la pandémie de virus corona stand moment pourrait dire au transporteur attendre espoir profiter d'une pandémie mondiale choquant de mauvais goût subi même rappeler la recherche de dette validité risque les gens ont pris la vie hautement inacceptable pratiqué sans équipement de protection approprié capacité autorisée renvoyé à la maison car en raison d'un risque élevé résultat contrat coronavirus,probleme_transport,elevee
Midland credit management lettre envoyée mauvaise adresse ignorant contacter envoyé lettre de validation de dette oublié envoyer certifié envoyé lettre certifiée jour reçu validation dette reçue lettre la semaine dernière demande de contact exigeant le paiement va intenter une action en justice déjà contacté lettre de validation envoyée preuve de dette que je dois,probleme_transport,moyenne
rapport d'adresse erronée jamais associé croire résultat vol d'identité adresse new york incorrecte,probleme_transport,moyenne
prêt étudiant personnel collège géré diplômé collège fermé acheté deville gestion des actifs faire paiement régulier sachant paiement va deville gestion des actifs vérification rapport de crédit loyer maison vu compte payer régulièrement déclaré collection liste compte paiement effectué date compte courant toujours montrer rapport de crédit collection commuté paiement facture bancaire payer service depuis système comptable vague paiement affiché montant du prêt en cours contacté depuis un paiement arrive correctement opté paiement automatique carte de débit depuis capable correspondre le représentant du service client a demandé l'adresse correcte envoyer le paiement car je pensais que peut-être le paiement s'est mal passé adresse corrigée depuis capable correspondre service client demandé corriger le compte de collecte inclus correspondance merci représentant du service client adresse mise à jour facture système de rémunération précédent depuis moyen de contact capable de trouver le rapport de crédit de collection supprimé école terminée payant régulièrement depuis depuis acquis gestion d'actifs deville a toujours possédé s,probleme_transport,moyenne
obtenu carte american express réception facture contacté american express dit compte placé agence de recouvrement reçu plusieurs appels agence de recouvrement compte d'appel envoyé lettre obtenir dette validée voir pièce jointe appelé dit compte plus long appelé american express société informée compte de détention plus long jamais validé dette expliquer envoyé lettre de validation reçu réponse appelé dit compte facturé mois reçu appel téléphonique harcèlement société appelée demandé valider la dette envoyé lettre valider la dette n'a jamais suivi dit dette plus longue dit en retour american express appelé american express collection parler facture grossière jamais validée dette demandée envoyer facture e-mail déplacer pays refusé essayé de nombreuses années obtenir la dette validée obtenu manière statue limitation poursuivre passé une mauvaise adresse valider la dette a couru le crédit rapport d'hier trouver un compte de remise de dette contacté ledit compte de remise contesté doit vraiment des dettes trois rapport de crédit,probleme_transport,moyenne
veuillez vous référer au rapport FTC sur le vol d'identité concernant l'indemnisation du chômage reçue.,probleme_transport,moyenne
td banque crédit mn ph acct date d'ouverture adresse id limite de crédit statut compte facturé écrit en souffrance litige traité note cible dit carte de crédit émise admet envoyé une mauvaise adresse crédit facturé compte de recouvrement impayé vu rapport cible prouvé trompeur présumer la bonne chose détruire le rapport de crédit du client dû visage forte pénalité obtenir un prêt immobilier dû négligence de l'entreprise demande aimable attention pénaliser la cible ruiner le rapport de crédit rechercher également des dommages punitifs cible problème causé,probleme_transport,moyenne
dame nommée appelée réclamation travail fait référence en disant devoir du capital un compte ouvert raconter l'année essayer de recouvrer la dette limite de carte de crédit carte d'un an aller dit frapper délinquance mensonge absolu dire devoir payer régler dépôt de la paperasse fin des affaires aujourd'hui impliquer un avocat dire nom de l'avocat travail bien semble frauduleux mauvaise adresse paperasse envoyée via ladite adresse correcte téléphone choisi donner des informations l'argent semble extrêmement louche numéro de téléphone,probleme_transport,moyenne
système sst téléphone il montant compte ajouté assurance forcée sans contact connaissance dit mauvais enregistrement d'adresse correct envoyé assurance échec compte de crédit demandant paiement compte ajouté jamais au courant sauf revenir en arrière demande déclaration a échoué produire illégalement une police d'assurance antidatée ne produira pas de politique arnaque totale ajouter de l'argent paiement personne ne sait demander paiement inclus jamais divulgué,probleme_transport,moyenne
réclamation ouverte transporteur d'assurance xxxxxxxx en raison de dégâts d'eau résultat négligence unité de condo à l'étage unité de propriété six mois xxxxxxxx chèque finalement libéré émis créancier hypothécaire dommages excédentaires xxxxxxxx émis deux montant du chèque chèque endossé envoyé flagstar banque réclamation pour perte de propriété reçu ordre de réparation commencer continuer en temps opportun attente fonds libéré flagstar banque payé poche entrepreneur copie dépôt initial travail commencer deuxième paiement joint plainte bien payé poche matériel inclus réparation estimation fonds poche date total commande continuer réparation autre dû aujourd'hui calendrier de paiement informations sur l'entrepreneur copie chèque copie reçu matériel payé poche soumise flagstar réclamation pour perte de propriété flagstar informe intentionnellement un document d'informations contradictoires soit nécessaire processus nécessaire réclamation plusieurs représentants informés nouvelle politique soumettre certains formulaires paquet de réclamation sans informer Flagstar formulaire de politique inversé requis contacté Flagstar résoudre obtenir le remboursement des fonds encore une autre nouvelle exigence de politique,probleme_transport,moyenne
travailler tx blessé plusieurs fois envoyé tx lire des radiographies envoyé une collecte de frais à la place d'une compagnie d'assurance,probleme_transport,moyenne
mauvaise adresse informations erronées montrant le rapport de crédit,probleme_transport,moyenne
envoyé un rapport similaire ne pas alarmer la documentation mise à jour société impliquée dernier litige soumis encore recevoir le dernier litige croire dû mauvaise adresse nom du créancier date type d'enquête ordre professionnel haut en bas divers département magasin de variétés banque banque carte de crédit banque carte de crédit bureau de crédit réclamation signalée trans union trans union agence d'évaluation du crédit cras sera par la présente connu aller de l'avant bureau personnellement contacté créancier bureau de crédit réclamation contestée seul conformément à l'entente suivie loi sur les rapports de crédit équitables victime fcra cas élevé fraude commencé à étudier naviguer nouvelle réalité recherche sur le crédit connaissance appropriée découverte rapidement gentil obscurité se produisant tout au long de l'année conscience consciente consentement temps mis éducation travail décidé temps passer un appel prendre le contrôle dégoûtant désordre lisse ouvert écriture introduction cfpb beaucoup lettre impitoyable en attente bureau créancier impliqué un bureau réclamé supprimé non autorisé enquête difficile historique demande due déclaration de placement multiple frauduleux,probleme_transport,critique
"bonjour envoyé litige bureau de crédit concernant des informations de déclaration incorrectes multitude de comptes incorrects n'appartenant même pas au jour toujours lettre de réponse faxée également téléchargé courrier mais toujours rien pleinement conscient milieu journée de pandémie mondiale réponse inacceptable point ignoré bureau de crédit profitant d'une situation déjà difficile processus de main d'œuvre demande de rapport assez injuste consommateur je suis traîné envoyé après il bonjour étonnement consternation remarqué entreprise reporting informations n'est pas vrai également préoccupation en raison du nom commun profil fusionné quelqu'un d'autre profil système fait adresse rapport de crédit jamais même vécu donc savoir quelque chose qui ne va pas doit faire une erreur ne pas prétendre savoir tout calme bizarre multitude compte rapport de faillite honnêtement, cela se produit même vérifier l'enregistrement voir l'adresse ne correspond même pas au dossier de révision de la demande de compte présumé disant que le mien à emporter divergence chose question il il date de référence de la faillite statut déposé montant déchargé supprimer dossier public fichier de crédit fichier extrait en utilisant acce",probleme_transport,critique
appelé experian temps essayant de parler à quelqu'un contestant une adresse erronée dossier de crédit incapable de parler à quelqu'un appel continuant à tomber deuxième tentative de litige mauvaise adresse site Web reçu message d'erreur également question d'adhésion incapable de parler représentant,probleme_transport,moyenne
conforme bureau de protection financière des consommateurs cfpb transunion incorrectement inexacte informations incomplètes non autorisées dossier de crédit cher consommateur bureau de protection financière cfpb deuxième fois contactant transunion écrit concernant des informations incorrectement inexactes incomplètes non autorisées dossier de crédit première lettre envoyée par la poste deuxième lettre postée examen récemment effectué rapport de crédit remarqué transunion a montré trois mauvaise adresse lieu emploi signalé incorrectement deux inexactes versement incomplet processus de compte de crédit nouvelle erreur de transaction de prêt causant un problème de rapport de solvabilité correctement cfpb a soumis une demande écrite transunion supprimer la mauvaise adresse rapport de crédit mauvaise adresse signalée ga ga ga employeur actuel depuis que le cfpb a soumis une copie du chèque de paie des redevances refléter le lieu d'emploi actuel cfpb a soumis une demande écrite de suppression du compte informations sur le dossier de crédit inexactes incomplètes également fournies copie du rapport de crédit inexactes informations incomplètes rapportées dossier de crédit compte,probleme_transport,moyenne
changé de compagnie d'assurance en raison d'un taux inférieur effectué plusieurs fois informations passées envoyées à la banque américaine envoyer le paiement prochaine chose connaître la politique annulée en raison d'un non-paiement n'a jamais reçu de paiement la banque américaine a appelé la banque américaine voir arrivé chèque envoyé mauvaise adresse mauvais bénéficiaire a parlé dit nouveau chèque serait du jour au lendemain problème résolu presque un mois problème toujours résolu nouvelle politique envoyé montant chèque reçu temps semaine le mois dernier appelé statut rien fait dernier rayon directeur banque américaine assuré serait envoyé toujours rien envoyé sans assurance maison,probleme_transport,moyenne
société savante appelée bureau de recouvrement de crédit a déposé un rapport négatif réclamant une dette due ouvert envoyé lettre certifiée bureau de recouvrement de crédit demandant vérifier valider la dette doit de l'argent rapport dit dette originale prétendument montant prétendument dû représentant parlant dette apprise en fait jamais contacté bureau de recouvrement de crédit dette due donc la société n'a jamais conseillé le droit litige dette doit de l'argent service fourni argent dû payé point service la compagnie d'assurance a également envoyé une lettre certifiée demandant des informations sur la facturation réclamation due cabinet dentaire a répondu lettre croire dette ajoutée historique de crédit tentative de recouvrement de dette même facture réelle mine tentative de recouvrement de dette zombie manière de prouver Je ne dois pas d'argent ni l'une ni l'autre des sociétés n'a fourni le service de facturation réel. Enquêter sur le bureau de recouvrement des crédits Répondre Valider la dette Voulez-vous supprimer le rapport négatif Antécédents de crédit,probleme_transport,moyenne
apparemment type litige initier une carte de crédit platine plusieurs dates racontées au superviseur retour litige a duré un mois plomb carte de crédit supprimé experian complètement en arrière menti plusieurs fois plaine méprisable heure passée heure de téléphone heure d'avance faire plusieurs appels appelés informations sur le litige tout initier un litige carte de crédit platine vu fico score chuter comme point retour bon score incident dit envoyer lettre spécial centre de litige de crédit dit mauvaise adresse un autre appelé superviseur carte de crédit supprimée le long de l'historique de paiement exceptionnel experian comme la carte n'a jamais existé carte de crédit voir litige même initier la carte rapportée serait surpris supprimé un bureau bien,probleme_transport,moyenne
signaler une mauvaise adresse,probleme_transport,moyenne
lors de la vérification du rapport de crédit découvert en jachère faux un prêt hypothécaire payé rapport manquant b deux rapport montré adresse n'a jamais vécu de manière suspecte adresse rue du quartier vivre numéro différent c mauvaise adresse montrer le rapport de crédit du conjoint décédé en cours d'homologation représentant personnel nommé tribunal vérifié rapport découvert rapport erroné prêt hypothécaire bien fargo signalé bizarrement le rapport de crédit doit mentionner stationné à la maison en raison d'une obligation militaire traitée fraude mal créé bien fargo puisque,probleme_transport,moyenne
soumis plusieurs années de litige experian obtenir des informations incorrectes rapport de crédit aider une faute d'orthographe nom mauvaise adresse numéro de téléphone même compte reconnaître besoin d'aide pour résoudre,probleme_transport,moyenne
voyage acheté prévu voyage acheté coût total du voyage série payée versement cependant couple mois voyage a lieu pandémie frappé interdiction de voyage résultant agence de voyage automatiquement annulé voyage sans remboursement paiement précédent par la suite fermer l'entreprise un disponible contact ledit contact banque remboursement déposé litige barclay depuis carte de crédit voyage acheté cependant litige refusé déclaré déposé jour période de litige essayé décision d'appel décision refusée carte utilisée barclays arrivée monde mastercard guide avantage état voyage événement personne assurée annulation de voyage interruption de voyage payer voyage interruption de voyage montant du paiement supérieur à l'un ou l'autre montant réel non remboursable payé personne assurée transporteur public tarif passager personne assurée renoncer à u bon inutilisé billet coupon privilège de voyage remboursé personne assurée annulation de voyage interruption de voyage la personne assurée doit causer le résultat décès blessure accidentelle maladie maladie physique personne assurée membre de la famille immédiate personne assurée défaut voiture commune,probleme_transport,moyenne
mauvais nom signalé dossier de crédit mauvaise adresse signalé dossier de crédit nj ga également ga,probleme_transport,moyenne
"les quatre derniers chiffres nouveau numéro de carte de découverte appelé banque il y a quelques mois fourni l'adresse temporaire à l'étranger de la banque pourrait envoyer le gestionnaire de carte de crédit département de carte de crédit heure de mise système d'adresse erronée la carte n'est jamais arrivée appelée banque a parlé gestionnaire département de carte de crédit nommé adresse mise à jour confirmée obtenir une nouvelle carte par la poste parlant connecté découvrir application remarqué état gauche code postal complètement vide ville mettre le nom pays deuxième ligne adresse nom ville complètement manquant appelé découvrir banque jour minute parlé nommé ladite carte de courrier bancaire adresse étrangère système de politique bancaire permettre adresse étrangère mettre bon ordre donc chance de recevoir la carte mince dit politique bancaire c'est le cas dirait la banque la plus stupide de la planète appelée gestionnaire de rayons de banque nommé demandé à la gérante gestionnaire nommée carte envoyée mauvaise adresse adresse voir l'application erronée mentionnée surprise carte informée envoyée par la poste informée la dernière fois que la banque a envoyé la carte le mois n'est jamais arrivée de toute façon comme mentionné, en gros, le gestionnaire a menti le téléphone n'a jamais envoyé la carte par la poste a également mis l'adresse",probleme_transport,moyenne
vouloir déposer une plainte demandant une validation des preuves compétentes portant une signature vouloir que l'article soit retiré fichier documents frauduleux dire compte fermé contesté dit précis compte ouvert besoin d'un article supprimé depuis le mien correspondance informations d'identification faux nom mauvaise adresse mauvaise personne a même demandé une lettre de validation de la dette signature envoyée une copie du bureau de crédit affidavit rapport de police acte de naissance carte de sécurité sociale carte d'identité d'état dit encore agence de recouvrement de comptes,probleme_transport,moyenne
"reçu avis lettre banque daté disant reçu remplacement police d'assurance annuler assurance précédente banque fait problème de paiement n'a jamais changé la compagnie d'assurance a contacté votre banque a déclaré paiement effectué mauvais compte quelqu'un d'autre nom premier appel téléphonique résoudre le problème représentant du service client dit superviseur avis nature inhabituelle lettre demandée expliquer s'est produit demandé donner des détails fixant la situation ne jamais recevoir de lettre appelée deux fois recevoir de nombreuses attente le personnel du service client dirait superviseur examen donner des détails finalement insisté représentant donner les informations de contact superviseur charge précédemment aurait finalement donné le numéro de téléphone appelé numéro laissé message vocal n'a jamais reçu de réponse appelé numéro plusieurs fois irait voix automatisée immédiatement disant au revoir instantanément presque toute l'année obtenue Nulle part la banque n'a rendu le compte, j'ai l'impression d'avoir été fraudé",probleme_transport,critique
le tx signale toujours une mauvaise adresse,probleme_transport,moyenne
a donné des informations sur l'assurance le jour où un accident s'est produit ambulance est venu je paie des informations en dollars donner la nuit en disant n'a pas fourni une carte d'identité médicale et a mis une mauvaise adresse n'a même pas beaucoup aidé l'hôpital a pris la pilule envoyée en Californie en direct au Nevada coincé je ne pouvais pas un autre état je suis responsable j'ai essayé d'expliquer appelé l'assurance plusieurs fois quelqu'un quelque chose de bien je suis responsable monter à l'hôpital,probleme_transport,critique
appelé experian aujourd'hui beaucoup de choses mauvais enregistrement a donné le nom correct adresse informations vérifiées par l'employé a toujours mis une mauvaise adresse enregistrement appel demain,probleme_transport,moyenne
signaler une mauvaise adresse,probleme_transport,moyenne
Laveuse commandée retournée recevoir une autre rondelle retournée instread donnant du crédit rondelle hd compte appliqué sans intérêt en raison jusqu'à ce que le cours ait pris plusieurs heures chiffre du porteur de carte de crédit compte d'extension demandé expirant début approuvé montant appris intérêts appliqués compte lié disponible en ligne voir litige,probleme_transport,moyenne
a voyagé à l'étranger le jour du retour compte facturé frais d'itinérance prétendument accumulés voyage connaissant la charge du téléphone dans son intégralité voyage pointé par le transporteur a déclaré qu'il fallait des frais erronés dus service reçu à l'étranger contesté également demandé retirer la carte de crédit paiement automatique à plusieurs reprises essayé de retirer le montant hebdomadaire finalement placer l'effort de blocage annuler le compte changer de transporteur date toujours reconnue tactique prédatrice essayé de corriger les frais erronés envoyés service de collecte rendu,probleme_transport,moyenne
"J'ai passé deux jours complets à essayer d'atteindre la carte de débit du chômage d'Oklahoma envoyée à une mauvaise adresse, j'ai finalement obtenu quelqu'un au téléphone annulé la carte initiale disant le compte de fonds intact demandé le remplacement envoyé dit appeler le bureau du chômage demander de l'aide presque impossible obtenir le bureau du chômage d'Oklahoma jour fatigué jour aujourd'hui résultat voir mastercard désamorcé envoyer remplacement même identité vérifiée peut nommer ok numéro de demande de chômage essayer de résoudre le problème se faire expulser de la maison perdre la voiture merci",probleme_transport,moyenne
"montrant une mauvaise adresse, nous avons bien supprimé une violation ftc survenue tx tx tx tx",probleme_transport,moyenne
transunion signalant sciemment de fausses informations la transunion a échoué à adhérer à la fcra signalant une mauvaise adresse rapport de crédit département u éducation envoyé lettre certifiée adresse indiquée rapport retourné expéditeur fournisseur de données clairement visiblement fourni adresse conduite litige informations inexactes pourtant la transunion continue de vérifier l'adresse postale non distribuable,probleme_transport,moyenne
signaler une mauvaise adresse de transmission,probleme_transport,moyenne
"tentative de levage du gel de sécurité Equifax pourrait changer d'opérateur cellulaire système automatisé déclaré gel levé essayer d'exécuter vérifier le rapport Equifax est toujours revenu gelé sur une période de trois heures parlé à trois agents aucun capable de résoudre le problème demandé superviseur transféré déconnecté le matin essayé d'aller l'agent Equifax incapable de résoudre le problème indiqué par le superviseur de la manière disponible contacter le superviseur commencerait tout le processus obtenir un système automatisé l'agent prend une minute pour que l'agent vérifie si le superviseur a essayé de vérifier le rapport de crédit le matin montre toujours la vérification gelée via un site externe l'état Equifax a été gelé en interne, cependant la requête faite par l'entreprise externe est toujours gelée près d'une heure depuis le début du processus Equifax fourni résolution moyenne placée geler le lieu à l'origine de la violation d'Equifax, je veux simplement une libération courte durée, voire un point permanent",probleme_transport,moyenne
signaler une mauvaise adresse,probleme_transport,moyenne
plainte déposée obtenir une réponse problème cfp résolu transunion rapport continu mauvaise adresse e iledge dette lettre envoyée adresse donnée lettre de l'agence de crédit retournée adresse non livrée exister demandé agent de crédit supprimer rapport d'informations inexactes,probleme_transport,moyenne
rapport de crédit défilant remarqué l'entreprise a placé un faux compte de recouvrement rapport de crédit provoquant une certaine chose approuvée facture de crise provenant de la facture médicale compagnie d'assurance maladie déjà payée dr preuve également dr cabinet de bureau affaires plus en raison d'un arrêt dans tout l'État déjà payé via la compagnie d'assurance,probleme_transport,critique
la banque clé a envoyé une erreur d'adresse de carte erronée pourrait obtenir une carte postale causée par une semaine de chômage brutale,probleme_transport,moyenne
lundi reçu e-mail sollicitation achat plus récent carte de crédit Apple recevoir une carte-cadeau restriction notée appelé service client Apple clarifier le terme voir la carte-cadeau pourrait appliquer le prix d'achat informé serait admissible pourrait appliquer la carte-cadeau sélectionnée plan pymt mis en ligne représentant conseillé téléphone commandé utilisé crédit apple mo pymt terme processus de sélection des pièces choisir le type de transporteur avis de téléphone déverrouillé sélectionné résultat de la réception de la promo dit de recevoir la carte-cadeau promotionnelle ramassage par e-mail téléphone choisi magasin demandé représentant carte-cadeau du magasin jeudi appelé suivre la carte-cadeau dit aujourd'hui promotion téléphone de l'opérateur sélectionné téléphone déverrouillé annoncé de manière trompeuse clairement indiqué parlait plusieurs représentants le magasin indique que cela entraînerait une promotion,probleme_transport,moyenne
"client environ dix ans déménagement tx tx a décidé d'acheter tablette petit-fils année temps acheté tablette situé tx passé kiosque petit-fils a vu tablette demandé jeune vendeur a aidé à acheter kiosque régler le temps payé autour de la tablette reçue facture incluse paramètre de charge activation du numéro de téléphone portable reconnaître parlant service client dit charge numéro de cellule attribué tablette dit l'intention d'achat deuxième numéro de cellule représentant dit retourner kiosque dire corriger erreur vendeur gestionnaire appelé nom présence représentant a parlé dit annulerait le numéro de cellule attribué table correcte facturation à plusieurs reprises refusé correct comprimé numéro de cellule charge d'activation les deux mois suivants jamais utilisé depuis savoir existe enfin, depuis l'expiration de l'accord, l'opérateur a changé toujours en contestation des frais d'activation du nouveau numéro de portable impossible à résoudre le problème profiter du transfert de compte crédit découvert compte de recouvrement signalé trois grandes sociétés de bureau de crédit ont également signalé une facture impayée facturée contactée un bureau de crédit contesté",probleme_transport,moyenne
nom mal orthographié experian ca obtenir l'adresse correcte informations sur l'emploi adresse signalée tx tx adresse tx correcte mauvaise adresse tx tx mauvaise orthographe du nom,probleme_transport,moyenne
tirer le rapport experian la semaine est venu acroos beaucoup de manquer rapport de chose leader essayé temps différend de temps courrier experian courrier cerfield résultat des différends en ligne verfield experian savoir droit obtenir un fait nom mauvais rapport de crédit rapport d'adresse erronée ne jamais rester en direct va reporting rapport de crédit raison adresse va comptes c'est rapport fruad compte fraude compte vu supprimer compte contrôle de crédit supprimer reste u supprimer compte u supprimé demandes approuver rapport de crédit c'est fruad,probleme_transport,moyenne
approuvé carte de crédit comenity llc appliqué canapé achat retard réception canapé chargé achat promotionnel facturé crédité en raison de l'expédition problème donc solde significativement plan promotionnel achat minimum premier paiement dû payé est allé faire le deuxième paiement remarqué ensemble plan promotionnel appelé représentant enregistré litige appelé aujourd'hui chèque dit envoyé lettre aujourd'hui refus litige client jour faire changement plan promotionnel appât commutateur tactique soit commis une erreur intentionnellement mettre promo clairement effort partie augmenter revenus intérêts gains appliqués carte achetée canapé offre promotionnelle être appliqué achat applicable en attente lettre déclin inclus avantage détail fourni approuvé capture d'écran capture d'écran historique des transactions capture d'écran plan promotionnel montrant le solde actuel du compte,probleme_transport,moyenne
récemment changé d'opérateur de téléphone portable numéro de téléphone portable essayé quatre fois soumettre des informations photo d'identité société de carte de crédit temps semble avoir du mal à obtenir des informations deux semaines en essayant sans succès d'obtenir des informations mises à jour à chaque occasion j'ai contacté la société de carte de crédit capital un ils ont des informations d'excuse mises à jour solution proposée capital un refusant l'accès aux informations de compte via un service en ligne je suis malentendant extrêmement difficile essayer quelque chose de téléphone portable régulier depuis que j'ai entendu plusieurs demandes j'ai choisi d'annuler la carte de crédit problème sans escale frustration continue j'essaie de communiquer avec l'entreprise,probleme_transport,moyenne
signaler une mauvaise adresse,probleme_transport,moyenne
"voir la mauvaise adresse de la carte, veuillez ne pas envoyer le nom de la carte, le portefeuille a perdu son identifiant",probleme_transport,moyenne
étant donné la vérification des antécédents futur employeur passé chercher l'adresse jamais postulé vécu connu même connu la zone état adresse de l'appartement lotissement information incorrecte blessé chance emploi également deuxième mode de vie besoin de changement d'adresse donnée première erreur adresse tx numéro d'appartement deuxième mauvaise adresse va partie zone va médical établissement médical résidence vraiment un peu bizarre une vie adresse d'établissement médical un wa n'a jamais vécu va établissement jamais oui vétéran n'a jamais vécu adresse,probleme_transport,critique
mauvais numéro de sécurité sociale mauvaise adresse mauvais numéro de téléphone autre nom nom de la demande,probleme_transport,moyenne
mauvaise adresse informations erronées montrant le rapport de crédit,probleme_transport,moyenne
prendre le temps de soumettre une plainte membre croyant collection postée violation droit juste pratique de recouvrement de créances problème collection signalé bureau de crédit accident de voiture dos alors que l'assurance écart couverture perte couverte véhicule couverture partie couverture un autre problème de transporteur véhicule vieilli valeur très faible dû type d'assurance interne scénario également rapporté dépôt trimestriel sécurité échange commission collection appelé rentabilité essence pénurie déjà couvert processus de reporting interne solde de la dette sécurisé supprimé complètement rapport de crédit mis à jour payé statut complet doit être supprimé définitivement en utilisant le système comptable blesser le consommateur croit que le bureau de protection financière des consommateurs a jamais obtenu un audit interne trouver une partie back-end profit simplement intitulé rapport de crédit retenu en otage profit mineur peut sembler à petite échelle riche géant de l'entreprise comme croire que les rapports négatifs ont gravement blessé l'équilibre financier doit immédiatement courtoisie professionnelle xxxxxxxx compte entier supprimé rapport de crédit syndicat trans collectivement al,probleme_transport,critique
"réponse reçue voir réponse cfpb ci-jointe nouveau rez llc détaillant le décaissement de clôture de l'hypothèque sensiblement, mais le fait nouveau rez inclut intentionnellement la divulgation de clôture de page cd montrer le coût inclus coût décaissement effectué assurance fiscale séquestre également payé le temps de clôture le prêteur payer l'assurance impôt actuel dû également séquestre dispersé assurance fiscale future également déduit le produit du prêt séquestre fiscal représenté valeur du mois séquestre d'assurance représenté valeur du mois paiement futur inclus page cd confirmation voir document de clôture joint fait puisque le premier paiement dû effectué chaque paiement mensuel comprend l'hypothèque assurance taxe séquestre requise cd fait donné impossible nouveau rez jamais réclamé derrière le paiement séquestre deuxièmement déclaré plainte antérieure projection augmentation de la taxe ville réévaluer augmenter la taxe lors du changement utilisation amélioration confirmée ville inviter n'importe qui lire s'il vous plaît appeler la ville vérifier également noté nouveau rez a également effectué un paiement mauvaise ville également récupéré en ignorant le fait nouveau rez augmentation de la taxe sans autorité justification appropriée",probleme_transport,moyenne
chèque de règlement envoyé par la poste ancienne adresse société traitant le remboursement d'Equifax cependant déménagé maison sœur une vivant régulièrement depuis que la sœur a visité le lieu il y a quelques semaines trouvé lettre règlement d'Equifax envoyée lettre ouverte chèque de scie plus valide depuis écrit appelé numéro indiqué demande de chèque chèque de remplacement envoyé nouvelle adresse dit plus longtemps possible depuis la réémission autorisée chèque le chèque du mois posté pense injuste réaliser un chèque d'un million de dollars beaucoup de gens aiment le chèque de règlement envoyé par la poste à une mauvaise adresse quelqu'un compte bancaire un peu plus gros surveillance,probleme_transport,moyenne
lettre envoyée à maman adresse adresse jefferson capital service llc indiquant devoir idée dette montant à venir tentative d'appel société jefferson capital service a déclaré le collecteur de dettes a demandé vérifier l'adresse cependant depuis la lettre envoyée mauvaise adresse confiance bonne personne a demandé vérifier la dette copie originale du contrat déclaré besoin de vérifier le compte refuser la libération des informations personnelles le créancier valider la dette créancier jefferson capital apparaît violation du rapport de crédit,probleme_transport,moyenne
solde hypothécaire payé complet via refinancement un autre prêteur a reçu un remboursement solde séquestre parlé au service client cit plusieurs fois depuis le premier e-mail ignoré envoyé via le portail appelé chèque envoyé mauvaise adresse rue mauvais numéro de maison savoir a une adresse incorrecte la personne a dit rappeler la semaine suivante confirmer le chèque envoyé appelé a parlé dit chèque émis jour de réception toujours reçu jour du chèque depuis la fermeture du compte,probleme_transport,moyenne
continuer à appeler le compte de violation ftc arrêter d'appeler supprimer la mauvaise adresse ftc créé tx violations ftc également,probleme_transport,moyenne
voir le détail de la plainte précédente date capital un compte montrer le chèque proche montant envoyé solde précédent capital un divers transaction de retrait sans détail problème vérifier le montant total solde demande détaillée comptabilité fonds arbitrairement retiré solde heureux montrer la documentation prouvant la source dépôt origination source de financement en outre incapable d'atteindre quelqu'un capital one aider mise à jour de l'adresse postale fermer le chèque continuellement transmis fraude département messagerie vocale laissé de nombreux messages l'année dernière concerné fermer chèque br perdu mauvaise adresse demande de mise à jour des informations immédiatement déclaration de demande détaillant l'enquête fonds retiré capital un solde sans connaissance autorisation divers montant allant taille fréquence initié capital un capital un incapable de fournir des preuves juridiques fonds retiré sans autorisation demande incluse fermer le solde du chèque contacté l'avocat à ce sujet préférerait déposer un litige civil au tribunal dommages merci s'il vous plaît quelqu'un corrigez le département contact dir,probleme_transport,critique
adresse correcte supprimée violation fcra veuillez voir le document joint violation fcra correcte bonne adresse tx supprimer la mauvaise adresse payer par violation conformément à la loi fcra tx adresse correcte icône potentiellement négative statut potentiellement négatif compte chargé écrit type de compte en retard date du solde de la carte de crédit ouverte xxxx icône potentiellement négative statut potentiellement négatif compte chargé écrit type de compte en retard date du solde de la carte de crédit ouvert xxxx icône potentiellement négative statut potentiellement négatif compte chargé écrit type de compte en retard date du solde utilitaire ouvert xxxx,probleme_transport,moyenne
ligne téléphonique portée en début de ligne numéro de téléphone compte requis numéro autorisé porté requis obtenir la broche de libération contacter le représentant ordre téléphonique représentant parlant du port a demandé choisir le port si satisfait du service reçu expliqué le portage ligne téléphonique satisfait plan de données tablette le représentant a donné la broche requise ligne téléphonique portée charge continue service rendu ligne téléphonique numéro de téléphone attaché ligne terminée à la date comprise du port avis de collecte placement dans la période gouverneur état émis ordre de séjour à domicile limitant le droit de voyager au sein de l'état instruction ordre de congé spécifique raison obtention de médicaments sur ordonnance d'épicerie par conséquent impossible litige avis de collecte présumé écrire un courrier en dehors de la capacité du cfpb exercer le droit d'avis opportunité entendu accordé droit partiel procédure régulière initialement obtenu adresse de service adresse postale indiquée massachusetts contesté autour du cfpb meilleure capacité en utilisant le portail Web identifiant de plainte correspondant conforme correspondant ou,probleme_transport,critique
hypothèque heloc terminée troisième association de prêt d'épargne fédérale paiement du prêt de Cleveland a commencé troisième fédéral reçu paiement prévu paiement principal solde au lieu d'appliquer le paiement troisième fédéral modifié description paiement intérêts conservés montant payé en trop fréquemment tout au long du prêt double paiement effectué par mois troisième fédéral a échoué appliquer le paiement reçu à la place paiement retenu date de paiement prêt appliqué phase d'emprunt prêt est allé phase de remboursement troisième fédéral sans préavis montant augmenté paiement requis par mois par mois le prêteur a contacté le service de recouvrement des appels a également parlé service client trouver arriver avis trouvé envoyé mauvaise adresse appel passé service client expliquant le paiement pourrait faire montant le paiement pourrait modifié par mois réponse reçue troisième fédéral à la place la procédure de forclusion a commencé troisième modification fédérale réponse demandée troisième fédéral troisième fédéral retour paiement effectué rapport de prêt paiement auprès du bureau de crédit effectué,probleme_transport,moyenne
adresse tx information article mis à jour affiché afficher vue détaillée rapport vue pointage de crédit mis à jour mauvaise adresse banque carte de crédit date de retrait date de retrait prêt personnel entreprise date de retrait date d'achat finance général enquête date de retrait location location revendeur date de retrait date de retrait banque carte de crédit date de retrait mine demande compte original créancier société vendu type de compte date de versement ouvert statut de compte ouvert statut de paiement ouvert statut de jour passé dû solde mis à jour solde mis à jour solde d'origine paiement mensuel mien alll mien,probleme_transport,moyenne
Comenity Bank Victoria Secret vendu dette apparente société négligé envoyer la facture adresse correcte cycle de facturation reçu courrier retourné jamais notifié compte d'achat envoyer la facture adresse correcte achat effectué facture à temps systématiquement envoyée mauvaise adresse contacté Comenity Bank informer ne jamais acheter victoria secret aurait dépensé le montant demandé ne pourrait pas informer le compte date d'achat achat ne pourrait pas fournir d'informations vendu collecteur de dettes aimerait litige charge peut fraude,probleme_transport,moyenne
avocat bénéficiaire de l'indemnisation des accidents du travail trois factures médicales impayées couvertes transporteur d'indemnisation des accidents du travail le client a essayé à plusieurs reprises d'obtenir des informations sur la rédaction de la dette l'entreprise a refusé d'envoyer des informations le client aurait dû trois factures médicales contacté le client a bien été contacté à plusieurs reprises,probleme_transport,critique
envoyé un rapport similaire ne pas alarmer la documentation mise à jour société impliquée dernier litige soumis équifax encore recevoir le dernier litige croire en raison d'une mauvaise adresse nom du créancier date type d'enquête ordre professionnel haut en bas divers département variété magasin banque banque carte de crédit banque carte de crédit bureau de crédit réclamation déclarée agence d'évaluation du crédit cras doit par la présente être connu aller de l'avant bureau personnellement contacté créancier bureau de crédit réclamation contestée seul conformément à l'entente suivie loi sur les rapports de crédit équitables victime fcra cas élevé fraude commencé à étudier naviguer nouvelle réalité recherche sur le crédit connaissance appropriée découverte rapidement gentil obscurité se produit tout au long de l'année conscience consentement temps mis éducation travail décidé temps passer un appel prendre le contrôle désordre dégoûtant lisse écriture ouverte introduction cfpb beaucoup de lettre impitoyable en attente du créancier du bureau impliqué un bureau revendiqué supprimé enquête difficile non autorisée historique demande due déclaration de placement plusieurs rapports frauduleux show cas,probleme_transport,critique
prêt payé plusieurs appels téléphoniques capable de recevoir le registre des titres société de financement automobile a déclaré le titre envoyé une mauvaise adresse enverrait un papier notifié une adresse correcte pourrait déposer un titre perdu fait l'heure de l'appel la dernière fois étant donné le sens de la personne ligne d'aide heure dit document envoyé reçu,probleme_transport,moyenne
tentative d'achat carte de débit bancaire citi couverture de compte de fonds suffisant transaction transaction refusée raison claire appelée banque citi fourni nom complet numéro de compte bancaire numéro de carte de débit numéro de sécurité sociale montant exact de l'achat informations sur le vendeur a participé deux vérifications de téléphone distinctes frais de port de téléphone frais de téléphone heure de téléphone plusieurs employé de citi a dit problème résolu finalement bloqué superviseur malgré le fait point augmenter la voix utiliser un langage grossier but entier appeler déterminer autorisé accès fonds via carte de débit pourrait résoudre le problème refusé donner réponse dit regarderait le détail du problème trouvé dédaigneux inutile problème bancaire imprévu faute coût perdre incapable de terminer la transaction fête du travail vente,probleme_transport,moyenne
champion hypothèque répertorié hypothèque prédatrice mot véritable impôt foncier envoyé mauvaise adresse vivant fiducie vivante avocat donc recevoir l'impôt foncier champion hypothèque contacté fille menace de forclusion appelé fait arrangement paiement effectué enregistrement de paiement reçu paiement harcèlement menace fille depuis permet impôt payé trois paiement champion arriver propriété de location bien mal rectifié,probleme_transport,moyenne
"j'ai essayé d'écrire une mauvaise adresse, un alias, un rapport supprimé",probleme_transport,moyenne
"voir la mauvaise adresse de la carte, veuillez ne pas envoyer le nom de la carte, le portefeuille a perdu son identifiant",probleme_transport,moyenne
uber visa barclaysus carte utilisée commande de carte commande uber mange arriver commande remboursée par l'équipe uber mange cependant toujours voir la charge carte de crédit soulevée litige en ligne obtenu courrier disant manquant certaines informations en raison litige rejeté parlé service client demandé envoyer litige courrier physique écrit vraiment mauvais comportement contraire à l'éthique équipe clairement tout rend le client difficile récupérer remboursement valide date de la commande date de la transaction montant,probleme_transport,moyenne
"ami découvert obtenir illégalement un appareil de spécification utiliser un appareil téléphonique xxxxt personne autorisée à obtenir un crédit signer frauduleusement un prêt étudiant blanchir de l'argent compte bancaire école fréquentée, y compris un prêt utilisé, achat d'une personne, y compris l'achat d'un voyage d'enfant, vacances, divorce, avocat malgré de nombreuses preuves embaucher, pouvoir obtenir de l'aide à l'extérieur, parler au téléphone, institution bancaire, renvoyer un e-mail, un rapport de police obtenu, une offre, des informations à l'extérieur, vol d'identité, également le service des fraudes, rappelant, bien que mai, en raison de covid, mais assis, prêt étudiant absorbé, ex-ami k, dette étudiante frauduleuse, résoudre la vue, obtention de fonds, comprendre, ex-ami influent, capable de mettre un téléphone portable, plan d'entreprise illégalement, cependant, être responsable, courir en ville, prêt d'école de jour obtenu frauduleusement s'est produit prêt de début d'année fréquenté par l'université presque au maximum également conscient nom adresse modifiée frauduleusement sur le compte adresse découverte nc répertorié frauduleusement rapport de crédit photo en pièce jointe d'une preuve appelée manière serait ab",probleme_transport,elevee
ftc violation mine meilleures connaissances date de suppression date d'enquête type d'entreprise vente société de financement informations de contact fl bymailonly date d'enquête date de suppression type d'entreprise amélioration de l'habitat informations de contact ga date d'enquête date de suppression type d'entreprise société de financement automatique informations de contact oh date d'enquête date de suppression type d'entreprise banque informations de contact non spécifiques date d'enquête tx date de suppression type d'entreprise société de financement automatique informations de contact tx date d'enquête date de suppression date d'entreprise société de financement informations de contact non spécifiques xxxxy tx enquête compte original créancier société vendu type de compte date de collection ouvert compte statut compte d'origine société créancière vendu type de compte collection date d'ouverture du compte statut paiement statut sérieusement en retard date d'échéance mandataire attribué agence de recouvrement concédant de crédit apos statut du service de recouvrement interne solde mis à jour solde original mis à jour paiement mensuel montant en souffrance solde le plus élevé terme mois responsabilité,probleme_transport,moyenne
xxxxxxx élément d'information du compte mis à jour veuillez consulter le rapport en détail afficher la vue détaillée du rapport voir le pointage de crédit mis à jour l'élément d'information du compte mis à jour veuillez consulter le rapport en détail afficher la vue détaillée du rapport voir le pointage de crédit mis à jour l'élément d'information du compte mis à jour veuillez consulter le rapport en détail afficher la vue détaillée du rapport voir le pointage de crédit mis à jour l'élément d'information du compte mis à jour veuillez consulter le rapport détaillé afficher la vue détaillée du rapport voir le pointage de crédit mis à jour les informations du compte contestées mises à jour veuillez consulter le rapport détaillé afficher la vue détaillée du rapport voir le pointage de crédit mis à jour l'information du compte mise à jour l'élément d'information mis à jour veuillez consulter le rapport détaillé afficher la vue détaillée le rapport voir le pointage de crédit mis à jour mis à jour l'information du compte mis à jour l'élément d'information mis à jour veuillez consulter le rapport détaillé afficher la vue détaillée vue du rapport pointage de crédit mis à jour pointage de crédit mis à jour élément d'information du compte mis à jour mis à jour veuillez consulter les détails du rapport afficher la vue détaillée vue du rapport pointage de crédit mis à jour élément d'information du compte mis à jour pl mis à jour,probleme_transport,moyenne
compte facturé écrit en souffrance dossier public tx mine ftc violation fcra tx famille unique mauvaise adresse veuillez supprimer corriger ajouter les quatre derniers zip merci,probleme_transport,moyenne
a répondu à la porte servie par deux agences de recouvrement de créances distinctes alarme express mettre individuel xxxxxxxx formulaire xxxxxxxx prendre xxxxxxxx temps serveur pratique distance sociale masqué porter gant mettre un risque énorme au milieu de la pandémie de virus corona stand moment pourrait dire au transporteur attendre espoir profiter d'une pandémie mondiale choquant de mauvais goût subi même rappeler la recherche de dette validité risque les gens ont pris la vie hautement inacceptable pratiqué sans équipement de protection approprié capacité autorisée renvoyé à la maison car en raison d'un risque élevé résultat contrat coronavirus,probleme_transport,elevee
essayer d'obtenir une adresse incorrecte appartenir supprimé rapport de crédit envoyé lettre tous les mois transunion reçu courrier de retour mouvement veuillez supprimer la mauvaise adresse preuve adresse résidentielle ci-jointe transunion nc sc nc sc nc nc,probleme_transport,moyenne
litige déposé concernant un article incorrect rapport de crédit et résultat de l'enquête reçu le jour même,erreur_picking,moyenne
litige déposé concernant un article incorrect rapport de crédit et résultat de l'enquête reçu le jour même,erreur_picking,moyenne
"litige déposé concernant un article incorrect, rapport de crédit, le jour même, je n'ai pas reçu le résultat de l'enquête",erreur_picking,moyenne
litige déposé concernant un article incorrect rapport de crédit et résultat de l'enquête reçu le jour même,erreur_picking,moyenne
attention relation consommateur copie récemment obtenue service de rapport de crédit trouvé article suivant erreur fournie documentation preuve élément question inexacte besoin supprimé rapport de crédit article litige mien plaidoyer e supprimer compte article litige solde du compte mauvais article litige mien s'il vous plaît supprimer le compte société jamais envoyé notification dette par section acte de rapport de crédit équitable demandant l'article indiqué supprimer rapidement l'article valide inexact informations obsolètes rapport de crédit ajout demande description enquête menée le long du nom adresse numéro de téléphone toute personne contactée informations s'il vous plaît envoyer une copie mise à jour du rapport notification article supprimé considérer jour délai raisonnable valider l'article merci attention rapide question,erreur_picking,moyenne
J'ai déposé un litige concernant un rapport de crédit d'article incorrect et je n'ai pas reçu le résultat de l'enquête.,erreur_picking,moyenne
litige déposé concernant un article incorrect rapport de crédit et résultat de l'enquête reçu le jour même,erreur_picking,moyenne
litige déposé concernant un article incorrect rapport de crédit et résultat de l'enquête reçu le jour même,erreur_picking,moyenne
litige déposé concernant un article incorrect rapport de crédit et résultat de l'enquête reçu le jour même,erreur_picking,moyenne
prêt hypothécaire à la maison Suntrust payé solde déclaré compte séquestre environ serait retourné u semaine fait plusieurs appels téléphoniques département hypothécaire a reçu une histoire différente presque chaque appel raconté remboursement chèque coupé chèque de Virginie arrivé rappelé dit chèque coupé envoyé par la poste expliqué recevoir le jour du chèque pourrait rappeler commencer le processus reçu chèque de remplacement appelé service hypothécaire a insisté pour mettre le superviseur passé le service client hypothécaire gérerxxxx manière informée vitesse processus obtenir le remboursement pourrait éventuellement trouver un moyen de résolution d'escalade l'équipe a expliqué la situation ouverture du numéro de cas malgré les appels répétés l'équipe de résolution a reçu des informations qui ont mal tourné le processus pourrait recevoir de l'argent en mesure de vous aider à obtenir un remboursement en temps opportun mode,erreur_picking,moyenne
paypal gérer tout libérer des informations laisse paypal séparation deux appels téléphoniques retournés tout le monde inclinable informations acheté vélo mauvaise taille mauvaise couleur obtenu vélo personne je vais faire une erreur comme paypal politique de retour remboursement automatique étiquette de retour paypal donné marchand reconnu appelé connaître paypal marchand façon paypal problème sciemment numéro d'identification de commande soit nécessaire jour paypal venir règlement navire paquet bataille heure problème semaine considérer quelqu'un du temps s'il vous plaît encore banque refuser problème remboursement licenciement immédiat le personnel de la banque doit imminent appeler le département général centre de réclamation un parler représentant du centre de réclamation également retrait employé paypal considéré comme une blague embauché employé du lycée croire employé élevé école éducation aimerait un remboursement immédiat c'est une question de rire humiliation niveau bancaire niveau fédéral processus serveur retraité marché monétaire oui membre famille,erreur_picking,moyenne
litige déposé concernant un article incorrect rapport de crédit et résultat de l'enquête reçu le jour même,erreur_picking,moyenne
litige déposé concernant un article incorrect rapport de crédit et résultat de l'enquête reçu le jour même,erreur_picking,moyenne
litige déposé dirigé vers un rapport de crédit d'article incorrect et une période de jour résultat reçu,erreur_picking,moyenne
litige déposé concernant un rapport de crédit d'article incorrect et trente jours n'ont pas reçu le résultat de l'enquête,erreur_picking,moyenne
compte experian a échoué à valider l'article du compte article incorrect payé directement l'université payé directement l'université a signalé la collection d'articles faux demander une action en justice corrigée,erreur_picking,moyenne
"litige déposé concernant un article incorrect, rapport de crédit, le jour même, je n'ai pas reçu le résultat de l'enquête",erreur_picking,moyenne
litige déposé concernant un article incorrect rapport de crédit et résultat de l'enquête reçu le jour même,erreur_picking,moyenne
le mois dernier a rapporté cfpb experian a perdu un point de crédit en utilisant le crédit disponible experian a rendu le point a emporté une semaine payée chargé un rapport de crédit vérifié a vu experian a rapporté payé un pointage de crédit abandonné un point augmenté point payant chose chargée carte de crédit changement de mois mouvement le score du rapport de crédit est devenu moyen est allé bon crédit juste crédit experian année chaque fois que payer un prêt de carte de crédit diminuer le pointage de crédit même abaissé le point de score chose comme demander l'adresse correcte informations sur l'employeur arbitrairement plus faible score chose augmenter le score affecter le score plus litige article incorrect rapport de crédit fin dépenser mois cas année obtenir chose correcte exemple pris mois année complète nom correct adresse loi de l'employeur doit rapporter la chose avec précision but de la chose apporter une cote de crédit depuis l'année voir essayer dur continuer à améliorer la cote de crédit sujet prêt de carte de crédit à risque marqueur ca obtenir un prêt décent maison obtenir une carte de crédit due experian illégal rapport injuste score de crédit deux agence d'évaluation du crédit pénal,erreur_picking,moyenne
"litige déposé concernant un article incorrect, rapport de crédit, le jour même, je n'ai pas reçu le résultat de l'enquête",erreur_picking,moyenne
litige déposé concernant un article incorrect rapport de crédit et résultat de l'enquête reçu le jour même,erreur_picking,moyenne
litige déposé concernant un article incorrect rapport de crédit et résultat de l'enquête reçu le jour même,erreur_picking,moyenne
litige déposé concernant un article incorrect rapport de crédit et résultat de l'enquête reçu le jour même,erreur_picking,moyenne
litige déposé également fourni une pièce justificative concernant un article incorrect rapport de crédit le jour même reçu le résultat de l'enquête,erreur_picking,moyenne
déposer un litige concernant un article incorrect rapport de crédit bien jour également au courant du bureau de crédit jour supplémentaire également passé épuisé reçu résultat de l'enquête,erreur_picking,moyenne
"malgré plusieurs demandes écrites précédentes, l'article incorrect répertorié reste toujours une violation du rapport de crédit la loi fédérale a échoué à se conformer à la loi sur les rapports de crédit aérien section USC dans le délai fixé par la loi a continué à déclarer des informations erronées non vérifiées tentative donnée adresse directement négligence intentionnelle du créancier loi fédérale",erreur_picking,moyenne
litige déposé concernant un article incorrect rapport de crédit jour de réception du résultat de l'enquête,erreur_picking,moyenne
fait litige bureau de crédit concernant compte inexact bureau de crédit envoyé lettre indiquant compte contesté cependant rapport de compte correctement je suis confus vérifié incorrect envoyé lettre bureau demandant document contenu enquête basé sur fcra aujourd'hui reçu rapport d'information article incorrect reste toujours bureau suivant le protocole de conformité du métro,erreur_picking,moyenne
J'ai déposé un litige concernant un rapport de crédit d'article incorrect et je n'ai pas reçu le résultat de l'enquête.,erreur_picking,moyenne
litige déposé concernant un article incorrect rapport de crédit bien jour également au courant du bureau de crédit étant donné un jour supplémentaire dû réponse délai d'enquête également collé résultat de l'enquête reçu,erreur_picking,moyenne
dépôt d'un litige concernant un article incorrect rapport de crédit compte ouvert nom résultat vol d'identité rapport déposé article d'enquête ftc résultat réputé vol d'identité depuis la suppression du rapport de crédit solde du compte,erreur_picking,moyenne
"litige déposé concernant un article incorrect, informations sur le rapport de crédit, rapport inexact",erreur_picking,moyenne
dernier achat d'ordinateur portable lot cadeau a été facturé chaîne de film appelé en utilisant contact u bas première page appelé a donné le numéro de téléphone relevé bancaire a montré le coût total facturé argent compte courant parlé dame a été facturé presque la valeur chaîne vidéo frais supplémentaires annulé plusieurs fois a dit n'a pas utilisé quoi que ce soit chargé a reçu le téléphone a dit le remboursement aller directement en arrière du compte le jour ouvrable reçu l'e-mail est allé la banque a montré le remboursement numérique électronique un autour du remboursement fin du mois décidé sans contacter chargé en prenant le compte courant appelé ti demandé s'est produit dit aurait dû rembourser l'ordinateur portable électrique dit n'était pas la déclaration l'ordinateur a dit que c'est bien connu jour de remboursement revenir a pris le compte d'argent parce que découvert cause n'a pas assez d'argent compte appelé plaint dit arrivé mettre de l'argent compte obtenu déclaration les deux prochaines semaines a pris l'article remboursé oui je ne sais pas appelé dit dit que ce n'était pas un compte d'argent c'est la charge a été dit ok tout trouver bien dit oui l'article payé a bien commencé à recevoir une lettre disant que le sapin payé les articles continuaient à venir charge s,erreur_picking,moyenne
"litige déposé concernant un article incorrect, rapport de crédit, le jour même, je n'ai pas reçu le résultat de l'enquête",erreur_picking,moyenne
litige déposé concernant un article incorrect rapport de crédit et résultat de l'enquête reçu le jour même,erreur_picking,moyenne
déposé plusieurs litiges concernant un article incorrect rapport de crédit le jour même reçu lettre de réponse à l'enquête envoyée au bureau de crédit,erreur_picking,moyenne
litige déposé concernant un article incorrect rapport de crédit bien jour également au courant du bureau de crédit étant donné un jour supplémentaire dû réponse délai d'enquête également collé résultat de l'enquête reçu,erreur_picking,moyenne
litige déposé concernant un article incorrect rapport de crédit et résultat de l'enquête reçu le jour même,erreur_picking,moyenne
deux transactions non autorisées ont eu lieu banque amérique edd carte de débit première transaction montrer prochaine transaction voleur volé compte banque amérique atm contacté réclamation déposée boa reçu lettre réclamation fermée émis nouvelle carte mais compte gelé carte émise travail bien appelé boa régulièrement mois reçu différent transféré différent département représentant boa boa a dit à edd compte gelé tout fait fin en attente réponse edd cependant contacté edd dit compte bien ouvert besoin de contacter boa demandé représentant boa script littéral dire aider à résoudre le problème dit dire s'il vous plaît envoyer confirmation compte boa en règle Le représentant de l'EDD a répondu avoir besoin de contacter en revenant edd boa disant problème de l'entreprise dire la situation d'aide vouloir que quelqu'un aide à rembourser le dégel du compte boa peut recevoir un fonds edd en raison d'une pandémie travail capable financièrement dépendant de l'argent fourni problème edd ressource vraiment tendue santé mentale,erreur_picking,moyenne
"litige déposé concernant un article incorrect, rapport de crédit, le jour même, je n'ai pas reçu le résultat de l'enquête",erreur_picking,moyenne
"litige déposé concernant un article incorrect, rapport de crédit, le jour même, je n'ai pas reçu le résultat de l'enquête",erreur_picking,moyenne
litige déposé concernant un article incorrect rapport de crédit et résultat de l'enquête reçu le jour même,erreur_picking,moyenne
litige déposé concernant un article incorrect rapport de crédit bien reçu le jour du résultat de l'enquête carvant financier llc créancier d'origine,erreur_picking,moyenne
litige déposé concernant un article incorrect rapport de crédit et résultat de l'enquête reçu le jour même,erreur_picking,moyenne
"litige déposé concernant un article incorrect, rapport de crédit, le jour même, je n'ai pas reçu le résultat de l'enquête",erreur_picking,moyenne
mise à jour des informations collection correctement payée le montant total comprend la preuve de reçu la société va en arrière a signalé des informations incorrectes rapport de crédit Equifax enquêtant sur le besoin d'une preuve d'enquête responsable les informations ont également été supprimées profil de crédit de l'objet mis à jour suppression du rapport de crédit d'article incorrect négatif,erreur_picking,moyenne
litige déposé concernant un article incorrect rapport de crédit et résultat de l'enquête reçu le jour même,erreur_picking,moyenne
litige déposé concernant un article incorrect rapport de crédit et résultat de l'enquête reçu le jour même,erreur_picking,moyenne
litige déposé concernant un article incorrect rapport de crédit bien jour également au courant du bureau de crédit étant donné un jour supplémentaire dû réponse délai d'enquête également collé résultat de l'enquête reçu,erreur_picking,moyenne
déposer un litige concernant un article incorrect rapport de crédit bien jour également au courant du bureau de crédit jour supplémentaire également passé épuisé reçu résultat de l'enquête,erreur_picking,moyenne
"litige déposé concernant un article incorrect, rapport de crédit, le jour même, je n'ai pas reçu le résultat de l'enquête",erreur_picking,moyenne
litige déposé concernant un article incorrect rapport de crédit et résultat de l'enquête reçu le jour même,erreur_picking,moyenne
litige déposé concernant un article incorrect rapport de crédit et résultat de l'enquête reçu le jour même,erreur_picking,moyenne
"litige déposé concernant un article incorrect, rapport de crédit, jour de réception, résultat",erreur_picking,moyenne
déposer un litige concernant un article incorrect rapport de crédit bien jour également au courant du bureau de crédit jour supplémentaire également passé épuisé reçu résultat de l'enquête,erreur_picking,moyenne
litige déposé concernant un article incorrect rapport de crédit et résultat de l'enquête reçu le jour même,erreur_picking,moyenne
litige déposé concernant un article incorrect rapport de crédit et résultat de l'enquête reçu le jour même,erreur_picking,moyenne
mardi envoyé via uspscmr a contacté l'agence d'évaluation supprimer le rapport de données inexactes à la place l'agence d'évaluation du crédit prend l'article incorrect vérifier l'article sans procédure appropriée,erreur_picking,moyenne
litige déposé concernant un article incorrect rapport de crédit bien jour également au courant du bureau de crédit étant donné un jour supplémentaire dû réponse délai d'enquête également collé résultat de l'enquête reçu,erreur_picking,moyenne
"article trouvé incorrect, rapport d'enquête, l'enquête prend plus de temps",erreur_picking,moyenne
litige déposé concernant un article incorrect rapport de crédit et résultat de l'enquête reçu le jour même,erreur_picking,moyenne
"litige déposé concernant un article incorrect, rapport de crédit, le jour même, je n'ai pas reçu le résultat de l'enquête",erreur_picking,moyenne
a commencé à signaler une divergence en contestant un article incorrect rapport de crédit trois agences experian date résolution obtenue trois agences ont envoyé de nombreuses victimes qui croient à une discrimination fondée sur l'âge,erreur_picking,moyenne
litige déposé concernant un article incorrect rapport de crédit et résultat de l'enquête reçu le jour même,erreur_picking,moyenne
"article trouvé incorrect, rapport d'enquête, l'enquête prend plus de temps",erreur_picking,moyenne
"litige déposé concernant un article incorrect, rapport de crédit, jour de réception, résultat de l'enquête",erreur_picking,moyenne
plusieurs rapports d'articles incorrects dossier de crédit informations d'adresse incorrectes article suivant rapport d'erreur résultat vol d'identité bal ouvert tu bal ouvert xxxxxxxx bal ouvert,erreur_picking,moyenne
achat effectué paypal cependant envoyé un e-mail au marchand annuler la commande mais le commerçant a refusé d'annuler la commande expédié un mauvais article à la place donc soumis litige refusé donner l'opportunité de faire appel refus de documentation supplémentaire donc pris en charge transaction frauduleuse ajout du commerçant contacté le bureau de location a parlé colis confirmé livré cependant reçu un petit paquet deux masques à la place table de couture recherche plainte du commerçant problème concernant la fraude,erreur_picking,moyenne
"litige déposé concernant un article incorrect, rapport de crédit, le jour même, je n'ai pas reçu le résultat de l'enquête",erreur_picking,moyenne
merci de soumettre une plainte portail de plainte cfpb plainte indiquée inexacte article incorrect rapport de dossier de crédit veuillez informer l'enquête informations sur le fournisseur initiée par l'entreprise d'ameublement fournit un résultat envoyer le résultat espérer résoudre le problème une question supplémentaire peut appeler peut visiter myequifax créer un compte gérer le gel de sécurité ajouter supprimer une alerte de fraude initier un litige sur le dossier de crédit accéder en outre au rapport de crédit Equifax gratuit excuse donnée à plusieurs reprises preuve fournie une dette valide,erreur_picking,moyenne
litige déposé concernant un article incorrect rapport de crédit et résultat de l'enquête reçu le jour même,erreur_picking,moyenne
peut concerner le nom essayer rapport article inexact rapport de crédit année cependant le bureau de crédit essaie toujours d'éviter la responsabilité examen supprimer l'article incorrect demander autorisation ci-jointe preuve d'identité écrire une plainte une écriture s'il vous plaît respecter le temps se permettre d'accepter plus d'excuse travail bureau de crédit même réponse électronique connaître la tactique acceptable bureau de crédit remplir responsable même l'intention de voler de l'argent en ignorant la collection compte négatif jamais possédé connu selon l'acte de rapport de crédit équitable demande plainte examinée attentivement règlement délai jour emploi appartenir s'il vous plaît supprimer va va adresse appartenir preuve jointe adresse actuelle sélectionner la boîte signalée carte de crédit appartenir ne jamais signer de contrat signer la dette supprimer le compte déclaré le mien fournir un document complet doit supprimer le délai jour le compte rapporté le mien fournir le document complet doit supprimer la période de temps le jour signalé jamais l'entreprise d'obligation financière veuillez supprimer va signalé la preuve originale de la demande de contrat montrer le consentement signature de la personne reçu informa,erreur_picking,critique
litige déposé concernant un article incorrect rapport de crédit et résultat de l'enquête reçu le jour même,erreur_picking,moyenne
litige déposé concernant un article incorrect rapport de crédit le jour même reçu résultat de l'enquête effectué,erreur_picking,moyenne
non contesté trois articles incorrects rapport de crédit envoyé historique de paiement ordonnance du tribunal litige revenu correct même tout envoyé rapport d'exposition chèque incorrect compensé ordonnance du tribunal bancaire dire cacher la pension alimentaire pour enfants,erreur_picking,moyenne
litige déposé concernant un article incorrect rapport de crédit et résultat de l'enquête reçu le jour même,erreur_picking,moyenne
litige déposé concernant un article incorrect rapport de crédit et résultat de l'enquête reçu le jour même,erreur_picking,moyenne
litige déposé concernant un article incorrect rapport de crédit et résultat de l'enquête reçu le jour même,erreur_picking,moyenne
"litige déposé concernant un article incorrect, rapport de crédit, le jour même, je n'ai pas reçu le résultat de l'enquête",erreur_picking,moyenne
litige déposé concernant un article incorrect rapport de crédit et résultat de l'enquête reçu le jour même,erreur_picking,moyenne
"litige déposé concernant un article incorrect, rapport de crédit, le jour même, je n'ai pas reçu le résultat de l'enquête",erreur_picking,moyenne
"litige déposé concernant un article incorrect, rapport de crédit, jour de réception, résultat de l'enquête",erreur_picking,moyenne
litige déposé concernant un article incorrect rapport de crédit et résultat de l'enquête reçu le jour même,erreur_picking,moyenne
litige déposé concernant un article incorrect rapport de crédit et résultat de l'enquête reçu le jour même,erreur_picking,moyenne
contacté une agence d'évaluation du crédit article incorrect rapport rapporté l'agence de crédit informe le compte réel vérifier sans fournir de preuve est arrivé à la conclusion,erreur_picking,moyenne
"litige déposé concernant un article incorrect, rapport de crédit, le jour même, je n'ai pas reçu le résultat de l'enquête",erreur_picking,moyenne
litige déposé concernant un article incorrect rapport de crédit et résultat de l'enquête reçu le jour même,erreur_picking,moyenne
"litige déposé concernant un article incorrect, rapport de crédit, le jour même, résultat de l'enquête reçu",erreur_picking,moyenne
"litige déposé concernant un article incorrect, rapport de crédit, le jour même, je n'ai pas reçu le résultat de l'enquête",erreur_picking,moyenne
litige déposé concernant un article incorrect rapport de crédit et résultat de l'enquête reçu le jour même,erreur_picking,moyenne
litige déposé concernant un article incorrect rapport de crédit et résultat de l'enquête reçu le jour même,erreur_picking,moyenne
Equifax montant contesté indiqué rapport de crédit rapport de crédit en souffrance depuis un jour rapport sur l'objet base de facturation frauduleuse non autorisée litige en cours déposé une plainte Equifax concernant un article incorrect rapport de crédit demandant le statut changé jour en retard contesté correct croire requis statut cas fourni détail plainte en cours offert immédiatement fournir le document relatif à Equifax modifié entrée incorrecte rapport de crédit demandé documentation offerte réponse type plainte Equifax continue de porter de fausses charges rapport de crédit,erreur_picking,critique
besoin de crédit fichier mis à jour informations correctes problème fichier d'article incorrect adresse actuelle oh nom veuillez supprimer le nom de la variation dob s oh oh oh oh numéro de téléphone portable appartient au crédit veuillez supprimer,erreur_picking,moyenne
impossible d'accéder au compte Equifax litige article rapport de crédit journal recevoir un message disant s'il vous plaît le service client a passé une heure le numéro de téléphone du service client Equifax a fait une vérification approfondie a déclaré qu'il fonctionnerait par la suite e-mail disant résolu essayé journal a donné une erreur a répondu e-mail obtenir une réponse également appelé continuer à dire travail obtenu réponse écrite rappel téléphonique donne toujours un résultat d'erreur accès impossible portail de rapport de score Equifax incapable d'utiliser l'adresse du service de résolution des litiges en ligne rapport de crédit d'article incorrect,erreur_picking,moyenne
"litige déposé concernant un article incorrect, rapport de crédit, le jour même, je n'ai pas reçu le résultat de l'enquête",erreur_picking,moyenne
litige déposé concernant un article incorrect rapport de crédit et résultat de l'enquête reçu le jour même,erreur_picking,moyenne
déposer un litige concernant un article incorrect rapport de crédit bien jour également au courant du bureau de crédit jour supplémentaire également passé épuisé reçu résultat de l'enquête,erreur_picking,moyenne
ouvert via un site Web compte d'épargne offrant un bonus d'inscription suivi de l'invite d'ouverture du compte le jour de l'ouverture du compte utilisé fonction de chat en direct confirmer le compte entrée qualifiée dialogue banquier agréé confirmé recevrait un bonus appelé demander un membre de l'équipe minute confirmée ligne enregistrée litige soumis qualifié faire savoir recevrait la réponse le jour ouvrable voir la réponse au fonds discuté transcription du chat un autre banquier agréé examiné le cas assuré verrait la banque traitée dire le mauvais produit n'honorera pas le bonus promotionnel même si dit plusieurs fois rencontré l'activité de qualification s'il vous plaît aider à résoudre le journal de chat pris en compte ou les informations connectées bonjour la configuration nouveau compte à la recherche de déplacer le bonus de fonds déposé automatiquement également la configuration accélérer l'économie le montant maximum du compte accumule des intérêts bonjour laisser examiner le compte d'abord merci patience vérifier recevoir le bonus ok son bien aimerait dire besoin de déposer des fonds dans la journée date d'ouverture du compte besoin de maintenir les fonds jusqu'au jour maintenir le fonds obtenir un bonus,erreur_picking,moyenne
litige déposé concernant un article incorrect rapport de crédit et résultat de l'enquête reçu le jour même,erreur_picking,moyenne
litige déposé concernant un article incorrect rapport de crédit et résultat de l'enquête reçu le jour même,erreur_picking,moyenne
litige déposé concernant un article incorrect rapport de crédit et résultat de l'enquête reçu le jour même,erreur_picking,moyenne
J'ai déposé un litige concernant un rapport de crédit d'article incorrect et je n'ai pas reçu le résultat de l'enquête.,erreur_picking,moyenne
litige déposé concernant un article incorrect rapport de crédit et résultat de l'enquête reçu le jour même,erreur_picking,moyenne
plusieurs rapports d'articles incorrects dossier de crédit informations d'adresse incorrectes experian experian article suivant rapport d'erreur résultat vol d'identité bal ouvert experian bal ouvert experian bal ouvert experian,erreur_picking,moyenne
"litige déposé concernant un article incorrect, rapport de crédit, bien compris, le bureau de crédit a autorisé un jour supplémentaire d'enquête, mais a toujours reçu le résultat de l'enquête",erreur_picking,moyenne
J'ai déposé un litige concernant un rapport de crédit d'article incorrect et je n'ai pas reçu le résultat de l'enquête.,erreur_picking,moyenne
problème de reporting compte négatif deux fois deux ensembles de données différents problème article erroné date de paiement année de la dernière activité problème montrant la date du solde facturé dernière activité problème rapport experian date de charge payée note entièrement supprimé compte dérogatoire atteint année d'échéance,erreur_picking,moyenne
violation fcra désaccord total enquête réponse article incorrect répertorié toujours apparaître rapport de crédit même enquête aimerait article immédiatement bonne cause inexactitude cote de crédit très préjudiciable numéro de compte compte incorrectement déclaré numéro de compte rapport de crédit transunion match numéro de compte solde de compte rapporté rapport de crédit transunion inexact s'il vous plaît supprimer complètement le rapport de crédit de ligne commerciale inexact par droit section fcra jointe page de résultats d'enquête transunion numéro de fichier daté ligne commerciale d'état vérifié précis mis à jour impossible déclaré initial plainte du bureau de protection des consommateurs soumis solde du compte déclaré transunion inexact ajout lors de l'inspection découvert numéro de compte fourni compte de correspondance transunion numéro indiqué ci-joint dernier document de solde en outre conformément à la loi sur les rapports de crédit équitables titre de droit public section vi sous-section demande de fournir des informations de preuve réelles confirmation générée par ordinateur veuillez fournir le nom,erreur_picking,critique
litige déposé concernant un article incorrect rapport de crédit et résultat de l'enquête reçu le jour même,erreur_picking,moyenne
a d'abord écrit un litige déposé par LVNV Funding LLC datant d'environ récemment via courrier certifié USPS voir la pièce jointe concernant le rapport de crédit d'article incorrect jour jour n'a pas reçu le résultat de l'enquête,erreur_picking,moyenne
"litige déposé concernant un article incorrect, rapport de crédit, le jour même, je n'ai pas reçu le résultat de l'enquête",erreur_picking,moyenne
litige déposé concernant un article incorrect rapport de crédit jour de réception résultat de l'enquête,erreur_picking,moyenne
litige déposé concernant un article incorrect rapport de crédit bien jour également au courant du bureau de crédit étant donné un jour supplémentaire dû réponse délai d'enquête également collé résultat de l'enquête reçu,erreur_picking,moyenne
litige déposé concernant un article incorrect rapport de crédit et résultat de l'enquête reçu le jour même,erreur_picking,moyenne
litige déposé concernant un article incorrect rapport de crédit et résultat de l'enquête reçu le jour même,erreur_picking,moyenne
litige déposé concernant un article incorrect rapport de crédit et résultat de l'enquête reçu le jour même,erreur_picking,moyenne
litige déposé concernant un article incorrect rapport de crédit et résultat de l'enquête reçu le jour même,erreur_picking,moyenne
litige déposé concernant un article incorrect rapport de crédit et résultat de l'enquête reçu le jour même,erreur_picking,moyenne
litige déposé concernant un article incorrect rapport de crédit et résultat de l'enquête reçu le jour même,erreur_picking,moyenne
litige envoyé lettre écrite vol d'identité résolution atteinte j jamais contacté retour société de crédit jamais réparé article incorrect répertorié adresse du rapport de crédit dette commerciale mine crédit affecté,erreur_picking,moyenne
litige déposé concernant un article incorrect rapport de crédit et résultat de l'enquête reçu le jour même,erreur_picking,moyenne
"envoi de plusieurs demandes écrites, mais les articles incorrects répertoriés restent toujours violation du rapport de crédit la loi fédérale a échoué à se conformer à la loi sur les rapports de crédit équitables section USC dans le délai fixé par la loi déclaration continue d'informations erronées non vérifiées tentative donnée adresse directement négligence intentionnelle du créancier loi fédérale date du solde ouvert date du solde ouvert date du solde ouvert date du solde ouvert date du solde ouvert date du solde ouvert",erreur_picking,moyenne
"litige déposé concernant un article incorrect, rapport de crédit, le jour même, je n'ai pas reçu le résultat de l'enquête",erreur_picking,moyenne
litige déposé concernant un article incorrect rapport de crédit et résultat de l'enquête reçu le jour même,erreur_picking,moyenne
contester l'article incorrect experian continuer à dire l'article vérifié appeler le créancier demander directement une preuve de validation de la dette compte fournir n'importe quoi montrer un compte validé précis vérifiable par fcra atteint l'entreprise présumée soit un dossier d'information répondre lettre certifiée demander une preuve compte appartenir préoccupation experian valider la dette appel précis écrire une lettre de contestation informations fournies rapport de crédit obtenir une réponse cas du créancier experian a échoué en s'assurant que les informations mettent le rapport de crédit précis vérifiable dommageable rapport de crédit global futur créancier,erreur_picking,moyenne
déposé litige transunion concernant article incorrect rapport de crédit envoyé demande se conformer lettre réception mise à jour bien jour reçu résultat de l'enquête,erreur_picking,moyenne
litige déposé concernant un article incorrect rapport de crédit et résultat de l'enquête reçu le jour même,erreur_picking,moyenne
"J'ai rempli un litige concernant un article incorrect, le rapport de crédit n'a pas reçu le résultat de l'enquête.",erreur_picking,moyenne
litige déposé concernant un article incorrect rapport de crédit et résultat de l'enquête reçu le jour même,erreur_picking,moyenne
litige déposé concernant un article incorrect rapport de crédit et résultat de l'enquête reçu le jour même,erreur_picking,moyenne
"litige déposé concernant un article incorrect, rapport de crédit, le jour même, je n'ai pas reçu le résultat de l'enquête",erreur_picking,moyenne
litige déposé concernant un article incorrect rapport de crédit et résultat de l'enquête reçu le jour même,erreur_picking,moyenne
litige déposé concernant un article incorrect rapport de crédit et résultat de l'enquête reçu le jour même,erreur_picking,moyenne
"litige déposé rapport de crédit d'article incorrect, le jour même, je n'ai pas reçu le résultat de l'enquête",erreur_picking,moyenne
"litige déposé concernant un article incorrect, rapport de crédit, jour de réception, résultat",erreur_picking,moyenne
litige déposé concernant des éléments incorrects sur le rapport de crédit le jour même reçu le résultat de l'enquête suite à l'enquête rapport reconnu contesté date date date,erreur_picking,moyenne
litige déposé concernant un article incorrect rapport de crédit bien jour également au courant bureau de crédit donné un jour supplémentaire également épuisé reçu résultat de l'enquête,erreur_picking,moyenne
litige déposé concernant un article incorrect rapport de crédit jour de réception résultat de l'enquête,erreur_picking,moyenne
"litige déposé concernant un article incorrect, informations sur le rapport de crédit, rapport inexact",erreur_picking,moyenne
litige déposé concernant un article incorrect rapport de crédit et résultat de l'enquête reçu le jour même,erreur_picking,moyenne
litige déposé concernant un article incorrect rapport de crédit et résultat de l'enquête reçu le jour même,erreur_picking,moyenne
"litige déposé concernant un article incorrect, rapport de crédit, le jour même, je n'ai pas reçu le résultat de l'enquête",erreur_picking,moyenne
fait plusieurs tentatives résoudre l'article incorrect signalé transunion demandé fournir une preuve compte vérifié précis appartenir demandé méthode vérification utilisé plus fournir un contrat juridiquement contraignant porter la signature compte suivant dpt edxxxx,erreur_picking,moyenne
litige déposé concernant un article incorrect rapport de crédit et résultat de l'enquête reçu le jour même,erreur_picking,moyenne
transunion a déposé un litige concernant un article incorrect rapport de crédit le jour même reçu résultat de l'enquête prêt créancier initial créancier initial,erreur_picking,moyenne
litige déposé concernant un article incorrect rapport de crédit et résultat de l'enquête reçu le jour même,erreur_picking,moyenne
litige déposé concernant un article incorrect rapport de crédit et résultat de l'enquête reçu le jour même,erreur_picking,moyenne
litige déposé concernant un article incorrect rapport de crédit bien jour également au courant bureau de crédit donné un jour supplémentaire également épuisé reçu résultat de l'enquête,erreur_picking,moyenne
litige déposé concernant un rapport de crédit d'article incorrect et bien trente jours mais je reçois le résultat de l'enquête,erreur_picking,moyenne
besoin de crédit fichier mis à jour informations correctes problème fichier d'article incorrect adresse actuelle oh nom veuillez supprimer le nom de la variation dob s oh oh oh oh numéro de téléphone portable appartient au crédit veuillez supprimer,erreur_picking,moyenne
a fait plusieurs tentatives pour résoudre l'article incorrect signalé par Equifax demandé de fournir une preuve compte vérifié précis appartenir méthode demandée vérification utilisée ajout fournir un contrat juridiquement contraignant porter la signature du compte suivant,erreur_picking,moyenne
litige déposé concernant un article incorrect rapport de crédit et résultat de l'enquête reçu le jour même,erreur_picking,moyenne
"litige déposé concernant un article incorrect, rapport de crédit, jour de réception, résultat de l'enquête",erreur_picking,moyenne
litige déposé concernant un article incorrect rapport de crédit et résultat de l'enquête reçu le jour même,erreur_picking,moyenne
litige déposé concernant un article incorrect rapport de crédit et résultat de l'enquête reçu le jour même,erreur_picking,moyenne
litige déposé concernant un article incorrect rapport de crédit et résultat de l'enquête reçu le jour même,erreur_picking,moyenne
litige déposé concernant un article incorrect rapport de crédit et résultat de l'enquête reçu le jour même,erreur_picking,moyenne
a commencé à signaler une divergence en contestant un article incorrect rapport de crédit trois agences date de transunion résolution obtenue trois agences ont envoyé beaucoup de gens croient que l'âge de la victime est discriminatoire,erreur_picking,moyenne
litige déposé concernant un article incorrect rapport de crédit et résultat de l'enquête reçu le jour même,erreur_picking,moyenne
mise à jour des informations collection correctement payée le montant total comprend la preuve de reçu la société va en arrière a signalé des informations incorrectes rapport de crédit Equifax enquêtant sur le besoin d'une preuve d'enquête responsable les informations ont également été supprimées profil de crédit de l'objet mis à jour suppression du rapport de crédit d'article incorrect négatif,erreur_picking,moyenne
litige déposé concernant un rapport de crédit d'article incorrect et pourtant reçu le résultat de l'enquête,erreur_picking,moyenne
litige déposé concernant un article incorrect rapport de crédit bien jour également au courant du bureau de crédit étant donné un jour supplémentaire dû réponse délai d'enquête également collé résultat de l'enquête reçu,erreur_picking,moyenne
litige déposé concernant un article incorrect rapport de crédit jour de réception du résultat de l'enquête,erreur_picking,moyenne
"litige déposé concernant un article incorrect, rapport de crédit, vu le jour même, résultat de l'enquête",erreur_picking,moyenne
litige déposé concernant un article incorrect rapport de crédit et résultat de l'enquête reçu le jour même,erreur_picking,moyenne
litige déposé concernant un article incorrect rapport de crédit et résultat de l'enquête reçu le jour même,erreur_picking,moyenne
litige déposé concernant un rapport de crédit d'article incorrect et bien trente jours mais je reçois le résultat de l'enquête,erreur_picking,moyenne
"litige déposé concernant un article incorrect, rapport de crédit, le jour même, je n'ai pas reçu le résultat de l'enquête",erreur_picking,moyenne
litige déposé concernant un article incorrect rapport de crédit et résultat de l'enquête reçu le jour même,erreur_picking,moyenne
litige déposé concernant un article incorrect rapport de crédit bien jour également au courant du bureau de crédit étant donné un jour supplémentaire dû réponse délai d'enquête également collé résultat de l'enquête reçu,erreur_picking,moyenne
acheter une couverture complète également dac voiture totalisé compagnie d'assurance payé dac compte payé payé complet afficher le mauvais modèle signalé doit toujours une voiture plus des intérêts essayé de fonctionner correctement supprimer le rapport de crédit aider à supprimer les informations déposées valeur incorrecte possédée payée avoir déjà possédé des informations incorrectes fausses s'il vous plaît aider à supprimer le rapport d'assurance co réclamation payée complète,erreur_picking,moyenne
litige déposé concernant un article incorrect rapport de crédit et résultat de l'enquête reçu le jour même,erreur_picking,moyenne
litige déposé concernant un article incorrect rapport de crédit et résultat de l'enquête reçu le jour même,erreur_picking,moyenne
litige déposé concernant un article incorrect rapport de crédit et résultat de l'enquête reçu le jour même,erreur_picking,moyenne
litige déposé concernant un article incorrect rapport de crédit transunion jour de puits résultat reçu encore reçu résultat de l'enquête transunion,erreur_picking,moyenne
fait litige bureau de crédit concernant compte inexact bureau de crédit envoyé lettre indiquant compte contesté cependant rapport de compte correctement je suis confus vérifié incorrect envoyé lettre bureau demandant document contenu enquête basé sur fcra aujourd'hui reçu rapport d'information article incorrect reste toujours bureau suivant le protocole de conformité du métro,erreur_picking,moyenne
litige déposé concernant un article incorrect rapport de crédit bien reçu le jour du résultat de l'enquête Lobel Financial créancier initial,erreur_picking,moyenne
contacté contesté informations personnelles incorrectes fichier de divulgation du consommateur sagestream appelé à plusieurs reprises répondre au téléphone retour d'appel lettre de litige envoyée courrier certifié courrier certifié lettre récente reçue donner la loi date de réception résolution réponse lettre de litige point loi temps passé montrer vérification preuve enregistrement d'informations contesté article incorrect à supprimer,erreur_picking,moyenne
litige déposé se concentrer sur le service financier concernant deux articles incorrects rapport de crédit facture enrôlée envoyer de nombreuses lettres même le jour n'avait pas reçu le résultat de l'enquête,erreur_picking,moyenne
litige déposé concernant un article incorrect rapport de crédit et résultat de l'enquête reçu le jour même,erreur_picking,moyenne
litige déposé concernant un article incorrect rapport de crédit et résultat de l'enquête reçu le jour même,erreur_picking,moyenne
différend déposé auprès du bureau de crédit concernant un article incorrect rapport de crédit jour depuis la réception du litige résultat des commentaires,erreur_picking,moyenne
fait litige bureau de crédit concernant compte inexact bureau de crédit envoyé lettre indiquant compte contesté cependant rapport de compte correctement je suis confus vérifié incorrect envoyé lettre bureau demandant document contenu enquête basé sur fcra aujourd'hui reçu rapport d'information article incorrect reste toujours bureau suivant le protocole de conformité du métro,erreur_picking,moyenne
litige déposé concernant un article incorrect rapport de crédit et résultat de l'enquête reçu le jour même,erreur_picking,moyenne
hypothèque incluse chapitre faillite libérée bureau du syndic envoyé le paiement final a commencé à effectuer le paiement remarqué prêt rapide appliquer le paiement prêt fonds assis paiement partiel compte non appliqué première fois appelé prêt rapide a dit parlerait avocat faillite informé faillite libéré envoyé document de libération réclamation recevoir dit prendrait jour processus jour vu changement contacté envoyé imprimer paiement envoyé bureau du syndic totalisé paiement demandé compte appliqué dit bureau du syndic dire appliquer le fonds même envoyé lettre demandant compte corrigé également voulu impression détaillée paiement crédit l'année dernière semble erreur relevé de facturation rapport de crédit relevé fiscal annuel trois mois reçu année de réponse reçu un relevé fiscal différent accélérer le prêt incorrect relevé de facturation reçu aujourd'hui montrer devoir également montrer le solde non appliqué a commencé à interroger le compte d'erreur solde non appliqué signifie presque un an depuis le compte de paiement appliqué même demandé parler le service de faillite a dit autorisé parler rapport de crédit,erreur_picking,moyenne
litige déposé concernant un article incorrect rapport de crédit et résultat de l'enquête reçu le jour même,erreur_picking,moyenne
"litige déposé concernant un article incorrect, rapport de crédit, le jour même, je n'ai pas reçu le résultat de l'enquête",erreur_picking,moyenne
litige déposé concernant un article incorrect rapport de crédit et résultat de l'enquête reçu le jour même,erreur_picking,moyenne
rempli litige concernant un article incorrect rapport de crédit bien jour ne tient pas la loi répondant n'a pas reçu le résultat de l'enquête,erreur_picking,moyenne
litige déposé concernant un article incorrect rapport de crédit et résultat de l'enquête reçu le jour même,erreur_picking,moyenne
"litige déposé concernant un article incorrect, rapport de crédit, le jour même, je n'ai pas reçu le résultat de l'enquête",erreur_picking,moyenne
litige déposé concernant un article incorrect rapport de crédit et résultat de l'enquête reçu le jour même,erreur_picking,moyenne
litige déposé concernant un rapport de crédit d'article incorrect mais reçu une mise à jour concernant le résultat de l'enquête,erreur_picking,moyenne
lettre de litige déposée concernant un article incorrect rapport de crédit semaine jour reçu information résultat,erreur_picking,moyenne
litige déposé concernant un article incorrect rapport de crédit et résultat de l'enquête reçu le jour même,erreur_picking,moyenne
litige déposé concernant un article incorrect rapport de crédit et résultat de l'enquête reçu le jour même,erreur_picking,moyenne
litige déposé concernant un article incorrect rapport de crédit et résultat de l'enquête reçu le jour même,erreur_picking,moyenne
"litige déposé concernant un article incorrect, rapport de crédit, le jour même, je n'ai pas reçu le résultat de l'enquête",erreur_picking,moyenne
J'ai déposé un litige concernant un rapport de crédit d'article incorrect et je n'ai pas reçu le résultat de l'enquête.,erreur_picking,moyenne
lettre envoyée société contestant inconnu article incorrect répertorié rapport de crédit aujourd'hui encore reçu réponse sentiment de profiter du respect de la loi section fcra clairement déclaré échec enquêter sur l'article dans la journée donner la raison immédiatement supprimer l'article rapport de crédit jour supprimé immédiatement demander de l'aide cfpb société ordre compte inconnu supprimé immédiatement la société se conformer même aider le fichier cfpb litige concernant la situation de douleur de stress causé également informé les informations de l'entreprise impactées récente violation de données suspect contribué rapport d'article inexact,erreur_picking,critique
